seed,repetition,opponent,eleanor_avg,opponent_avg,margin
0,0,Cu,3.01,2.985,0.02499999999999991
0,0,Du,0.975,1.1,-0.1250000000000001
0,0,Tit For Tat,3.01,2.985,0.02499999999999991
0,0,spiteful,3.01,2.985,0.02499999999999991
0,0,soft_majo,3.01,2.985,0.02499999999999991
0,0,hard_majo,2.99,2.99,0.0
0,0,per_cd,2.685,1.31,1.375
0,0,per_ccd,3.29,1.19,2.1
0,0,per_ddc,2.29,0.765,1.525
0,0,mistrust,2.99,2.99,0.0
0,0,WSLS,3.01,2.985,0.02499999999999991
0,0,TFTT,3.01,2.985,0.02499999999999991
0,0,hard_tft,3.01,2.985,0.02499999999999991
0,0,slow_tft,3.01,2.985,0.02499999999999991
0,0,GrdTFT,3.01,2.985,0.02499999999999991
0,0,prober,3.005,2.98,0.02499999999999991
0,0,mem2,3.01,2.985,0.02499999999999991
0,0,grok:grok-3-mini,3.01,2.985,0.02499999999999991
0,0,Tideman & Chieruzzi,2.975,3.0,-0.02499999999999991
0,0,Nydegger,3.01,2.985,0.02499999999999991
0,0,Grofman,3.01,2.985,0.02499999999999991
0,0,Shubik,3.01,2.985,0.02499999999999991
0,0,Stein & Rapoport: 0.05,2.975,3.0,-0.02499999999999991
0,0,GRIM,3.01,2.985,0.02499999999999991
0,0,Davis: 10,3.01,2.985,0.02499999999999991
0,0,Graaskamp: 0.05,3.34,2.29,1.0499999999999998
0,0,Downing,1.125,1.05,0.07499999999999996
0,0,"Feld: 1.0, 0.5, 200",1.785,2.16,-0.3750000000000002
0,0,Joss: 0.9,1.285,1.46,-0.17500000000000004
0,0,Tullock,1.835,1.885,-0.050000000000000044
0,0,Anonymous,2.755,0.73,2.025
0,0,Random: 0.5,2.885,0.61,2.275
0,1,Cu,3.01,2.985,0.02499999999999991
0,1,Du,0.975,1.1,-0.1250000000000001
0,1,Tit For Tat,3.01,2.985,0.02499999999999991
0,1,spiteful,3.01,2.985,0.02499999999999991
0,1,soft_majo,3.01,2.985,0.02499999999999991
0,1,hard_majo,2.99,2.99,0.0
0,1,per_cd,2.685,1.31,1.375
0,1,per_ccd,3.29,1.19,2.1
0,1,per_ddc,2.29,0.765,1.525
0,1,mistrust,2.99,2.99,0.0
0,1,WSLS,3.01,2.985,0.02499999999999991
0,1,TFTT,3.01,2.985,0.02499999999999991
0,1,hard_tft,3.01,2.985,0.02499999999999991
0,1,slow_tft,3.01,2.985,0.02499999999999991
0,1,GrdTFT,3.01,2.985,0.02499999999999991
0,1,prober,3.005,2.98,0.02499999999999991
0,1,mem2,3.01,2.985,0.02499999999999991
0,1,grok:grok-3-mini,3.01,2.985,0.02499999999999991
0,1,Tideman & Chieruzzi,2.975,3.0,-0.02499999999999991
0,1,Nydegger,3.01,2.985,0.02499999999999991
0,1,Grofman,3.01,2.985,0.02499999999999991
0,1,Shubik,3.01,2.985,0.02499999999999991
0,1,Stein & Rapoport: 0.05,2.975,3.0,-0.02499999999999991
0,1,GRIM,3.01,2.985,0.02499999999999991
0,1,Davis: 10,3.01,2.985,0.02499999999999991
0,1,Graaskamp: 0.05,3.51,1.985,1.5249999999999997
0,1,Downing,1.125,1.05,0.07499999999999996
0,1,"Feld: 1.0, 0.5, 200",1.965,2.39,-0.42500000000000004
0,1,Joss: 0.9,2.085,2.385,-0.2999999999999998
0,1,Tullock,1.265,1.315,-0.050000000000000044
0,1,Anonymous,2.585,1.335,1.25
0,1,Random: 0.5,2.69,1.44,1.25
0,2,Cu,3.01,2.985,0.02499999999999991
0,2,Du,0.975,1.1,-0.1250000000000001
0,2,Tit For Tat,3.01,2.985,0.02499999999999991
0,2,spiteful,3.01,2.985,0.02499999999999991
0,2,soft_majo,3.01,2.985,0.02499999999999991
0,2,hard_majo,2.99,2.99,0.0
0,2,per_cd,2.685,1.31,1.375
0,2,per_ccd,3.29,1.19,2.1
0,2,per_ddc,2.29,0.765,1.525
0,2,mistrust,2.99,2.99,0.0
0,2,WSLS,3.01,2.985,0.02499999999999991
0,2,TFTT,3.01,2.985,0.02499999999999991
0,2,hard_tft,3.01,2.985,0.02499999999999991
0,2,slow_tft,3.01,2.985,0.02499999999999991
0,2,GrdTFT,3.01,2.985,0.02499999999999991
0,2,prober,3.005,2.98,0.02499999999999991
0,2,mem2,3.01,2.985,0.02499999999999991
0,2,grok:grok-3-mini,3.01,2.985,0.02499999999999991
0,2,Tideman & Chieruzzi,2.975,3.0,-0.02499999999999991
0,2,Nydegger,3.01,2.985,0.02499999999999991
0,2,Grofman,3.01,2.985,0.02499999999999991
0,2,Shubik,3.01,2.985,0.02499999999999991
0,2,Stein & Rapoport: 0.05,2.975,3.0,-0.02499999999999991
0,2,GRIM,3.01,2.985,0.02499999999999991
0,2,Davis: 10,3.01,2.985,0.02499999999999991
0,2,Graaskamp: 0.05,3.435,2.135,1.3000000000000003
0,2,Downing,1.125,1.05,0.07499999999999996
0,2,"Feld: 1.0, 0.5, 200",1.33,1.53,-0.19999999999999996
0,2,Joss: 0.9,2.36,2.585,-0.2250000000000001
0,2,Tullock,1.51,1.56,-0.050000000000000044
0,2,Anonymous,2.665,0.665,2.0
0,2,Random: 0.5,2.7,0.75,1.9500000000000002
0,3,Cu,3.01,2.985,0.02499999999999991
0,3,Du,0.975,1.1,-0.1250000000000001
0,3,Tit For Tat,3.01,2.985,0.02499999999999991
0,3,spiteful,3.01,2.985,0.02499999999999991
0,3,soft_majo,3.01,2.985,0.02499999999999991
0,3,hard_majo,2.99,2.99,0.0
0,3,per_cd,2.685,1.31,1.375
0,3,per_ccd,3.29,1.19,2.1
0,3,per_ddc,2.29,0.765,1.525
0,3,mistrust,2.99,2.99,0.0
0,3,WSLS,3.01,2.985,0.02499999999999991
0,3,TFTT,3.01,2.985,0.02499999999999991
0,3,hard_tft,3.01,2.985,0.02499999999999991
0,3,slow_tft,3.01,2.985,0.02499999999999991
0,3,GrdTFT,3.01,2.985,0.02499999999999991
0,3,prober,3.005,2.98,0.02499999999999991
0,3,mem2,3.01,2.985,0.02499999999999991
0,3,grok:grok-3-mini,3.01,2.985,0.02499999999999991
0,3,Tideman & Chieruzzi,2.975,3.0,-0.02499999999999991
0,3,Nydegger,3.01,2.985,0.02499999999999991
0,3,Grofman,3.01,2.985,0.02499999999999991
0,3,Shubik,3.01,2.985,0.02499999999999991
0,3,Stein & Rapoport: 0.05,2.975,3.0,-0.02499999999999991
0,3,GRIM,3.01,2.985,0.02499999999999991
0,3,Davis: 10,3.01,2.985,0.02499999999999991
0,3,Graaskamp: 0.05,3.46,2.135,1.3250000000000002
0,3,Downing,1.125,1.05,0.07499999999999996
0,3,"Feld: 1.0, 0.5, 200",1.785,2.135,-0.34999999999999987
0,3,Joss: 0.9,2.43,2.68,-0.25
0,3,Tullock,1.44,1.415,0.02499999999999991
0,3,Anonymous,3.05,0.575,2.4749999999999996
0,3,Random: 0.5,2.885,0.685,2.1999999999999997
0,4,Cu,3.01,2.985,0.02499999999999991
0,4,Du,0.975,1.1,-0.1250000000000001
0,4,Tit For Tat,3.01,2.985,0.02499999999999991
0,4,spiteful,3.01,2.985,0.02499999999999991
0,4,soft_majo,3.01,2.985,0.02499999999999991
0,4,hard_majo,2.99,2.99,0.0
0,4,per_cd,2.685,1.31,1.375
0,4,per_ccd,3.29,1.19,2.1
0,4,per_ddc,2.29,0.765,1.525
0,4,mistrust,2.99,2.99,0.0
0,4,WSLS,3.01,2.985,0.02499999999999991
0,4,TFTT,3.01,2.985,0.02499999999999991
0,4,hard_tft,3.01,2.985,0.02499999999999991
0,4,slow_tft,3.01,2.985,0.02499999999999991
0,4,GrdTFT,3.01,2.985,0.02499999999999991
0,4,prober,3.005,2.98,0.02499999999999991
0,4,mem2,3.01,2.985,0.02499999999999991
0,4,grok:grok-3-mini,3.01,2.985,0.02499999999999991
0,4,Tideman & Chieruzzi,2.975,3.0,-0.02499999999999991
0,4,Nydegger,3.01,2.985,0.02499999999999991
0,4,Grofman,3.01,2.985,0.02499999999999991
0,4,Shubik,3.01,2.985,0.02499999999999991
0,4,Stein & Rapoport: 0.05,2.975,3.0,-0.02499999999999991
0,4,GRIM,3.01,2.985,0.02499999999999991
0,4,Davis: 10,3.01,2.985,0.02499999999999991
0,4,Graaskamp: 0.05,3.495,2.02,1.475
0,4,Downing,1.125,1.05,0.07499999999999996
0,4,"Feld: 1.0, 0.5, 200",1.695,2.045,-0.34999999999999987
0,4,Joss: 0.9,2.275,2.525,-0.25
0,4,Tullock,1.385,1.36,0.02499999999999991
0,4,Anonymous,2.96,0.66,2.3
0,4,Random: 0.5,2.93,0.605,2.325
0,5,Cu,3.01,2.985,0.02499999999999991
0,5,Du,0.975,1.1,-0.1250000000000001
0,5,Tit For Tat,3.01,2.985,0.02499999999999991
0,5,spiteful,3.01,2.985,0.02499999999999991
0,5,soft_majo,3.01,2.985,0.02499999999999991
0,5,hard_majo,2.99,2.99,0.0
0,5,per_cd,2.685,1.31,1.375
0,5,per_ccd,3.29,1.19,2.1
0,5,per_ddc,2.29,0.765,1.525
0,5,mistrust,2.99,2.99,0.0
0,5,WSLS,3.01,2.985,0.02499999999999991
0,5,TFTT,3.01,2.985,0.02499999999999991
0,5,hard_tft,3.01,2.985,0.02499999999999991
0,5,slow_tft,3.01,2.985,0.02499999999999991
0,5,GrdTFT,3.01,2.985,0.02499999999999991
0,5,prober,3.005,2.98,0.02499999999999991
0,5,mem2,3.01,2.985,0.02499999999999991
0,5,grok:grok-3-mini,3.01,2.985,0.02499999999999991
0,5,Tideman & Chieruzzi,2.975,3.0,-0.02499999999999991
0,5,Nydegger,3.01,2.985,0.02499999999999991
0,5,Grofman,3.01,2.985,0.02499999999999991
0,5,Shubik,3.01,2.985,0.02499999999999991
0,5,Stein & Rapoport: 0.05,2.975,3.0,-0.02499999999999991
0,5,GRIM,3.01,2.985,0.02499999999999991
0,5,Davis: 10,3.01,2.985,0.02499999999999991
0,5,Graaskamp: 0.05,3.515,1.99,1.5250000000000001
0,5,Downing,1.125,1.05,0.07499999999999996
0,5,"Feld: 1.0, 0.5, 200",1.675,1.95,-0.2749999999999999
0,5,Joss: 0.9,2.22,2.495,-0.2749999999999999
0,5,Tullock,1.54,1.615,-0.07499999999999996
0,5,Anonymous,2.825,0.625,2.2
0,5,Random: 0.5,2.995,0.67,2.325
0,6,Cu,3.01,2.985,0.02499999999999991
0,6,Du,0.975,1.1,-0.1250000000000001
0,6,Tit For Tat,3.01,2.985,0.02499999999999991
0,6,spiteful,3.01,2.985,0.02499999999999991
0,6,soft_majo,3.01,2.985,0.02499999999999991
0,6,hard_majo,2.99,2.99,0.0
0,6,per_cd,2.685,1.31,1.375
0,6,per_ccd,3.29,1.19,2.1
0,6,per_ddc,2.29,0.765,1.525
0,6,mistrust,2.99,2.99,0.0
0,6,WSLS,3.01,2.985,0.02499999999999991
0,6,TFTT,3.01,2.985,0.02499999999999991
0,6,hard_tft,3.01,2.985,0.02499999999999991
0,6,slow_tft,3.01,2.985,0.02499999999999991
0,6,GrdTFT,3.01,2.985,0.02499999999999991
0,6,prober,3.005,2.98,0.02499999999999991
0,6,mem2,3.01,2.985,0.02499999999999991
0,6,grok:grok-3-mini,3.01,2.985,0.02499999999999991
0,6,Tideman & Chieruzzi,2.975,3.0,-0.02499999999999991
0,6,Nydegger,3.01,2.985,0.02499999999999991
0,6,Grofman,3.01,2.985,0.02499999999999991
0,6,Shubik,3.01,2.985,0.02499999999999991
0,6,Stein & Rapoport: 0.05,2.975,3.0,-0.02499999999999991
0,6,GRIM,3.01,2.985,0.02499999999999991
0,6,Davis: 10,3.01,2.985,0.02499999999999991
0,6,Graaskamp: 0.05,3.4,2.175,1.225
0,6,Downing,1.125,1.05,0.07499999999999996
0,6,"Feld: 1.0, 0.5, 200",1.715,1.99,-0.2749999999999999
0,6,Joss: 0.9,2.305,2.605,-0.2999999999999998
0,6,Tullock,1.345,1.495,-0.15000000000000013
0,6,Anonymous,2.955,0.655,2.3
0,6,Random: 0.5,2.865,1.315,1.5500000000000003
0,7,Cu,3.01,2.985,0.02499999999999991
0,7,Du,0.975,1.1,-0.1250000000000001
0,7,Tit For Tat,3.01,2.985,0.02499999999999991
0,7,spiteful,3.01,2.985,0.02499999999999991
0,7,soft_majo,3.01,2.985,0.02499999999999991
0,7,hard_majo,2.99,2.99,0.0
0,7,per_cd,2.685,1.31,1.375
0,7,per_ccd,3.29,1.19,2.1
0,7,per_ddc,2.29,0.765,1.525
0,7,mistrust,2.99,2.99,0.0
0,7,WSLS,3.01,2.985,0.02499999999999991
0,7,TFTT,3.01,2.985,0.02499999999999991
0,7,hard_tft,3.01,2.985,0.02499999999999991
0,7,slow_tft,3.01,2.985,0.02499999999999991
0,7,GrdTFT,3.01,2.985,0.02499999999999991
0,7,prober,3.005,2.98,0.02499999999999991
0,7,mem2,3.01,2.985,0.02499999999999991
0,7,grok:grok-3-mini,3.01,2.985,0.02499999999999991
0,7,Tideman & Chieruzzi,2.975,3.0,-0.02499999999999991
0,7,Nydegger,3.01,2.985,0.02499999999999991
0,7,Grofman,3.01,2.985,0.02499999999999991
0,7,Shubik,3.01,2.985,0.02499999999999991
0,7,Stein & Rapoport: 0.05,2.975,3.0,-0.02499999999999991
0,7,GRIM,3.01,2.985,0.02499999999999991
0,7,Davis: 10,3.01,2.985,0.02499999999999991
0,7,Graaskamp: 0.05,3.41,2.135,1.2750000000000004
0,7,Downing,1.125,1.05,0.07499999999999996
0,7,"Feld: 1.0, 0.5, 200",2.025,2.4,-0.375
0,7,Joss: 0.9,1.395,1.595,-0.19999999999999996
0,7,Tullock,1.485,1.485,0.0
0,7,Anonymous,2.97,0.745,2.225
0,7,Random: 0.5,3.01,0.585,2.425
0,8,Cu,3.01,2.985,0.02499999999999991
0,8,Du,0.975,1.1,-0.1250000000000001
0,8,Tit For Tat,3.01,2.985,0.02499999999999991
0,8,spiteful,3.01,2.985,0.02499999999999991
0,8,soft_majo,3.01,2.985,0.02499999999999991
0,8,hard_majo,2.99,2.99,0.0
0,8,per_cd,2.685,1.31,1.375
0,8,per_ccd,3.29,1.19,2.1
0,8,per_ddc,2.29,0.765,1.525
0,8,mistrust,2.99,2.99,0.0
0,8,WSLS,3.01,2.985,0.02499999999999991
0,8,TFTT,3.01,2.985,0.02499999999999991
0,8,hard_tft,3.01,2.985,0.02499999999999991
0,8,slow_tft,3.01,2.985,0.02499999999999991
0,8,GrdTFT,3.01,2.985,0.02499999999999991
0,8,prober,3.005,2.98,0.02499999999999991
0,8,mem2,3.01,2.985,0.02499999999999991
0,8,grok:grok-3-mini,3.01,2.985,0.02499999999999991
0,8,Tideman & Chieruzzi,2.975,3.0,-0.02499999999999991
0,8,Nydegger,3.01,2.985,0.02499999999999991
0,8,Grofman,3.01,2.985,0.02499999999999991
0,8,Shubik,3.01,2.985,0.02499999999999991
0,8,Stein & Rapoport: 0.05,2.975,3.0,-0.02499999999999991
0,8,GRIM,3.01,2.985,0.02499999999999991
0,8,Davis: 10,3.01,2.985,0.02499999999999991
0,8,Graaskamp: 0.05,3.435,2.135,1.3000000000000003
0,8,Downing,1.125,1.05,0.07499999999999996
0,8,"Feld: 1.0, 0.5, 200",1.865,2.215,-0.34999999999999987
0,8,Joss: 0.9,2.215,2.515,-0.30000000000000027
0,8,Tullock,1.4,1.4,0.0
0,8,Anonymous,2.75,0.65,2.1
0,8,Random: 0.5,2.83,0.63,2.2
0,9,Cu,3.01,2.985,0.02499999999999991
0,9,Du,0.975,1.1,-0.1250000000000001
0,9,Tit For Tat,3.01,2.985,0.02499999999999991
0,9,spiteful,3.01,2.985,0.02499999999999991
0,9,soft_majo,3.01,2.985,0.02499999999999991
0,9,hard_majo,2.99,2.99,0.0
0,9,per_cd,2.685,1.31,1.375
0,9,per_ccd,3.29,1.19,2.1
0,9,per_ddc,2.29,0.765,1.525
0,9,mistrust,2.99,2.99,0.0
0,9,WSLS,3.01,2.985,0.02499999999999991
0,9,TFTT,3.01,2.985,0.02499999999999991
0,9,hard_tft,3.01,2.985,0.02499999999999991
0,9,slow_tft,3.01,2.985,0.02499999999999991
0,9,GrdTFT,3.01,2.985,0.02499999999999991
0,9,prober,3.005,2.98,0.02499999999999991
0,9,mem2,3.01,2.985,0.02499999999999991
0,9,grok:grok-3-mini,3.01,2.985,0.02499999999999991
0,9,Tideman & Chieruzzi,2.975,3.0,-0.02499999999999991
0,9,Nydegger,3.01,2.985,0.02499999999999991
0,9,Grofman,3.01,2.985,0.02499999999999991
0,9,Shubik,3.01,2.985,0.02499999999999991
0,9,Stein & Rapoport: 0.05,2.975,3.0,-0.02499999999999991
0,9,GRIM,3.01,2.985,0.02499999999999991
0,9,Davis: 10,3.01,2.985,0.02499999999999991
0,9,Graaskamp: 0.05,3.34,2.29,1.0499999999999998
0,9,Downing,1.125,1.05,0.07499999999999996
0,9,"Feld: 1.0, 0.5, 200",1.65,1.925,-0.27500000000000013
0,9,Joss: 0.9,2.445,2.67,-0.2250000000000001
0,9,Tullock,1.365,1.415,-0.050000000000000044
0,9,Anonymous,3.07,0.57,2.5
0,9,Random: 0.5,2.76,1.11,1.6499999999999997
0,10,Cu,3.01,2.985,0.02499999999999991
0,10,Du,0.975,1.1,-0.1250000000000001
0,10,Tit For Tat,3.01,2.985,0.02499999999999991
0,10,spiteful,3.01,2.985,0.02499999999999991
0,10,soft_majo,3.01,2.985,0.02499999999999991
0,10,hard_majo,2.99,2.99,0.0
0,10,per_cd,2.685,1.31,1.375
0,10,per_ccd,3.29,1.19,2.1
0,10,per_ddc,2.29,0.765,1.525
0,10,mistrust,2.99,2.99,0.0
0,10,WSLS,3.01,2.985,0.02499999999999991
0,10,TFTT,3.01,2.985,0.02499999999999991
0,10,hard_tft,3.01,2.985,0.02499999999999991
0,10,slow_tft,3.01,2.985,0.02499999999999991
0,10,GrdTFT,3.01,2.985,0.02499999999999991
0,10,prober,3.005,2.98,0.02499999999999991
0,10,mem2,3.01,2.985,0.02499999999999991
0,10,grok:grok-3-mini,3.01,2.985,0.02499999999999991
0,10,Tideman & Chieruzzi,2.975,3.0,-0.02499999999999991
0,10,Nydegger,3.01,2.985,0.02499999999999991
0,10,Grofman,3.01,2.985,0.02499999999999991
0,10,Shubik,3.01,2.985,0.02499999999999991
0,10,Stein & Rapoport: 0.05,2.975,3.0,-0.02499999999999991
0,10,GRIM,3.01,2.985,0.02499999999999991
0,10,Davis: 10,3.01,2.985,0.02499999999999991
0,10,Graaskamp: 0.05,3.335,2.285,1.0499999999999998
0,10,Downing,1.125,1.05,0.07499999999999996
0,10,"Feld: 1.0, 0.5, 200",2.03,2.405,-0.375
0,10,Joss: 0.9,1.485,1.71,-0.22499999999999987
0,10,Tullock,1.775,1.95,-0.17500000000000004
0,10,Anonymous,3.08,0.63,2.45
0,10,Random: 0.5,2.87,0.67,2.2
0,11,Cu,3.01,2.985,0.02499999999999991
0,11,Du,0.975,1.1,-0.1250000000000001
0,11,Tit For Tat,3.01,2.985,0.02499999999999991
0,11,spiteful,3.01,2.985,0.02499999999999991
0,11,soft_majo,3.01,2.985,0.02499999999999991
0,11,hard_majo,2.99,2.99,0.0
0,11,per_cd,2.685,1.31,1.375
0,11,per_ccd,3.29,1.19,2.1
0,11,per_ddc,2.29,0.765,1.525
0,11,mistrust,2.99,2.99,0.0
0,11,WSLS,3.01,2.985,0.02499999999999991
0,11,TFTT,3.01,2.985,0.02499999999999991
0,11,hard_tft,3.01,2.985,0.02499999999999991
0,11,slow_tft,3.01,2.985,0.02499999999999991
0,11,GrdTFT,3.01,2.985,0.02499999999999991
0,11,prober,3.005,2.98,0.02499999999999991
0,11,mem2,3.01,2.985,0.02499999999999991
0,11,grok:grok-3-mini,3.01,2.985,0.02499999999999991
0,11,Tideman & Chieruzzi,2.975,3.0,-0.02499999999999991
0,11,Nydegger,3.01,2.985,0.02499999999999991
0,11,Grofman,3.01,2.985,0.02499999999999991
0,11,Shubik,3.01,2.985,0.02499999999999991
0,11,Stein & Rapoport: 0.05,2.975,3.0,-0.02499999999999991
0,11,GRIM,3.01,2.985,0.02499999999999991
0,11,Davis: 10,3.01,2.985,0.02499999999999991
0,11,Graaskamp: 0.05,3.48,2.03,1.4500000000000002
0,11,Downing,1.125,1.05,0.07499999999999996
0,11,"Feld: 1.0, 0.5, 200",1.565,1.79,-0.2250000000000001
0,11,Joss: 0.9,1.735,2.01,-0.2749999999999997
0,11,Tullock,1.605,1.68,-0.07499999999999996
0,11,Anonymous,2.885,0.61,2.275
0,11,Random: 0.5,2.38,1.48,0.8999999999999999
0,12,Cu,3.01,2.985,0.02499999999999991
0,12,Du,0.975,1.1,-0.1250000000000001
0,12,Tit For Tat,3.01,2.985,0.02499999999999991
0,12,spiteful,3.01,2.985,0.02499999999999991
0,12,soft_majo,3.01,2.985,0.02499999999999991
0,12,hard_majo,2.99,2.99,0.0
0,12,per_cd,2.685,1.31,1.375
0,12,per_ccd,3.29,1.19,2.1
0,12,per_ddc,2.29,0.765,1.525
0,12,mistrust,2.99,2.99,0.0
0,12,WSLS,3.01,2.985,0.02499999999999991
0,12,TFTT,3.01,2.985,0.02499999999999991
0,12,hard_tft,3.01,2.985,0.02499999999999991
0,12,slow_tft,3.01,2.985,0.02499999999999991
0,12,GrdTFT,3.01,2.985,0.02499999999999991
0,12,prober,3.005,2.98,0.02499999999999991
0,12,mem2,3.01,2.985,0.02499999999999991
0,12,grok:grok-3-mini,3.01,2.985,0.02499999999999991
0,12,Tideman & Chieruzzi,2.975,3.0,-0.02499999999999991
0,12,Nydegger,3.01,2.985,0.02499999999999991
0,12,Grofman,3.01,2.985,0.02499999999999991
0,12,Shubik,3.01,2.985,0.02499999999999991
0,12,Stein & Rapoport: 0.05,2.975,3.0,-0.02499999999999991
0,12,GRIM,3.01,2.985,0.02499999999999991
0,12,Davis: 10,3.01,2.985,0.02499999999999991
0,12,Graaskamp: 0.05,3.395,2.145,1.25
0,12,Downing,1.125,1.05,0.07499999999999996
0,12,"Feld: 1.0, 0.5, 200",1.835,2.235,-0.3999999999999999
0,12,Joss: 0.9,1.415,1.59,-0.17500000000000004
0,12,Tullock,1.565,1.465,0.09999999999999987
0,12,Anonymous,2.87,0.62,2.25
0,12,Random: 0.5,3.095,0.57,2.5250000000000004
0,13,Cu,3.01,2.985,0.02499999999999991
0,13,Du,0.975,1.1,-0.1250000000000001
0,13,Tit For Tat,3.01,2.985,0.02499999999999991
0,13,spiteful,3.01,2.985,0.02499999999999991
0,13,soft_majo,3.01,2.985,0.02499999999999991
0,13,hard_majo,2.99,2.99,0.0
0,13,per_cd,2.685,1.31,1.375
0,13,per_ccd,3.29,1.19,2.1
0,13,per_ddc,2.29,0.765,1.525
0,13,mistrust,2.99,2.99,0.0
0,13,WSLS,3.01,2.985,0.02499999999999991
0,13,TFTT,3.01,2.985,0.02499999999999991
0,13,hard_tft,3.01,2.985,0.02499999999999991
0,13,slow_tft,3.01,2.985,0.02499999999999991
0,13,GrdTFT,3.01,2.985,0.02499999999999991
0,13,prober,3.005,2.98,0.02499999999999991
0,13,mem2,3.01,2.985,0.02499999999999991
0,13,grok:grok-3-mini,3.01,2.985,0.02499999999999991
0,13,Tideman & Chieruzzi,2.975,3.0,-0.02499999999999991
0,13,Nydegger,3.01,2.985,0.02499999999999991
0,13,Grofman,3.01,2.985,0.02499999999999991
0,13,Shubik,3.01,2.985,0.02499999999999991
0,13,Stein & Rapoport: 0.05,2.975,3.0,-0.02499999999999991
0,13,GRIM,3.01,2.985,0.02499999999999991
0,13,Davis: 10,3.01,2.985,0.02499999999999991
0,13,Graaskamp: 0.05,3.425,2.15,1.275
0,13,Downing,1.125,1.05,0.07499999999999996
0,13,"Feld: 1.0, 0.5, 200",1.645,1.945,-0.30000000000000004
0,13,Joss: 0.9,2.2,2.5,-0.2999999999999998
0,13,Tullock,1.37,1.37,0.0
0,13,Anonymous,2.685,0.66,2.025
0,13,Random: 0.5,2.905,0.63,2.275
0,14,Cu,3.01,2.985,0.02499999999999991
0,14,Du,0.975,1.1,-0.1250000000000001
0,14,Tit For Tat,3.01,2.985,0.02499999999999991
0,14,spiteful,3.01,2.985,0.02499999999999991
0,14,soft_majo,3.01,2.985,0.02499999999999991
0,14,hard_majo,2.99,2.99,0.0
0,14,per_cd,2.685,1.31,1.375
0,14,per_ccd,3.29,1.19,2.1
0,14,per_ddc,2.29,0.765,1.525
0,14,mistrust,2.99,2.99,0.0
0,14,WSLS,3.01,2.985,0.02499999999999991
0,14,TFTT,3.01,2.985,0.02499999999999991
0,14,hard_tft,3.01,2.985,0.02499999999999991
0,14,slow_tft,3.01,2.985,0.02499999999999991
0,14,GrdTFT,3.01,2.985,0.02499999999999991
0,14,prober,3.005,2.98,0.02499999999999991
0,14,mem2,3.01,2.985,0.02499999999999991
0,14,grok:grok-3-mini,3.01,2.985,0.02499999999999991
0,14,Tideman & Chieruzzi,2.975,3.0,-0.02499999999999991
0,14,Nydegger,3.01,2.985,0.02499999999999991
0,14,Grofman,3.01,2.985,0.02499999999999991
0,14,Shubik,3.01,2.985,0.02499999999999991
0,14,Stein & Rapoport: 0.05,2.975,3.0,-0.02499999999999991
0,14,GRIM,3.01,2.985,0.02499999999999991
0,14,Davis: 10,3.01,2.985,0.02499999999999991
0,14,Graaskamp: 0.05,3.475,2.05,1.4250000000000003
0,14,Downing,1.125,1.05,0.07499999999999996
0,14,"Feld: 1.0, 0.5, 200",1.845,2.17,-0.32499999999999996
0,14,Joss: 0.9,2.225,2.5,-0.2749999999999999
0,14,Tullock,1.335,1.41,-0.07499999999999996
0,14,Anonymous,2.76,1.46,1.2999999999999998
0,14,Random: 0.5,2.785,0.635,2.1500000000000004
0,15,Cu,3.01,2.985,0.02499999999999991
0,15,Du,0.975,1.1,-0.1250000000000001
0,15,Tit For Tat,3.01,2.985,0.02499999999999991
0,15,spiteful,3.01,2.985,0.02499999999999991
0,15,soft_majo,3.01,2.985,0.02499999999999991
0,15,hard_majo,2.99,2.99,0.0
0,15,per_cd,2.685,1.31,1.375
0,15,per_ccd,3.29,1.19,2.1
0,15,per_ddc,2.29,0.765,1.525
0,15,mistrust,2.99,2.99,0.0
0,15,WSLS,3.01,2.985,0.02499999999999991
0,15,TFTT,3.01,2.985,0.02499999999999991
0,15,hard_tft,3.01,2.985,0.02499999999999991
0,15,slow_tft,3.01,2.985,0.02499999999999991
0,15,GrdTFT,3.01,2.985,0.02499999999999991
0,15,prober,3.005,2.98,0.02499999999999991
0,15,mem2,3.01,2.985,0.02499999999999991
0,15,grok:grok-3-mini,3.01,2.985,0.02499999999999991
0,15,Tideman & Chieruzzi,2.975,3.0,-0.02499999999999991
0,15,Nydegger,3.01,2.985,0.02499999999999991
0,15,Grofman,3.01,2.985,0.02499999999999991
0,15,Shubik,3.01,2.985,0.02499999999999991
0,15,Stein & Rapoport: 0.05,2.975,3.0,-0.02499999999999991
0,15,GRIM,3.01,2.985,0.02499999999999991
0,15,Davis: 10,3.01,2.985,0.02499999999999991
0,15,Graaskamp: 0.05,3.435,2.135,1.3000000000000003
0,15,Downing,1.125,1.05,0.07499999999999996
0,15,"Feld: 1.0, 0.5, 200",1.705,1.98,-0.2749999999999999
0,15,Joss: 0.9,2.22,2.495,-0.2749999999999999
0,15,Tullock,1.31,1.36,-0.050000000000000044
0,15,Anonymous,2.86,0.66,2.1999999999999997
0,15,Random: 0.5,2.66,1.31,1.35
0,16,Cu,3.01,2.985,0.02499999999999991
0,16,Du,0.975,1.1,-0.1250000000000001
0,16,Tit For Tat,3.01,2.985,0.02499999999999991
0,16,spiteful,3.01,2.985,0.02499999999999991
0,16,soft_majo,3.01,2.985,0.02499999999999991
0,16,hard_majo,2.99,2.99,0.0
0,16,per_cd,2.685,1.31,1.375
0,16,per_ccd,3.29,1.19,2.1
0,16,per_ddc,2.29,0.765,1.525
0,16,mistrust,2.99,2.99,0.0
0,16,WSLS,3.01,2.985,0.02499999999999991
0,16,TFTT,3.01,2.985,0.02499999999999991
0,16,hard_tft,3.01,2.985,0.02499999999999991
0,16,slow_tft,3.01,2.985,0.02499999999999991
0,16,GrdTFT,3.01,2.985,0.02499999999999991
0,16,prober,3.005,2.98,0.02499999999999991
0,16,mem2,3.01,2.985,0.02499999999999991
0,16,grok:grok-3-mini,3.01,2.985,0.02499999999999991
0,16,Tideman & Chieruzzi,2.975,3.0,-0.02499999999999991
0,16,Nydegger,3.01,2.985,0.02499999999999991
0,16,Grofman,3.01,2.985,0.02499999999999991
0,16,Shubik,3.01,2.985,0.02499999999999991
0,16,Stein & Rapoport: 0.05,2.975,3.0,-0.02499999999999991
0,16,GRIM,3.01,2.985,0.02499999999999991
0,16,Davis: 10,3.01,2.985,0.02499999999999991
0,16,Graaskamp: 0.05,3.41,2.135,1.2750000000000004
0,16,Downing,1.125,1.05,0.07499999999999996
0,16,"Feld: 1.0, 0.5, 200",1.935,2.36,-0.4249999999999998
0,16,Joss: 0.9,1.675,1.975,-0.30000000000000004
0,16,Tullock,1.33,1.53,-0.19999999999999996
0,16,Anonymous,3.105,0.555,2.55
0,16,Random: 0.5,2.985,0.785,2.1999999999999997
0,17,Cu,3.01,2.985,0.02499999999999991
0,17,Du,0.975,1.1,-0.1250000000000001
0,17,Tit For Tat,3.01,2.985,0.02499999999999991
0,17,spiteful,3.01,2.985,0.02499999999999991
0,17,soft_majo,3.01,2.985,0.02499999999999991
0,17,hard_majo,2.99,2.99,0.0
0,17,per_cd,2.685,1.31,1.375
0,17,per_ccd,3.29,1.19,2.1
0,17,per_ddc,2.29,0.765,1.525
0,17,mistrust,2.99,2.99,0.0
0,17,WSLS,3.01,2.985,0.02499999999999991
0,17,TFTT,3.01,2.985,0.02499999999999991
0,17,hard_tft,3.01,2.985,0.02499999999999991
0,17,slow_tft,3.01,2.985,0.02499999999999991
0,17,GrdTFT,3.01,2.985,0.02499999999999991
0,17,prober,3.005,2.98,0.02499999999999991
0,17,mem2,3.01,2.985,0.02499999999999991
0,17,grok:grok-3-mini,3.01,2.985,0.02499999999999991
0,17,Tideman & Chieruzzi,2.975,3.0,-0.02499999999999991
0,17,Nydegger,3.01,2.985,0.02499999999999991
0,17,Grofman,3.01,2.985,0.02499999999999991
0,17,Shubik,3.01,2.985,0.02499999999999991
0,17,Stein & Rapoport: 0.05,2.975,3.0,-0.02499999999999991
0,17,GRIM,3.01,2.985,0.02499999999999991
0,17,Davis: 10,3.01,2.985,0.02499999999999991
0,17,Graaskamp: 0.05,3.405,2.105,1.2999999999999998
0,17,Downing,1.125,1.05,0.07499999999999996
0,17,"Feld: 1.0, 0.5, 200",1.9,2.2,-0.30000000000000027
0,17,Joss: 0.9,2.175,2.45,-0.27500000000000036
0,17,Tullock,1.435,1.435,0.0
0,17,Anonymous,2.815,0.665,2.15
0,17,Random: 0.5,3.075,0.575,2.5
0,18,Cu,3.01,2.985,0.02499999999999991
0,18,Du,0.975,1.1,-0.1250000000000001
0,18,Tit For Tat,3.01,2.985,0.02499999999999991
0,18,spiteful,3.01,2.985,0.02499999999999991
0,18,soft_majo,3.01,2.985,0.02499999999999991
0,18,hard_majo,2.99,2.99,0.0
0,18,per_cd,2.685,1.31,1.375
0,18,per_ccd,3.29,1.19,2.1
0,18,per_ddc,2.29,0.765,1.525
0,18,mistrust,2.99,2.99,0.0
0,18,WSLS,3.01,2.985,0.02499999999999991
0,18,TFTT,3.01,2.985,0.02499999999999991
0,18,hard_tft,3.01,2.985,0.02499999999999991
0,18,slow_tft,3.01,2.985,0.02499999999999991
0,18,GrdTFT,3.01,2.985,0.02499999999999991
0,18,prober,3.005,2.98,0.02499999999999991
0,18,mem2,3.01,2.985,0.02499999999999991
0,18,grok:grok-3-mini,3.01,2.985,0.02499999999999991
0,18,Tideman & Chieruzzi,2.975,3.0,-0.02499999999999991
0,18,Nydegger,3.01,2.985,0.02499999999999991
0,18,Grofman,3.01,2.985,0.02499999999999991
0,18,Shubik,3.01,2.985,0.02499999999999991
0,18,Stein & Rapoport: 0.05,2.975,3.0,-0.02499999999999991
0,18,GRIM,3.01,2.985,0.02499999999999991
0,18,Davis: 10,3.01,2.985,0.02499999999999991
0,18,Graaskamp: 0.05,3.435,2.135,1.3000000000000003
0,18,Downing,1.125,1.05,0.07499999999999996
0,18,"Feld: 1.0, 0.5, 200",1.585,1.86,-0.27500000000000013
0,18,Joss: 0.9,2.24,2.49,-0.25
0,18,Tullock,1.65,1.75,-0.10000000000000009
0,18,Anonymous,2.975,0.875,2.1
0,18,Random: 0.5,2.83,0.705,2.125
0,19,Cu,3.01,2.985,0.02499999999999991
0,19,Du,0.975,1.1,-0.1250000000000001
0,19,Tit For Tat,3.01,2.985,0.02499999999999991
0,19,spiteful,3.01,2.985,0.02499999999999991
0,19,soft_majo,3.01,2.985,0.02499999999999991
0,19,hard_majo,2.99,2.99,0.0
0,19,per_cd,2.685,1.31,1.375
0,19,per_ccd,3.29,1.19,2.1
0,19,per_ddc,2.29,0.765,1.525
0,19,mistrust,2.99,2.99,0.0
0,19,WSLS,3.01,2.985,0.02499999999999991
0,19,TFTT,3.01,2.985,0.02499999999999991
0,19,hard_tft,3.01,2.985,0.02499999999999991
0,19,slow_tft,3.01,2.985,0.02499999999999991
0,19,GrdTFT,3.01,2.985,0.02499999999999991
0,19,prober,3.005,2.98,0.02499999999999991
0,19,mem2,3.01,2.985,0.02499999999999991
0,19,grok:grok-3-mini,3.01,2.985,0.02499999999999991
0,19,Tideman & Chieruzzi,2.975,3.0,-0.02499999999999991
0,19,Nydegger,3.01,2.985,0.02499999999999991
0,19,Grofman,3.01,2.985,0.02499999999999991
0,19,Shubik,3.01,2.985,0.02499999999999991
0,19,Stein & Rapoport: 0.05,2.975,3.0,-0.02499999999999991
0,19,GRIM,3.01,2.985,0.02499999999999991
0,19,Davis: 10,3.01,2.985,0.02499999999999991
0,19,Graaskamp: 0.05,3.54,1.965,1.575
0,19,Downing,1.125,1.05,0.07499999999999996
0,19,"Feld: 1.0, 0.5, 200",1.705,2.055,-0.3500000000000001
0,19,Joss: 0.9,2.215,2.515,-0.30000000000000027
0,19,Tullock,1.24,1.315,-0.07499999999999996
0,19,Anonymous,2.655,1.555,1.0999999999999999
0,19,Random: 0.5,2.78,0.855,1.9249999999999998
1,0,Cu,3.01,2.985,0.02499999999999991
1,0,Du,0.975,1.1,-0.1250000000000001
1,0,Tit For Tat,3.01,2.985,0.02499999999999991
1,0,spiteful,3.01,2.985,0.02499999999999991
1,0,soft_majo,3.01,2.985,0.02499999999999991
1,0,hard_majo,2.99,2.99,0.0
1,0,per_cd,2.685,1.31,1.375
1,0,per_ccd,3.29,1.19,2.1
1,0,per_ddc,2.29,0.765,1.525
1,0,mistrust,2.99,2.99,0.0
1,0,WSLS,3.01,2.985,0.02499999999999991
1,0,TFTT,3.01,2.985,0.02499999999999991
1,0,hard_tft,3.01,2.985,0.02499999999999991
1,0,slow_tft,3.01,2.985,0.02499999999999991
1,0,GrdTFT,3.01,2.985,0.02499999999999991
1,0,prober,3.005,2.98,0.02499999999999991
1,0,mem2,3.01,2.985,0.02499999999999991
1,0,grok:grok-3-mini,3.01,2.985,0.02499999999999991
1,0,Tideman & Chieruzzi,2.975,3.0,-0.02499999999999991
1,0,Nydegger,3.01,2.985,0.02499999999999991
1,0,Grofman,3.01,2.985,0.02499999999999991
1,0,Shubik,3.01,2.985,0.02499999999999991
1,0,Stein & Rapoport: 0.05,2.975,3.0,-0.02499999999999991
1,0,GRIM,3.01,2.985,0.02499999999999991
1,0,Davis: 10,3.01,2.985,0.02499999999999991
1,0,Graaskamp: 0.05,3.42,2.12,1.2999999999999998
1,0,Downing,1.125,1.05,0.07499999999999996
1,0,"Feld: 1.0, 0.5, 200",1.9,2.225,-0.3250000000000002
1,0,Joss: 0.9,1.275,1.475,-0.20000000000000018
1,0,Tullock,1.685,1.735,-0.050000000000000044
1,0,Anonymous,3.035,0.585,2.45
1,0,Random: 0.5,2.83,0.73,2.1
1,1,Cu,3.01,2.985,0.02499999999999991
1,1,Du,0.975,1.1,-0.1250000000000001
1,1,Tit For Tat,3.01,2.985,0.02499999999999991
1,1,spiteful,3.01,2.985,0.02499999999999991
1,1,soft_majo,3.01,2.985,0.02499999999999991
1,1,hard_majo,2.99,2.99,0.0
1,1,per_cd,2.685,1.31,1.375
1,1,per_ccd,3.29,1.19,2.1
1,1,per_ddc,2.29,0.765,1.525
1,1,mistrust,2.99,2.99,0.0
1,1,WSLS,3.01,2.985,0.02499999999999991
1,1,TFTT,3.01,2.985,0.02499999999999991
1,1,hard_tft,3.01,2.985,0.02499999999999991
1,1,slow_tft,3.01,2.985,0.02499999999999991
1,1,GrdTFT,3.01,2.985,0.02499999999999991
1,1,prober,3.005,2.98,0.02499999999999991
1,1,mem2,3.01,2.985,0.02499999999999991
1,1,grok:grok-3-mini,3.01,2.985,0.02499999999999991
1,1,Tideman & Chieruzzi,2.975,3.0,-0.02499999999999991
1,1,Nydegger,3.01,2.985,0.02499999999999991
1,1,Grofman,3.01,2.985,0.02499999999999991
1,1,Shubik,3.01,2.985,0.02499999999999991
1,1,Stein & Rapoport: 0.05,2.975,3.0,-0.02499999999999991
1,1,GRIM,3.01,2.985,0.02499999999999991
1,1,Davis: 10,3.01,2.985,0.02499999999999991
1,1,Graaskamp: 0.05,3.43,2.13,1.3000000000000003
1,1,Downing,1.125,1.05,0.07499999999999996
1,1,"Feld: 1.0, 0.5, 200",1.945,2.295,-0.34999999999999987
1,1,Joss: 0.9,1.805,2.105,-0.30000000000000004
1,1,Tullock,1.71,1.76,-0.050000000000000044
1,1,Anonymous,2.725,1.425,1.3
1,1,Random: 0.5,3.065,0.565,2.5
1,2,Cu,3.01,2.985,0.02499999999999991
1,2,Du,0.975,1.1,-0.1250000000000001
1,2,Tit For Tat,3.01,2.985,0.02499999999999991
1,2,spiteful,3.01,2.985,0.02499999999999991
1,2,soft_majo,3.01,2.985,0.02499999999999991
1,2,hard_majo,2.99,2.99,0.0
1,2,per_cd,2.685,1.31,1.375
1,2,per_ccd,3.29,1.19,2.1
1,2,per_ddc,2.29,0.765,1.525
1,2,mistrust,2.99,2.99,0.0
1,2,WSLS,3.01,2.985,0.02499999999999991
1,2,TFTT,3.01,2.985,0.02499999999999991
1,2,hard_tft,3.01,2.985,0.02499999999999991
1,2,slow_tft,3.01,2.985,0.02499999999999991
1,2,GrdTFT,3.01,2.985,0.02499999999999991
1,2,prober,3.005,2.98,0.02499999999999991
1,2,mem2,3.01,2.985,0.02499999999999991
1,2,grok:grok-3-mini,3.01,2.985,0.02499999999999991
1,2,Tideman & Chieruzzi,2.975,3.0,-0.02499999999999991
1,2,Nydegger,3.01,2.985,0.02499999999999991
1,2,Grofman,3.01,2.985,0.02499999999999991
1,2,Shubik,3.01,2.985,0.02499999999999991
1,2,Stein & Rapoport: 0.05,2.975,3.0,-0.02499999999999991
1,2,GRIM,3.01,2.985,0.02499999999999991
1,2,Davis: 10,3.01,2.985,0.02499999999999991
1,2,Graaskamp: 0.05,3.535,1.96,1.5750000000000002
1,2,Downing,1.125,1.05,0.07499999999999996
1,2,"Feld: 1.0, 0.5, 200",1.805,2.13,-0.32499999999999996
1,2,Joss: 0.9,2.34,2.59,-0.25
1,2,Tullock,1.195,1.295,-0.09999999999999987
1,2,Anonymous,3.045,0.57,2.475
1,2,Random: 0.5,3.245,0.52,2.725
1,3,Cu,3.01,2.985,0.02499999999999991
1,3,Du,0.975,1.1,-0.1250000000000001
1,3,Tit For Tat,3.01,2.985,0.02499999999999991
1,3,spiteful,3.01,2.985,0.02499999999999991
1,3,soft_majo,3.01,2.985,0.02499999999999991
1,3,hard_majo,2.99,2.99,0.0
1,3,per_cd,2.685,1.31,1.375
1,3,per_ccd,3.29,1.19,2.1
1,3,per_ddc,2.29,0.765,1.525
1,3,mistrust,2.99,2.99,0.0
1,3,WSLS,3.01,2.985,0.02499999999999991
1,3,TFTT,3.01,2.985,0.02499999999999991
1,3,hard_tft,3.01,2.985,0.02499999999999991
1,3,slow_tft,3.01,2.985,0.02499999999999991
1,3,GrdTFT,3.01,2.985,0.02499999999999991
1,3,prober,3.005,2.98,0.02499999999999991
1,3,mem2,3.01,2.985,0.02499999999999991
1,3,grok:grok-3-mini,3.01,2.985,0.02499999999999991
1,3,Tideman & Chieruzzi,2.975,3.0,-0.02499999999999991
1,3,Nydegger,3.01,2.985,0.02499999999999991
1,3,Grofman,3.01,2.985,0.02499999999999991
1,3,Shubik,3.01,2.985,0.02499999999999991
1,3,Stein & Rapoport: 0.05,2.975,3.0,-0.02499999999999991
1,3,GRIM,3.01,2.985,0.02499999999999991
1,3,Davis: 10,3.01,2.985,0.02499999999999991
1,3,Graaskamp: 0.05,3.435,2.135,1.3000000000000003
1,3,Downing,1.125,1.05,0.07499999999999996
1,3,"Feld: 1.0, 0.5, 200",1.835,2.135,-0.2999999999999998
1,3,Joss: 0.9,2.435,2.685,-0.25
1,3,Tullock,1.455,1.43,0.025000000000000133
1,3,Anonymous,3.145,0.67,2.475
1,3,Random: 0.5,2.75,0.9,1.85
1,4,Cu,3.01,2.985,0.02499999999999991
1,4,Du,0.975,1.1,-0.1250000000000001
1,4,Tit For Tat,3.01,2.985,0.02499999999999991
1,4,spiteful,3.01,2.985,0.02499999999999991
1,4,soft_majo,3.01,2.985,0.02499999999999991
1,4,hard_majo,2.99,2.99,0.0
1,4,per_cd,2.685,1.31,1.375
1,4,per_ccd,3.29,1.19,2.1
1,4,per_ddc,2.29,0.765,1.525
1,4,mistrust,2.99,2.99,0.0
1,4,WSLS,3.01,2.985,0.02499999999999991
1,4,TFTT,3.01,2.985,0.02499999999999991
1,4,hard_tft,3.01,2.985,0.02499999999999991
1,4,slow_tft,3.01,2.985,0.02499999999999991
1,4,GrdTFT,3.01,2.985,0.02499999999999991
1,4,prober,3.005,2.98,0.02499999999999991
1,4,mem2,3.01,2.985,0.02499999999999991
1,4,grok:grok-3-mini,3.01,2.985,0.02499999999999991
1,4,Tideman & Chieruzzi,2.975,3.0,-0.02499999999999991
1,4,Nydegger,3.01,2.985,0.02499999999999991
1,4,Grofman,3.01,2.985,0.02499999999999991
1,4,Shubik,3.01,2.985,0.02499999999999991
1,4,Stein & Rapoport: 0.05,2.975,3.0,-0.02499999999999991
1,4,GRIM,3.01,2.985,0.02499999999999991
1,4,Davis: 10,3.01,2.985,0.02499999999999991
1,4,Graaskamp: 0.05,3.445,2.095,1.3499999999999996
1,4,Downing,1.125,1.05,0.07499999999999996
1,4,"Feld: 1.0, 0.5, 200",1.695,2.045,-0.34999999999999987
1,4,Joss: 0.9,2.195,2.495,-0.30000000000000027
1,4,Tullock,1.67,1.62,0.04999999999999982
1,4,Anonymous,3.045,0.57,2.475
1,4,Random: 0.5,2.75,0.7,2.05
1,5,Cu,3.01,2.985,0.02499999999999991
1,5,Du,0.975,1.1,-0.1250000000000001
1,5,Tit For Tat,3.01,2.985,0.02499999999999991
1,5,spiteful,3.01,2.985,0.02499999999999991
1,5,soft_majo,3.01,2.985,0.02499999999999991
1,5,hard_majo,2.99,2.99,0.0
1,5,per_cd,2.685,1.31,1.375
1,5,per_ccd,3.29,1.19,2.1
1,5,per_ddc,2.29,0.765,1.525
1,5,mistrust,2.99,2.99,0.0
1,5,WSLS,3.01,2.985,0.02499999999999991
1,5,TFTT,3.01,2.985,0.02499999999999991
1,5,hard_tft,3.01,2.985,0.02499999999999991
1,5,slow_tft,3.01,2.985,0.02499999999999991
1,5,GrdTFT,3.01,2.985,0.02499999999999991
1,5,prober,3.005,2.98,0.02499999999999991
1,5,mem2,3.01,2.985,0.02499999999999991
1,5,grok:grok-3-mini,3.01,2.985,0.02499999999999991
1,5,Tideman & Chieruzzi,2.975,3.0,-0.02499999999999991
1,5,Nydegger,3.01,2.985,0.02499999999999991
1,5,Grofman,3.01,2.985,0.02499999999999991
1,5,Shubik,3.01,2.985,0.02499999999999991
1,5,Stein & Rapoport: 0.05,2.975,3.0,-0.02499999999999991
1,5,GRIM,3.01,2.985,0.02499999999999991
1,5,Davis: 10,3.01,2.985,0.02499999999999991
1,5,Graaskamp: 0.05,3.42,2.145,1.275
1,5,Downing,1.125,1.05,0.07499999999999996
1,5,"Feld: 1.0, 0.5, 200",1.715,2.04,-0.32499999999999996
1,5,Joss: 0.9,2.085,2.46,-0.375
1,5,Tullock,1.46,1.51,-0.050000000000000044
1,5,Anonymous,2.905,0.63,2.275
1,5,Random: 0.5,2.685,1.51,1.175
1,6,Cu,3.01,2.985,0.02499999999999991
1,6,Du,0.975,1.1,-0.1250000000000001
1,6,Tit For Tat,3.01,2.985,0.02499999999999991
1,6,spiteful,3.01,2.985,0.02499999999999991
1,6,soft_majo,3.01,2.985,0.02499999999999991
1,6,hard_majo,2.99,2.99,0.0
1,6,per_cd,2.685,1.31,1.375
1,6,per_ccd,3.29,1.19,2.1
1,6,per_ddc,2.29,0.765,1.525
1,6,mistrust,2.99,2.99,0.0
1,6,WSLS,3.01,2.985,0.02499999999999991
1,6,TFTT,3.01,2.985,0.02499999999999991
1,6,hard_tft,3.01,2.985,0.02499999999999991
1,6,slow_tft,3.01,2.985,0.02499999999999991
1,6,GrdTFT,3.01,2.985,0.02499999999999991
1,6,prober,3.005,2.98,0.02499999999999991
1,6,mem2,3.01,2.985,0.02499999999999991
1,6,grok:grok-3-mini,3.01,2.985,0.02499999999999991
1,6,Tideman & Chieruzzi,2.975,3.0,-0.02499999999999991
1,6,Nydegger,3.01,2.985,0.02499999999999991
1,6,Grofman,3.01,2.985,0.02499999999999991
1,6,Shubik,3.01,2.985,0.02499999999999991
1,6,Stein & Rapoport: 0.05,2.975,3.0,-0.02499999999999991
1,6,GRIM,3.01,2.985,0.02499999999999991
1,6,Davis: 10,3.01,2.985,0.02499999999999991
1,6,Graaskamp: 0.05,3.485,2.035,1.4499999999999997
1,6,Downing,1.125,1.05,0.07499999999999996
1,6,"Feld: 1.0, 0.5, 200",1.855,2.205,-0.3500000000000001
1,6,Joss: 0.9,2.265,2.565,-0.2999999999999998
1,6,Tullock,1.43,1.43,0.0
1,6,Anonymous,3.135,0.635,2.5
1,6,Random: 0.5,3.105,0.555,2.55
1,7,Cu,3.01,2.985,0.02499999999999991
1,7,Du,0.975,1.1,-0.1250000000000001
1,7,Tit For Tat,3.01,2.985,0.02499999999999991
1,7,spiteful,3.01,2.985,0.02499999999999991
1,7,soft_majo,3.01,2.985,0.02499999999999991
1,7,hard_majo,2.99,2.99,0.0
1,7,per_cd,2.685,1.31,1.375
1,7,per_ccd,3.29,1.19,2.1
1,7,per_ddc,2.29,0.765,1.525
1,7,mistrust,2.99,2.99,0.0
1,7,WSLS,3.01,2.985,0.02499999999999991
1,7,TFTT,3.01,2.985,0.02499999999999991
1,7,hard_tft,3.01,2.985,0.02499999999999991
1,7,slow_tft,3.01,2.985,0.02499999999999991
1,7,GrdTFT,3.01,2.985,0.02499999999999991
1,7,prober,3.005,2.98,0.02499999999999991
1,7,mem2,3.01,2.985,0.02499999999999991
1,7,grok:grok-3-mini,3.01,2.985,0.02499999999999991
1,7,Tideman & Chieruzzi,2.975,3.0,-0.02499999999999991
1,7,Nydegger,3.01,2.985,0.02499999999999991
1,7,Grofman,3.01,2.985,0.02499999999999991
1,7,Shubik,3.01,2.985,0.02499999999999991
1,7,Stein & Rapoport: 0.05,2.975,3.0,-0.02499999999999991
1,7,GRIM,3.01,2.985,0.02499999999999991
1,7,Davis: 10,3.01,2.985,0.02499999999999991
1,7,Graaskamp: 0.05,3.545,1.97,1.575
1,7,Downing,1.125,1.05,0.07499999999999996
1,7,"Feld: 1.0, 0.5, 200",1.655,2.03,-0.3749999999999998
1,7,Joss: 0.9,1.835,2.185,-0.3500000000000001
1,7,Tullock,1.575,1.65,-0.07499999999999996
1,7,Anonymous,2.775,0.65,2.125
1,7,Random: 0.5,2.565,1.315,1.25
1,8,Cu,3.01,2.985,0.02499999999999991
1,8,Du,0.975,1.1,-0.1250000000000001
1,8,Tit For Tat,3.01,2.985,0.02499999999999991
1,8,spiteful,3.01,2.985,0.02499999999999991
1,8,soft_majo,3.01,2.985,0.02499999999999991
1,8,hard_majo,2.99,2.99,0.0
1,8,per_cd,2.685,1.31,1.375
1,8,per_ccd,3.29,1.19,2.1
1,8,per_ddc,2.29,0.765,1.525
1,8,mistrust,2.99,2.99,0.0
1,8,WSLS,3.01,2.985,0.02499999999999991
1,8,TFTT,3.01,2.985,0.02499999999999991
1,8,hard_tft,3.01,2.985,0.02499999999999991
1,8,slow_tft,3.01,2.985,0.02499999999999991
1,8,GrdTFT,3.01,2.985,0.02499999999999991
1,8,prober,3.005,2.98,0.02499999999999991
1,8,mem2,3.01,2.985,0.02499999999999991
1,8,grok:grok-3-mini,3.01,2.985,0.02499999999999991
1,8,Tideman & Chieruzzi,2.975,3.0,-0.02499999999999991
1,8,Nydegger,3.01,2.985,0.02499999999999991
1,8,Grofman,3.01,2.985,0.02499999999999991
1,8,Shubik,3.01,2.985,0.02499999999999991
1,8,Stein & Rapoport: 0.05,2.975,3.0,-0.02499999999999991
1,8,GRIM,3.01,2.985,0.02499999999999991
1,8,Davis: 10,3.01,2.985,0.02499999999999991
1,8,Graaskamp: 0.05,3.5,1.975,1.525
1,8,Downing,1.125,1.05,0.07499999999999996
1,8,"Feld: 1.0, 0.5, 200",1.805,2.18,-0.3750000000000002
1,8,Joss: 0.9,1.245,1.395,-0.1499999999999999
1,8,Tullock,1.41,1.46,-0.050000000000000044
1,8,Anonymous,2.915,0.69,2.225
1,8,Random: 0.5,2.905,0.68,2.2249999999999996
1,9,Cu,3.01,2.985,0.02499999999999991
1,9,Du,0.975,1.1,-0.1250000000000001
1,9,Tit For Tat,3.01,2.985,0.02499999999999991
1,9,spiteful,3.01,2.985,0.02499999999999991
1,9,soft_majo,3.01,2.985,0.02499999999999991
1,9,hard_majo,2.99,2.99,0.0
1,9,per_cd,2.685,1.31,1.375
1,9,per_ccd,3.29,1.19,2.1
1,9,per_ddc,2.29,0.765,1.525
1,9,mistrust,2.99,2.99,0.0
1,9,WSLS,3.01,2.985,0.02499999999999991
1,9,TFTT,3.01,2.985,0.02499999999999991
1,9,hard_tft,3.01,2.985,0.02499999999999991
1,9,slow_tft,3.01,2.985,0.02499999999999991
1,9,GrdTFT,3.01,2.985,0.02499999999999991
1,9,prober,3.005,2.98,0.02499999999999991
1,9,mem2,3.01,2.985,0.02499999999999991
1,9,grok:grok-3-mini,3.01,2.985,0.02499999999999991
1,9,Tideman & Chieruzzi,2.975,3.0,-0.02499999999999991
1,9,Nydegger,3.01,2.985,0.02499999999999991
1,9,Grofman,3.01,2.985,0.02499999999999991
1,9,Shubik,3.01,2.985,0.02499999999999991
1,9,Stein & Rapoport: 0.05,2.975,3.0,-0.02499999999999991
1,9,GRIM,3.01,2.985,0.02499999999999991
1,9,Davis: 10,3.01,2.985,0.02499999999999991
1,9,Graaskamp: 0.05,3.495,2.07,1.4250000000000003
1,9,Downing,1.125,1.05,0.07499999999999996
1,9,"Feld: 1.0, 0.5, 200",1.715,2.04,-0.32499999999999996
1,9,Joss: 0.9,2.405,2.655,-0.25
1,9,Tullock,1.395,1.42,-0.02499999999999991
1,9,Anonymous,2.52,0.895,1.625
1,9,Random: 0.5,3.03,0.58,2.4499999999999997
1,10,Cu,3.01,2.985,0.02499999999999991
1,10,Du,0.975,1.1,-0.1250000000000001
1,10,Tit For Tat,3.01,2.985,0.02499999999999991
1,10,spiteful,3.01,2.985,0.02499999999999991
1,10,soft_majo,3.01,2.985,0.02499999999999991
1,10,hard_majo,2.99,2.99,0.0
1,10,per_cd,2.685,1.31,1.375
1,10,per_ccd,3.29,1.19,2.1
1,10,per_ddc,2.29,0.765,1.525
1,10,mistrust,2.99,2.99,0.0
1,10,WSLS,3.01,2.985,0.02499999999999991
1,10,TFTT,3.01,2.985,0.02499999999999991
1,10,hard_tft,3.01,2.985,0.02499999999999991
1,10,slow_tft,3.01,2.985,0.02499999999999991
1,10,GrdTFT,3.01,2.985,0.02499999999999991
1,10,prober,3.005,2.98,0.02499999999999991
1,10,mem2,3.01,2.985,0.02499999999999991
1,10,grok:grok-3-mini,3.01,2.985,0.02499999999999991
1,10,Tideman & Chieruzzi,2.975,3.0,-0.02499999999999991
1,10,Nydegger,3.01,2.985,0.02499999999999991
1,10,Grofman,3.01,2.985,0.02499999999999991
1,10,Shubik,3.01,2.985,0.02499999999999991
1,10,Stein & Rapoport: 0.05,2.975,3.0,-0.02499999999999991
1,10,GRIM,3.01,2.985,0.02499999999999991
1,10,Davis: 10,3.01,2.985,0.02499999999999991
1,10,Graaskamp: 0.05,3.32,2.27,1.0499999999999998
1,10,Downing,1.125,1.05,0.07499999999999996
1,10,"Feld: 1.0, 0.5, 200",1.915,2.265,-0.3500000000000001
1,10,Joss: 0.9,1.615,1.84,-0.2250000000000001
1,10,Tullock,2.105,2.355,-0.25
1,10,Anonymous,2.64,1.24,1.4000000000000001
1,10,Random: 0.5,2.83,0.73,2.1
1,11,Cu,3.01,2.985,0.02499999999999991
1,11,Du,0.975,1.1,-0.1250000000000001
1,11,Tit For Tat,3.01,2.985,0.02499999999999991
1,11,spiteful,3.01,2.985,0.02499999999999991
1,11,soft_majo,3.01,2.985,0.02499999999999991
1,11,hard_majo,2.99,2.99,0.0
1,11,per_cd,2.685,1.31,1.375
1,11,per_ccd,3.29,1.19,2.1
1,11,per_ddc,2.29,0.765,1.525
1,11,mistrust,2.99,2.99,0.0
1,11,WSLS,3.01,2.985,0.02499999999999991
1,11,TFTT,3.01,2.985,0.02499999999999991
1,11,hard_tft,3.01,2.985,0.02499999999999991
1,11,slow_tft,3.01,2.985,0.02499999999999991
1,11,GrdTFT,3.01,2.985,0.02499999999999991
1,11,prober,3.005,2.98,0.02499999999999991
1,11,mem2,3.01,2.985,0.02499999999999991
1,11,grok:grok-3-mini,3.01,2.985,0.02499999999999991
1,11,Tideman & Chieruzzi,2.975,3.0,-0.02499999999999991
1,11,Nydegger,3.01,2.985,0.02499999999999991
1,11,Grofman,3.01,2.985,0.02499999999999991
1,11,Shubik,3.01,2.985,0.02499999999999991
1,11,Stein & Rapoport: 0.05,2.975,3.0,-0.02499999999999991
1,11,GRIM,3.01,2.985,0.02499999999999991
1,11,Davis: 10,3.01,2.985,0.02499999999999991
1,11,Graaskamp: 0.05,3.445,2.045,1.4
1,11,Downing,1.125,1.05,0.07499999999999996
1,11,"Feld: 1.0, 0.5, 200",2.05,2.4,-0.3500000000000001
1,11,Joss: 0.9,1.325,1.5,-0.17500000000000004
1,11,Tullock,1.41,1.485,-0.07500000000000018
1,11,Anonymous,2.72,1.37,1.35
1,11,Random: 0.5,2.695,0.67,2.025
1,12,Cu,3.01,2.985,0.02499999999999991
1,12,Du,0.975,1.1,-0.1250000000000001
1,12,Tit For Tat,3.01,2.985,0.02499999999999991
1,12,spiteful,3.01,2.985,0.02499999999999991
1,12,soft_majo,3.01,2.985,0.02499999999999991
1,12,hard_majo,2.99,2.99,0.0
1,12,per_cd,2.685,1.31,1.375
1,12,per_ccd,3.29,1.19,2.1
1,12,per_ddc,2.29,0.765,1.525
1,12,mistrust,2.99,2.99,0.0
1,12,WSLS,3.01,2.985,0.02499999999999991
1,12,TFTT,3.01,2.985,0.02499999999999991
1,12,hard_tft,3.01,2.985,0.02499999999999991
1,12,slow_tft,3.01,2.985,0.02499999999999991
1,12,GrdTFT,3.01,2.985,0.02499999999999991
1,12,prober,3.005,2.98,0.02499999999999991
1,12,mem2,3.01,2.985,0.02499999999999991
1,12,grok:grok-3-mini,3.01,2.985,0.02499999999999991
1,12,Tideman & Chieruzzi,2.975,3.0,-0.02499999999999991
1,12,Nydegger,3.01,2.985,0.02499999999999991
1,12,Grofman,3.01,2.985,0.02499999999999991
1,12,Shubik,3.01,2.985,0.02499999999999991
1,12,Stein & Rapoport: 0.05,2.975,3.0,-0.02499999999999991
1,12,GRIM,3.01,2.985,0.02499999999999991
1,12,Davis: 10,3.01,2.985,0.02499999999999991
1,12,Graaskamp: 0.05,3.37,2.17,1.2000000000000002
1,12,Downing,1.125,1.05,0.07499999999999996
1,12,"Feld: 1.0, 0.5, 200",1.815,2.14,-0.3250000000000002
1,12,Joss: 0.9,2.415,2.665,-0.25
1,12,Tullock,1.545,1.72,-0.17500000000000004
1,12,Anonymous,2.78,1.305,1.4749999999999999
1,12,Random: 0.5,3.25,0.525,2.725
1,13,Cu,3.01,2.985,0.02499999999999991
1,13,Du,0.975,1.1,-0.1250000000000001
1,13,Tit For Tat,3.01,2.985,0.02499999999999991
1,13,spiteful,3.01,2.985,0.02499999999999991
1,13,soft_majo,3.01,2.985,0.02499999999999991
1,13,hard_majo,2.99,2.99,0.0
1,13,per_cd,2.685,1.31,1.375
1,13,per_ccd,3.29,1.19,2.1
1,13,per_ddc,2.29,0.765,1.525
1,13,mistrust,2.99,2.99,0.0
1,13,WSLS,3.01,2.985,0.02499999999999991
1,13,TFTT,3.01,2.985,0.02499999999999991
1,13,hard_tft,3.01,2.985,0.02499999999999991
1,13,slow_tft,3.01,2.985,0.02499999999999991
1,13,GrdTFT,3.01,2.985,0.02499999999999991
1,13,prober,3.005,2.98,0.02499999999999991
1,13,mem2,3.01,2.985,0.02499999999999991
1,13,grok:grok-3-mini,3.01,2.985,0.02499999999999991
1,13,Tideman & Chieruzzi,2.975,3.0,-0.02499999999999991
1,13,Nydegger,3.01,2.985,0.02499999999999991
1,13,Grofman,3.01,2.985,0.02499999999999991
1,13,Shubik,3.01,2.985,0.02499999999999991
1,13,Stein & Rapoport: 0.05,2.975,3.0,-0.02499999999999991
1,13,GRIM,3.01,2.985,0.02499999999999991
1,13,Davis: 10,3.01,2.985,0.02499999999999991
1,13,Graaskamp: 0.05,3.4,2.2,1.1999999999999997
1,13,Downing,1.125,1.05,0.07499999999999996
1,13,"Feld: 1.0, 0.5, 200",2.015,2.39,-0.375
1,13,Joss: 0.9,2.005,2.305,-0.30000000000000027
1,13,Tullock,1.325,1.35,-0.025000000000000133
1,13,Anonymous,2.74,0.74,2.0
1,13,Random: 0.5,2.81,0.635,2.175
1,14,Cu,3.01,2.985,0.02499999999999991
1,14,Du,0.975,1.1,-0.1250000000000001
1,14,Tit For Tat,3.01,2.985,0.02499999999999991
1,14,spiteful,3.01,2.985,0.02499999999999991
1,14,soft_majo,3.01,2.985,0.02499999999999991
1,14,hard_majo,2.99,2.99,0.0
1,14,per_cd,2.685,1.31,1.375
1,14,per_ccd,3.29,1.19,2.1
1,14,per_ddc,2.29,0.765,1.525
1,14,mistrust,2.99,2.99,0.0
1,14,WSLS,3.01,2.985,0.02499999999999991
1,14,TFTT,3.01,2.985,0.02499999999999991
1,14,hard_tft,3.01,2.985,0.02499999999999991
1,14,slow_tft,3.01,2.985,0.02499999999999991
1,14,GrdTFT,3.01,2.985,0.02499999999999991
1,14,prober,3.005,2.98,0.02499999999999991
1,14,mem2,3.01,2.985,0.02499999999999991
1,14,grok:grok-3-mini,3.01,2.985,0.02499999999999991
1,14,Tideman & Chieruzzi,2.975,3.0,-0.02499999999999991
1,14,Nydegger,3.01,2.985,0.02499999999999991
1,14,Grofman,3.01,2.985,0.02499999999999991
1,14,Shubik,3.01,2.985,0.02499999999999991
1,14,Stein & Rapoport: 0.05,2.975,3.0,-0.02499999999999991
1,14,GRIM,3.01,2.985,0.02499999999999991
1,14,Davis: 10,3.01,2.985,0.02499999999999991
1,14,Graaskamp: 0.05,3.455,2.08,1.375
1,14,Downing,1.125,1.05,0.07499999999999996
1,14,"Feld: 1.0, 0.5, 200",1.845,2.27,-0.42500000000000004
1,14,Joss: 0.9,2.43,2.68,-0.25
1,14,Tullock,1.45,1.575,-0.125
1,14,Anonymous,2.65,1.45,1.2
1,14,Random: 0.5,2.87,0.62,2.25
1,15,Cu,3.01,2.985,0.02499999999999991
1,15,Du,0.975,1.1,-0.1250000000000001
1,15,Tit For Tat,3.01,2.985,0.02499999999999991
1,15,spiteful,3.01,2.985,0.02499999999999991
1,15,soft_majo,3.01,2.985,0.02499999999999991
1,15,hard_majo,2.99,2.99,0.0
1,15,per_cd,2.685,1.31,1.375
1,15,per_ccd,3.29,1.19,2.1
1,15,per_ddc,2.29,0.765,1.525
1,15,mistrust,2.99,2.99,0.0
1,15,WSLS,3.01,2.985,0.02499999999999991
1,15,TFTT,3.01,2.985,0.02499999999999991
1,15,hard_tft,3.01,2.985,0.02499999999999991
1,15,slow_tft,3.01,2.985,0.02499999999999991
1,15,GrdTFT,3.01,2.985,0.02499999999999991
1,15,prober,3.005,2.98,0.02499999999999991
1,15,mem2,3.01,2.985,0.02499999999999991
1,15,grok:grok-3-mini,3.01,2.985,0.02499999999999991
1,15,Tideman & Chieruzzi,2.975,3.0,-0.02499999999999991
1,15,Nydegger,3.01,2.985,0.02499999999999991
1,15,Grofman,3.01,2.985,0.02499999999999991
1,15,Shubik,3.01,2.985,0.02499999999999991
1,15,Stein & Rapoport: 0.05,2.975,3.0,-0.02499999999999991
1,15,GRIM,3.01,2.985,0.02499999999999991
1,15,Davis: 10,3.01,2.985,0.02499999999999991
1,15,Graaskamp: 0.05,3.43,2.155,1.2750000000000004
1,15,Downing,1.125,1.05,0.07499999999999996
1,15,"Feld: 1.0, 0.5, 200",2.065,2.39,-0.3250000000000002
1,15,Joss: 0.9,1.88,2.23,-0.3500000000000001
1,15,Tullock,1.76,1.86,-0.10000000000000009
1,15,Anonymous,2.965,0.64,2.3249999999999997
1,15,Random: 0.5,2.685,1.435,1.25
1,16,Cu,3.01,2.985,0.02499999999999991
1,16,Du,0.975,1.1,-0.1250000000000001
1,16,Tit For Tat,3.01,2.985,0.02499999999999991
1,16,spiteful,3.01,2.985,0.02499999999999991
1,16,soft_majo,3.01,2.985,0.02499999999999991
1,16,hard_majo,2.99,2.99,0.0
1,16,per_cd,2.685,1.31,1.375
1,16,per_ccd,3.29,1.19,2.1
1,16,per_ddc,2.29,0.765,1.525
1,16,mistrust,2.99,2.99,0.0
1,16,WSLS,3.01,2.985,0.02499999999999991
1,16,TFTT,3.01,2.985,0.02499999999999991
1,16,hard_tft,3.01,2.985,0.02499999999999991
1,16,slow_tft,3.01,2.985,0.02499999999999991
1,16,GrdTFT,3.01,2.985,0.02499999999999991
1,16,prober,3.005,2.98,0.02499999999999991
1,16,mem2,3.01,2.985,0.02499999999999991
1,16,grok:grok-3-mini,3.01,2.985,0.02499999999999991
1,16,Tideman & Chieruzzi,2.975,3.0,-0.02499999999999991
1,16,Nydegger,3.01,2.985,0.02499999999999991
1,16,Grofman,3.01,2.985,0.02499999999999991
1,16,Shubik,3.01,2.985,0.02499999999999991
1,16,Stein & Rapoport: 0.05,2.975,3.0,-0.02499999999999991
1,16,GRIM,3.01,2.985,0.02499999999999991
1,16,Davis: 10,3.01,2.985,0.02499999999999991
1,16,Graaskamp: 0.05,3.35,2.225,1.125
1,16,Downing,1.125,1.05,0.07499999999999996
1,16,"Feld: 1.0, 0.5, 200",1.625,1.875,-0.25
1,16,Joss: 0.9,1.955,2.255,-0.2999999999999998
1,16,Tullock,1.375,1.45,-0.07499999999999996
1,16,Anonymous,3.145,0.67,2.475
1,16,Random: 0.5,3.085,0.56,2.525
1,17,Cu,3.01,2.985,0.02499999999999991
1,17,Du,0.975,1.1,-0.1250000000000001
1,17,Tit For Tat,3.01,2.985,0.02499999999999991
1,17,spiteful,3.01,2.985,0.02499999999999991
1,17,soft_majo,3.01,2.985,0.02499999999999991
1,17,hard_majo,2.99,2.99,0.0
1,17,per_cd,2.685,1.31,1.375
1,17,per_ccd,3.29,1.19,2.1
1,17,per_ddc,2.29,0.765,1.525
1,17,mistrust,2.99,2.99,0.0
1,17,WSLS,3.01,2.985,0.02499999999999991
1,17,TFTT,3.01,2.985,0.02499999999999991
1,17,hard_tft,3.01,2.985,0.02499999999999991
1,17,slow_tft,3.01,2.985,0.02499999999999991
1,17,GrdTFT,3.01,2.985,0.02499999999999991
1,17,prober,3.005,2.98,0.02499999999999991
1,17,mem2,3.01,2.985,0.02499999999999991
1,17,grok:grok-3-mini,3.01,2.985,0.02499999999999991
1,17,Tideman & Chieruzzi,2.975,3.0,-0.02499999999999991
1,17,Nydegger,3.01,2.985,0.02499999999999991
1,17,Grofman,3.01,2.985,0.02499999999999991
1,17,Shubik,3.01,2.985,0.02499999999999991
1,17,Stein & Rapoport: 0.05,2.975,3.0,-0.02499999999999991
1,17,GRIM,3.01,2.985,0.02499999999999991
1,17,Davis: 10,3.01,2.985,0.02499999999999991
1,17,Graaskamp: 0.05,3.335,2.285,1.0499999999999998
1,17,Downing,1.125,1.05,0.07499999999999996
1,17,"Feld: 1.0, 0.5, 200",1.695,1.945,-0.25
1,17,Joss: 0.9,2.085,2.41,-0.3250000000000002
1,17,Tullock,1.805,1.805,0.0
1,17,Anonymous,2.825,0.625,2.2
1,17,Random: 0.5,3.01,0.585,2.425
1,18,Cu,3.01,2.985,0.02499999999999991
1,18,Du,0.975,1.1,-0.1250000000000001
1,18,Tit For Tat,3.01,2.985,0.02499999999999991
1,18,spiteful,3.01,2.985,0.02499999999999991
1,18,soft_majo,3.01,2.985,0.02499999999999991
1,18,hard_majo,2.99,2.99,0.0
1,18,per_cd,2.685,1.31,1.375
1,18,per_ccd,3.29,1.19,2.1
1,18,per_ddc,2.29,0.765,1.525
1,18,mistrust,2.99,2.99,0.0
1,18,WSLS,3.01,2.985,0.02499999999999991
1,18,TFTT,3.01,2.985,0.02499999999999991
1,18,hard_tft,3.01,2.985,0.02499999999999991
1,18,slow_tft,3.01,2.985,0.02499999999999991
1,18,GrdTFT,3.01,2.985,0.02499999999999991
1,18,prober,3.005,2.98,0.02499999999999991
1,18,mem2,3.01,2.985,0.02499999999999991
1,18,grok:grok-3-mini,3.01,2.985,0.02499999999999991
1,18,Tideman & Chieruzzi,2.975,3.0,-0.02499999999999991
1,18,Nydegger,3.01,2.985,0.02499999999999991
1,18,Grofman,3.01,2.985,0.02499999999999991
1,18,Shubik,3.01,2.985,0.02499999999999991
1,18,Stein & Rapoport: 0.05,2.975,3.0,-0.02499999999999991
1,18,GRIM,3.01,2.985,0.02499999999999991
1,18,Davis: 10,3.01,2.985,0.02499999999999991
1,18,Graaskamp: 0.05,3.355,2.255,1.1
1,18,Downing,1.125,1.05,0.07499999999999996
1,18,"Feld: 1.0, 0.5, 200",1.955,2.38,-0.4249999999999998
1,18,Joss: 0.9,2.155,2.43,-0.27500000000000036
1,18,Tullock,1.72,1.795,-0.07499999999999996
1,18,Anonymous,2.77,0.72,2.05
1,18,Random: 0.5,3.005,0.63,2.375
1,19,Cu,3.01,2.985,0.02499999999999991
1,19,Du,0.975,1.1,-0.1250000000000001
1,19,Tit For Tat,3.01,2.985,0.02499999999999991
1,19,spiteful,3.01,2.985,0.02499999999999991
1,19,soft_majo,3.01,2.985,0.02499999999999991
1,19,hard_majo,2.99,2.99,0.0
1,19,per_cd,2.685,1.31,1.375
1,19,per_ccd,3.29,1.19,2.1
1,19,per_ddc,2.29,0.765,1.525
1,19,mistrust,2.99,2.99,0.0
1,19,WSLS,3.01,2.985,0.02499999999999991
1,19,TFTT,3.01,2.985,0.02499999999999991
1,19,hard_tft,3.01,2.985,0.02499999999999991
1,19,slow_tft,3.01,2.985,0.02499999999999991
1,19,GrdTFT,3.01,2.985,0.02499999999999991
1,19,prober,3.005,2.98,0.02499999999999991
1,19,mem2,3.01,2.985,0.02499999999999991
1,19,grok:grok-3-mini,3.01,2.985,0.02499999999999991
1,19,Tideman & Chieruzzi,2.975,3.0,-0.02499999999999991
1,19,Nydegger,3.01,2.985,0.02499999999999991
1,19,Grofman,3.01,2.985,0.02499999999999991
1,19,Shubik,3.01,2.985,0.02499999999999991
1,19,Stein & Rapoport: 0.05,2.975,3.0,-0.02499999999999991
1,19,GRIM,3.01,2.985,0.02499999999999991
1,19,Davis: 10,3.01,2.985,0.02499999999999991
1,19,Graaskamp: 0.05,3.35,2.275,1.0750000000000002
1,19,Downing,1.125,1.05,0.07499999999999996
1,19,"Feld: 1.0, 0.5, 200",1.945,2.345,-0.40000000000000013
1,19,Joss: 0.9,2.47,2.67,-0.19999999999999973
1,19,Tullock,1.565,1.565,0.0
1,19,Anonymous,2.85,0.65,2.2
1,19,Random: 0.5,2.81,0.635,2.175
2,0,Cu,3.01,2.985,0.02499999999999991
2,0,Du,0.975,1.1,-0.1250000000000001
2,0,Tit For Tat,3.01,2.985,0.02499999999999991
2,0,spiteful,3.01,2.985,0.02499999999999991
2,0,soft_majo,3.01,2.985,0.02499999999999991
2,0,hard_majo,2.99,2.99,0.0
2,0,per_cd,2.685,1.31,1.375
2,0,per_ccd,3.29,1.19,2.1
2,0,per_ddc,2.29,0.765,1.525
2,0,mistrust,2.99,2.99,0.0
2,0,WSLS,3.01,2.985,0.02499999999999991
2,0,TFTT,3.01,2.985,0.02499999999999991
2,0,hard_tft,3.01,2.985,0.02499999999999991
2,0,slow_tft,3.01,2.985,0.02499999999999991
2,0,GrdTFT,3.01,2.985,0.02499999999999991
2,0,prober,3.005,2.98,0.02499999999999991
2,0,mem2,3.01,2.985,0.02499999999999991
2,0,grok:grok-3-mini,3.01,2.985,0.02499999999999991
2,0,Tideman & Chieruzzi,2.975,3.0,-0.02499999999999991
2,0,Nydegger,3.01,2.985,0.02499999999999991
2,0,Grofman,3.01,2.985,0.02499999999999991
2,0,Shubik,3.01,2.985,0.02499999999999991
2,0,Stein & Rapoport: 0.05,2.975,3.0,-0.02499999999999991
2,0,GRIM,3.01,2.985,0.02499999999999991
2,0,Davis: 10,3.01,2.985,0.02499999999999991
2,0,Graaskamp: 0.05,3.39,2.165,1.225
2,0,Downing,1.125,1.05,0.07499999999999996
2,0,"Feld: 1.0, 0.5, 200",1.725,2.025,-0.2999999999999998
2,0,Joss: 0.9,2.175,2.5,-0.3250000000000002
2,0,Tullock,1.645,1.77,-0.125
2,0,Anonymous,2.785,1.385,1.4000000000000001
2,0,Random: 0.5,2.56,1.46,1.1
2,1,Cu,3.01,2.985,0.02499999999999991
2,1,Du,0.975,1.1,-0.1250000000000001
2,1,Tit For Tat,3.01,2.985,0.02499999999999991
2,1,spiteful,3.01,2.985,0.02499999999999991
2,1,soft_majo,3.01,2.985,0.02499999999999991
2,1,hard_majo,2.99,2.99,0.0
2,1,per_cd,2.685,1.31,1.375
2,1,per_ccd,3.29,1.19,2.1
2,1,per_ddc,2.29,0.765,1.525
2,1,mistrust,2.99,2.99,0.0
2,1,WSLS,3.01,2.985,0.02499999999999991
2,1,TFTT,3.01,2.985,0.02499999999999991
2,1,hard_tft,3.01,2.985,0.02499999999999991
2,1,slow_tft,3.01,2.985,0.02499999999999991
2,1,GrdTFT,3.01,2.985,0.02499999999999991
2,1,prober,3.005,2.98,0.02499999999999991
2,1,mem2,3.01,2.985,0.02499999999999991
2,1,grok:grok-3-mini,3.01,2.985,0.02499999999999991
2,1,Tideman & Chieruzzi,2.975,3.0,-0.02499999999999991
2,1,Nydegger,3.01,2.985,0.02499999999999991
2,1,Grofman,3.01,2.985,0.02499999999999991
2,1,Shubik,3.01,2.985,0.02499999999999991
2,1,Stein & Rapoport: 0.05,2.975,3.0,-0.02499999999999991
2,1,GRIM,3.01,2.985,0.02499999999999991
2,1,Davis: 10,3.01,2.985,0.02499999999999991
2,1,Graaskamp: 0.05,3.395,2.145,1.25
2,1,Downing,1.125,1.05,0.07499999999999996
2,1,"Feld: 1.0, 0.5, 200",1.785,2.21,-0.42500000000000004
2,1,Joss: 0.9,2.185,2.485,-0.2999999999999998
2,1,Tullock,1.495,1.595,-0.09999999999999987
2,1,Anonymous,3.385,0.485,2.9
2,1,Random: 0.5,2.895,0.645,2.25
2,2,Cu,3.01,2.985,0.02499999999999991
2,2,Du,0.975,1.1,-0.1250000000000001
2,2,Tit For Tat,3.01,2.985,0.02499999999999991
2,2,spiteful,3.01,2.985,0.02499999999999991
2,2,soft_majo,3.01,2.985,0.02499999999999991
2,2,hard_majo,2.99,2.99,0.0
2,2,per_cd,2.685,1.31,1.375
2,2,per_ccd,3.29,1.19,2.1
2,2,per_ddc,2.29,0.765,1.525
2,2,mistrust,2.99,2.99,0.0
2,2,WSLS,3.01,2.985,0.02499999999999991
2,2,TFTT,3.01,2.985,0.02499999999999991
2,2,hard_tft,3.01,2.985,0.02499999999999991
2,2,slow_tft,3.01,2.985,0.02499999999999991
2,2,GrdTFT,3.01,2.985,0.02499999999999991
2,2,prober,3.005,2.98,0.02499999999999991
2,2,mem2,3.01,2.985,0.02499999999999991
2,2,grok:grok-3-mini,3.01,2.985,0.02499999999999991
2,2,Tideman & Chieruzzi,2.975,3.0,-0.02499999999999991
2,2,Nydegger,3.01,2.985,0.02499999999999991
2,2,Grofman,3.01,2.985,0.02499999999999991
2,2,Shubik,3.01,2.985,0.02499999999999991
2,2,Stein & Rapoport: 0.05,2.975,3.0,-0.02499999999999991
2,2,GRIM,3.01,2.985,0.02499999999999991
2,2,Davis: 10,3.01,2.985,0.02499999999999991
2,2,Graaskamp: 0.05,3.415,2.14,1.275
2,2,Downing,1.125,1.05,0.07499999999999996
2,2,"Feld: 1.0, 0.5, 200",1.845,2.17,-0.32499999999999996
2,2,Joss: 0.9,1.305,1.505,-0.19999999999999996
2,2,Tullock,2.005,2.08,-0.07500000000000018
2,2,Anonymous,2.58,1.38,1.2000000000000002
2,2,Random: 0.5,2.985,0.61,2.375
2,3,Cu,3.01,2.985,0.02499999999999991
2,3,Du,0.975,1.1,-0.1250000000000001
2,3,Tit For Tat,3.01,2.985,0.02499999999999991
2,3,spiteful,3.01,2.985,0.02499999999999991
2,3,soft_majo,3.01,2.985,0.02499999999999991
2,3,hard_majo,2.99,2.99,0.0
2,3,per_cd,2.685,1.31,1.375
2,3,per_ccd,3.29,1.19,2.1
2,3,per_ddc,2.29,0.765,1.525
2,3,mistrust,2.99,2.99,0.0
2,3,WSLS,3.01,2.985,0.02499999999999991
2,3,TFTT,3.01,2.985,0.02499999999999991
2,3,hard_tft,3.01,2.985,0.02499999999999991
2,3,slow_tft,3.01,2.985,0.02499999999999991
2,3,GrdTFT,3.01,2.985,0.02499999999999991
2,3,prober,3.005,2.98,0.02499999999999991
2,3,mem2,3.01,2.985,0.02499999999999991
2,3,grok:grok-3-mini,3.01,2.985,0.02499999999999991
2,3,Tideman & Chieruzzi,2.975,3.0,-0.02499999999999991
2,3,Nydegger,3.01,2.985,0.02499999999999991
2,3,Grofman,3.01,2.985,0.02499999999999991
2,3,Shubik,3.01,2.985,0.02499999999999991
2,3,Stein & Rapoport: 0.05,2.975,3.0,-0.02499999999999991
2,3,GRIM,3.01,2.985,0.02499999999999991
2,3,Davis: 10,3.01,2.985,0.02499999999999991
2,3,Graaskamp: 0.05,3.555,1.955,1.6
2,3,Downing,1.125,1.05,0.07499999999999996
2,3,"Feld: 1.0, 0.5, 200",1.675,1.95,-0.2749999999999999
2,3,Joss: 0.9,2.47,2.67,-0.19999999999999973
2,3,Tullock,1.285,1.435,-0.15000000000000013
2,3,Anonymous,2.755,0.83,1.9249999999999998
2,3,Random: 0.5,2.72,1.37,1.35
2,4,Cu,3.01,2.985,0.02499999999999991
2,4,Du,0.975,1.1,-0.1250000000000001
2,4,Tit For Tat,3.01,2.985,0.02499999999999991
2,4,spiteful,3.01,2.985,0.02499999999999991
2,4,soft_majo,3.01,2.985,0.02499999999999991
2,4,hard_majo,2.99,2.99,0.0
2,4,per_cd,2.685,1.31,1.375
2,4,per_ccd,3.29,1.19,2.1
2,4,per_ddc,2.29,0.765,1.525
2,4,mistrust,2.99,2.99,0.0
2,4,WSLS,3.01,2.985,0.02499999999999991
2,4,TFTT,3.01,2.985,0.02499999999999991
2,4,hard_tft,3.01,2.985,0.02499999999999991
2,4,slow_tft,3.01,2.985,0.02499999999999991
2,4,GrdTFT,3.01,2.985,0.02499999999999991
2,4,prober,3.005,2.98,0.02499999999999991
2,4,mem2,3.01,2.985,0.02499999999999991
2,4,grok:grok-3-mini,3.01,2.985,0.02499999999999991
2,4,Tideman & Chieruzzi,2.975,3.0,-0.02499999999999991
2,4,Nydegger,3.01,2.985,0.02499999999999991
2,4,Grofman,3.01,2.985,0.02499999999999991
2,4,Shubik,3.01,2.985,0.02499999999999991
2,4,Stein & Rapoport: 0.05,2.975,3.0,-0.02499999999999991
2,4,GRIM,3.01,2.985,0.02499999999999991
2,4,Davis: 10,3.01,2.985,0.02499999999999991
2,4,Graaskamp: 0.05,3.43,2.08,1.35
2,4,Downing,1.125,1.05,0.07499999999999996
2,4,"Feld: 1.0, 0.5, 200",1.805,2.105,-0.30000000000000004
2,4,Joss: 0.9,1.35,1.5,-0.1499999999999999
2,4,Tullock,1.46,1.66,-0.19999999999999996
2,4,Anonymous,3.195,0.545,2.65
2,4,Random: 0.5,2.71,0.66,2.05
2,5,Cu,3.01,2.985,0.02499999999999991
2,5,Du,0.975,1.1,-0.1250000000000001
2,5,Tit For Tat,3.01,2.985,0.02499999999999991
2,5,spiteful,3.01,2.985,0.02499999999999991
2,5,soft_majo,3.01,2.985,0.02499999999999991
2,5,hard_majo,2.99,2.99,0.0
2,5,per_cd,2.685,1.31,1.375
2,5,per_ccd,3.29,1.19,2.1
2,5,per_ddc,2.29,0.765,1.525
2,5,mistrust,2.99,2.99,0.0
2,5,WSLS,3.01,2.985,0.02499999999999991
2,5,TFTT,3.01,2.985,0.02499999999999991
2,5,hard_tft,3.01,2.985,0.02499999999999991
2,5,slow_tft,3.01,2.985,0.02499999999999991
2,5,GrdTFT,3.01,2.985,0.02499999999999991
2,5,prober,3.005,2.98,0.02499999999999991
2,5,mem2,3.01,2.985,0.02499999999999991
2,5,grok:grok-3-mini,3.01,2.985,0.02499999999999991
2,5,Tideman & Chieruzzi,2.975,3.0,-0.02499999999999991
2,5,Nydegger,3.01,2.985,0.02499999999999991
2,5,Grofman,3.01,2.985,0.02499999999999991
2,5,Shubik,3.01,2.985,0.02499999999999991
2,5,Stein & Rapoport: 0.05,2.975,3.0,-0.02499999999999991
2,5,GRIM,3.01,2.985,0.02499999999999991
2,5,Davis: 10,3.01,2.985,0.02499999999999991
2,5,Graaskamp: 0.05,3.38,2.18,1.1999999999999997
2,5,Downing,1.125,1.05,0.07499999999999996
2,5,"Feld: 1.0, 0.5, 200",2.01,2.41,-0.40000000000000036
2,5,Joss: 0.9,2.215,2.49,-0.27500000000000036
2,5,Tullock,1.605,1.68,-0.07499999999999996
2,5,Anonymous,2.91,0.785,2.125
2,5,Random: 0.5,2.94,0.89,2.05
2,6,Cu,3.01,2.985,0.02499999999999991
2,6,Du,0.975,1.1,-0.1250000000000001
2,6,Tit For Tat,3.01,2.985,0.02499999999999991
2,6,spiteful,3.01,2.985,0.02499999999999991
2,6,soft_majo,3.01,2.985,0.02499999999999991
2,6,hard_majo,2.99,2.99,0.0
2,6,per_cd,2.685,1.31,1.375
2,6,per_ccd,3.29,1.19,2.1
2,6,per_ddc,2.29,0.765,1.525
2,6,mistrust,2.99,2.99,0.0
2,6,WSLS,3.01,2.985,0.02499999999999991
2,6,TFTT,3.01,2.985,0.02499999999999991
2,6,hard_tft,3.01,2.985,0.02499999999999991
2,6,slow_tft,3.01,2.985,0.02499999999999991
2,6,GrdTFT,3.01,2.985,0.02499999999999991
2,6,prober,3.005,2.98,0.02499999999999991
2,6,mem2,3.01,2.985,0.02499999999999991
2,6,grok:grok-3-mini,3.01,2.985,0.02499999999999991
2,6,Tideman & Chieruzzi,2.975,3.0,-0.02499999999999991
2,6,Nydegger,3.01,2.985,0.02499999999999991
2,6,Grofman,3.01,2.985,0.02499999999999991
2,6,Shubik,3.01,2.985,0.02499999999999991
2,6,Stein & Rapoport: 0.05,2.975,3.0,-0.02499999999999991
2,6,GRIM,3.01,2.985,0.02499999999999991
2,6,Davis: 10,3.01,2.985,0.02499999999999991
2,6,Graaskamp: 0.05,3.495,1.97,1.5250000000000001
2,6,Downing,1.125,1.05,0.07499999999999996
2,6,"Feld: 1.0, 0.5, 200",1.725,2.0,-0.2749999999999999
2,6,Joss: 0.9,1.2,1.325,-0.125
2,6,Tullock,1.905,2.08,-0.17500000000000004
2,6,Anonymous,2.985,0.585,2.4
2,6,Random: 0.5,2.685,0.735,1.9500000000000002
2,7,Cu,3.01,2.985,0.02499999999999991
2,7,Du,0.975,1.1,-0.1250000000000001
2,7,Tit For Tat,3.01,2.985,0.02499999999999991
2,7,spiteful,3.01,2.985,0.02499999999999991
2,7,soft_majo,3.01,2.985,0.02499999999999991
2,7,hard_majo,2.99,2.99,0.0
2,7,per_cd,2.685,1.31,1.375
2,7,per_ccd,3.29,1.19,2.1
2,7,per_ddc,2.29,0.765,1.525
2,7,mistrust,2.99,2.99,0.0
2,7,WSLS,3.01,2.985,0.02499999999999991
2,7,TFTT,3.01,2.985,0.02499999999999991
2,7,hard_tft,3.01,2.985,0.02499999999999991
2,7,slow_tft,3.01,2.985,0.02499999999999991
2,7,GrdTFT,3.01,2.985,0.02499999999999991
2,7,prober,3.005,2.98,0.02499999999999991
2,7,mem2,3.01,2.985,0.02499999999999991
2,7,grok:grok-3-mini,3.01,2.985,0.02499999999999991
2,7,Tideman & Chieruzzi,2.975,3.0,-0.02499999999999991
2,7,Nydegger,3.01,2.985,0.02499999999999991
2,7,Grofman,3.01,2.985,0.02499999999999991
2,7,Shubik,3.01,2.985,0.02499999999999991
2,7,Stein & Rapoport: 0.05,2.975,3.0,-0.02499999999999991
2,7,GRIM,3.01,2.985,0.02499999999999991
2,7,Davis: 10,3.01,2.985,0.02499999999999991
2,7,Graaskamp: 0.05,3.485,2.035,1.4499999999999997
2,7,Downing,1.125,1.05,0.07499999999999996
2,7,"Feld: 1.0, 0.5, 200",1.605,1.83,-0.2250000000000001
2,7,Joss: 0.9,2.285,2.56,-0.2749999999999999
2,7,Tullock,1.995,2.195,-0.19999999999999973
2,7,Anonymous,2.875,0.625,2.25
2,7,Random: 0.5,2.765,0.665,2.1
2,8,Cu,3.01,2.985,0.02499999999999991
2,8,Du,0.975,1.1,-0.1250000000000001
2,8,Tit For Tat,3.01,2.985,0.02499999999999991
2,8,spiteful,3.01,2.985,0.02499999999999991
2,8,soft_majo,3.01,2.985,0.02499999999999991
2,8,hard_majo,2.99,2.99,0.0
2,8,per_cd,2.685,1.31,1.375
2,8,per_ccd,3.29,1.19,2.1
2,8,per_ddc,2.29,0.765,1.525
2,8,mistrust,2.99,2.99,0.0
2,8,WSLS,3.01,2.985,0.02499999999999991
2,8,TFTT,3.01,2.985,0.02499999999999991
2,8,hard_tft,3.01,2.985,0.02499999999999991
2,8,slow_tft,3.01,2.985,0.02499999999999991
2,8,GrdTFT,3.01,2.985,0.02499999999999991
2,8,prober,3.005,2.98,0.02499999999999991
2,8,mem2,3.01,2.985,0.02499999999999991
2,8,grok:grok-3-mini,3.01,2.985,0.02499999999999991
2,8,Tideman & Chieruzzi,2.975,3.0,-0.02499999999999991
2,8,Nydegger,3.01,2.985,0.02499999999999991
2,8,Grofman,3.01,2.985,0.02499999999999991
2,8,Shubik,3.01,2.985,0.02499999999999991
2,8,Stein & Rapoport: 0.05,2.975,3.0,-0.02499999999999991
2,8,GRIM,3.01,2.985,0.02499999999999991
2,8,Davis: 10,3.01,2.985,0.02499999999999991
2,8,Graaskamp: 0.05,3.33,2.28,1.0500000000000003
2,8,Downing,1.125,1.05,0.07499999999999996
2,8,"Feld: 1.0, 0.5, 200",1.77,2.07,-0.2999999999999998
2,8,Joss: 0.9,1.945,2.27,-0.32499999999999996
2,8,Tullock,1.71,1.71,0.0
2,8,Anonymous,2.77,0.645,2.125
2,8,Random: 0.5,2.83,0.63,2.2
2,9,Cu,3.01,2.985,0.02499999999999991
2,9,Du,0.975,1.1,-0.1250000000000001
2,9,Tit For Tat,3.01,2.985,0.02499999999999991
2,9,spiteful,3.01,2.985,0.02499999999999991
2,9,soft_majo,3.01,2.985,0.02499999999999991
2,9,hard_majo,2.99,2.99,0.0
2,9,per_cd,2.685,1.31,1.375
2,9,per_ccd,3.29,1.19,2.1
2,9,per_ddc,2.29,0.765,1.525
2,9,mistrust,2.99,2.99,0.0
2,9,WSLS,3.01,2.985,0.02499999999999991
2,9,TFTT,3.01,2.985,0.02499999999999991
2,9,hard_tft,3.01,2.985,0.02499999999999991
2,9,slow_tft,3.01,2.985,0.02499999999999991
2,9,GrdTFT,3.01,2.985,0.02499999999999991
2,9,prober,3.005,2.98,0.02499999999999991
2,9,mem2,3.01,2.985,0.02499999999999991
2,9,grok:grok-3-mini,3.01,2.985,0.02499999999999991
2,9,Tideman & Chieruzzi,2.975,3.0,-0.02499999999999991
2,9,Nydegger,3.01,2.985,0.02499999999999991
2,9,Grofman,3.01,2.985,0.02499999999999991
2,9,Shubik,3.01,2.985,0.02499999999999991
2,9,Stein & Rapoport: 0.05,2.975,3.0,-0.02499999999999991
2,9,GRIM,3.01,2.985,0.02499999999999991
2,9,Davis: 10,3.01,2.985,0.02499999999999991
2,9,Graaskamp: 0.05,3.39,2.19,1.2000000000000002
2,9,Downing,1.125,1.05,0.07499999999999996
2,9,"Feld: 1.0, 0.5, 200",1.645,1.995,-0.3500000000000001
2,9,Joss: 0.9,2.11,2.385,-0.2749999999999999
2,9,Tullock,1.385,1.435,-0.050000000000000044
2,9,Anonymous,2.925,0.6,2.3249999999999997
2,9,Random: 0.5,2.915,0.765,2.15
2,10,Cu,3.01,2.985,0.02499999999999991
2,10,Du,0.975,1.1,-0.1250000000000001
2,10,Tit For Tat,3.01,2.985,0.02499999999999991
2,10,spiteful,3.01,2.985,0.02499999999999991
2,10,soft_majo,3.01,2.985,0.02499999999999991
2,10,hard_majo,2.99,2.99,0.0
2,10,per_cd,2.685,1.31,1.375
2,10,per_ccd,3.29,1.19,2.1
2,10,per_ddc,2.29,0.765,1.525
2,10,mistrust,2.99,2.99,0.0
2,10,WSLS,3.01,2.985,0.02499999999999991
2,10,TFTT,3.01,2.985,0.02499999999999991
2,10,hard_tft,3.01,2.985,0.02499999999999991
2,10,slow_tft,3.01,2.985,0.02499999999999991
2,10,GrdTFT,3.01,2.985,0.02499999999999991
2,10,prober,3.005,2.98,0.02499999999999991
2,10,mem2,3.01,2.985,0.02499999999999991
2,10,grok:grok-3-mini,3.01,2.985,0.02499999999999991
2,10,Tideman & Chieruzzi,2.975,3.0,-0.02499999999999991
2,10,Nydegger,3.01,2.985,0.02499999999999991
2,10,Grofman,3.01,2.985,0.02499999999999991
2,10,Shubik,3.01,2.985,0.02499999999999991
2,10,Stein & Rapoport: 0.05,2.975,3.0,-0.02499999999999991
2,10,GRIM,3.01,2.985,0.02499999999999991
2,10,Davis: 10,3.01,2.985,0.02499999999999991
2,10,Graaskamp: 0.05,3.415,2.14,1.275
2,10,Downing,1.125,1.05,0.07499999999999996
2,10,"Feld: 1.0, 0.5, 200",1.915,2.29,-0.375
2,10,Joss: 0.9,2.595,2.77,-0.17499999999999982
2,10,Tullock,1.405,1.455,-0.050000000000000044
2,10,Anonymous,2.825,0.625,2.2
2,10,Random: 0.5,2.695,0.67,2.025
2,11,Cu,3.01,2.985,0.02499999999999991
2,11,Du,0.975,1.1,-0.1250000000000001
2,11,Tit For Tat,3.01,2.985,0.02499999999999991
2,11,spiteful,3.01,2.985,0.02499999999999991
2,11,soft_majo,3.01,2.985,0.02499999999999991
2,11,hard_majo,2.99,2.99,0.0
2,11,per_cd,2.685,1.31,1.375
2,11,per_ccd,3.29,1.19,2.1
2,11,per_ddc,2.29,0.765,1.525
2,11,mistrust,2.99,2.99,0.0
2,11,WSLS,3.01,2.985,0.02499999999999991
2,11,TFTT,3.01,2.985,0.02499999999999991
2,11,hard_tft,3.01,2.985,0.02499999999999991
2,11,slow_tft,3.01,2.985,0.02499999999999991
2,11,GrdTFT,3.01,2.985,0.02499999999999991
2,11,prober,3.005,2.98,0.02499999999999991
2,11,mem2,3.01,2.985,0.02499999999999991
2,11,grok:grok-3-mini,3.01,2.985,0.02499999999999991
2,11,Tideman & Chieruzzi,2.975,3.0,-0.02499999999999991
2,11,Nydegger,3.01,2.985,0.02499999999999991
2,11,Grofman,3.01,2.985,0.02499999999999991
2,11,Shubik,3.01,2.985,0.02499999999999991
2,11,Stein & Rapoport: 0.05,2.975,3.0,-0.02499999999999991
2,11,GRIM,3.01,2.985,0.02499999999999991
2,11,Davis: 10,3.01,2.985,0.02499999999999991
2,11,Graaskamp: 0.05,3.435,2.135,1.3000000000000003
2,11,Downing,1.125,1.05,0.07499999999999996
2,11,"Feld: 1.0, 0.5, 200",1.545,1.82,-0.27500000000000013
2,11,Joss: 0.9,2.025,2.375,-0.3500000000000001
2,11,Tullock,1.295,1.37,-0.07500000000000018
2,11,Anonymous,3.055,0.605,2.45
2,11,Random: 0.5,2.79,1.09,1.7
2,12,Cu,3.01,2.985,0.02499999999999991
2,12,Du,0.975,1.1,-0.1250000000000001
2,12,Tit For Tat,3.01,2.985,0.02499999999999991
2,12,spiteful,3.01,2.985,0.02499999999999991
2,12,soft_majo,3.01,2.985,0.02499999999999991
2,12,hard_majo,2.99,2.99,0.0
2,12,per_cd,2.685,1.31,1.375
2,12,per_ccd,3.29,1.19,2.1
2,12,per_ddc,2.29,0.765,1.525
2,12,mistrust,2.99,2.99,0.0
2,12,WSLS,3.01,2.985,0.02499999999999991
2,12,TFTT,3.01,2.985,0.02499999999999991
2,12,hard_tft,3.01,2.985,0.02499999999999991
2,12,slow_tft,3.01,2.985,0.02499999999999991
2,12,GrdTFT,3.01,2.985,0.02499999999999991
2,12,prober,3.005,2.98,0.02499999999999991
2,12,mem2,3.01,2.985,0.02499999999999991
2,12,grok:grok-3-mini,3.01,2.985,0.02499999999999991
2,12,Tideman & Chieruzzi,2.975,3.0,-0.02499999999999991
2,12,Nydegger,3.01,2.985,0.02499999999999991
2,12,Grofman,3.01,2.985,0.02499999999999991
2,12,Shubik,3.01,2.985,0.02499999999999991
2,12,Stein & Rapoport: 0.05,2.975,3.0,-0.02499999999999991
2,12,GRIM,3.01,2.985,0.02499999999999991
2,12,Davis: 10,3.01,2.985,0.02499999999999991
2,12,Graaskamp: 0.05,3.53,2.005,1.525
2,12,Downing,1.125,1.05,0.07499999999999996
2,12,"Feld: 1.0, 0.5, 200",1.915,2.315,-0.3999999999999999
2,12,Joss: 0.9,2.32,2.595,-0.27500000000000036
2,12,Tullock,1.395,1.37,0.02499999999999991
2,12,Anonymous,2.91,0.66,2.25
2,12,Random: 0.5,2.67,1.37,1.2999999999999998
2,13,Cu,3.01,2.985,0.02499999999999991
2,13,Du,0.975,1.1,-0.1250000000000001
2,13,Tit For Tat,3.01,2.985,0.02499999999999991
2,13,spiteful,3.01,2.985,0.02499999999999991
2,13,soft_majo,3.01,2.985,0.02499999999999991
2,13,hard_majo,2.99,2.99,0.0
2,13,per_cd,2.685,1.31,1.375
2,13,per_ccd,3.29,1.19,2.1
2,13,per_ddc,2.29,0.765,1.525
2,13,mistrust,2.99,2.99,0.0
2,13,WSLS,3.01,2.985,0.02499999999999991
2,13,TFTT,3.01,2.985,0.02499999999999991
2,13,hard_tft,3.01,2.985,0.02499999999999991
2,13,slow_tft,3.01,2.985,0.02499999999999991
2,13,GrdTFT,3.01,2.985,0.02499999999999991
2,13,prober,3.005,2.98,0.02499999999999991
2,13,mem2,3.01,2.985,0.02499999999999991
2,13,grok:grok-3-mini,3.01,2.985,0.02499999999999991
2,13,Tideman & Chieruzzi,2.975,3.0,-0.02499999999999991
2,13,Nydegger,3.01,2.985,0.02499999999999991
2,13,Grofman,3.01,2.985,0.02499999999999991
2,13,Shubik,3.01,2.985,0.02499999999999991
2,13,Stein & Rapoport: 0.05,2.975,3.0,-0.02499999999999991
2,13,GRIM,3.01,2.985,0.02499999999999991
2,13,Davis: 10,3.01,2.985,0.02499999999999991
2,13,Graaskamp: 0.05,3.335,2.285,1.0499999999999998
2,13,Downing,1.125,1.05,0.07499999999999996
2,13,"Feld: 1.0, 0.5, 200",1.905,2.28,-0.3749999999999998
2,13,Joss: 0.9,1.945,2.295,-0.34999999999999987
2,13,Tullock,1.575,1.725,-0.15000000000000013
2,13,Anonymous,2.735,0.81,1.9249999999999998
2,13,Random: 0.5,2.92,0.62,2.3
2,14,Cu,3.01,2.985,0.02499999999999991
2,14,Du,0.975,1.1,-0.1250000000000001
2,14,Tit For Tat,3.01,2.985,0.02499999999999991
2,14,spiteful,3.01,2.985,0.02499999999999991
2,14,soft_majo,3.01,2.985,0.02499999999999991
2,14,hard_majo,2.99,2.99,0.0
2,14,per_cd,2.685,1.31,1.375
2,14,per_ccd,3.29,1.19,2.1
2,14,per_ddc,2.29,0.765,1.525
2,14,mistrust,2.99,2.99,0.0
2,14,WSLS,3.01,2.985,0.02499999999999991
2,14,TFTT,3.01,2.985,0.02499999999999991
2,14,hard_tft,3.01,2.985,0.02499999999999991
2,14,slow_tft,3.01,2.985,0.02499999999999991
2,14,GrdTFT,3.01,2.985,0.02499999999999991
2,14,prober,3.005,2.98,0.02499999999999991
2,14,mem2,3.01,2.985,0.02499999999999991
2,14,grok:grok-3-mini,3.01,2.985,0.02499999999999991
2,14,Tideman & Chieruzzi,2.975,3.0,-0.02499999999999991
2,14,Nydegger,3.01,2.985,0.02499999999999991
2,14,Grofman,3.01,2.985,0.02499999999999991
2,14,Shubik,3.01,2.985,0.02499999999999991
2,14,Stein & Rapoport: 0.05,2.975,3.0,-0.02499999999999991
2,14,GRIM,3.01,2.985,0.02499999999999991
2,14,Davis: 10,3.01,2.985,0.02499999999999991
2,14,Graaskamp: 0.05,3.43,2.155,1.2750000000000004
2,14,Downing,1.125,1.05,0.07499999999999996
2,14,"Feld: 1.0, 0.5, 200",1.75,2.075,-0.3250000000000002
2,14,Joss: 0.9,2.11,2.385,-0.2749999999999999
2,14,Tullock,1.615,1.64,-0.02499999999999991
2,14,Anonymous,3.105,0.555,2.55
2,14,Random: 0.5,3.09,0.59,2.5
2,15,Cu,3.01,2.985,0.02499999999999991
2,15,Du,0.975,1.1,-0.1250000000000001
2,15,Tit For Tat,3.01,2.985,0.02499999999999991
2,15,spiteful,3.01,2.985,0.02499999999999991
2,15,soft_majo,3.01,2.985,0.02499999999999991
2,15,hard_majo,2.99,2.99,0.0
2,15,per_cd,2.685,1.31,1.375
2,15,per_ccd,3.29,1.19,2.1
2,15,per_ddc,2.29,0.765,1.525
2,15,mistrust,2.99,2.99,0.0
2,15,WSLS,3.01,2.985,0.02499999999999991
2,15,TFTT,3.01,2.985,0.02499999999999991
2,15,hard_tft,3.01,2.985,0.02499999999999991
2,15,slow_tft,3.01,2.985,0.02499999999999991
2,15,GrdTFT,3.01,2.985,0.02499999999999991
2,15,prober,3.005,2.98,0.02499999999999991
2,15,mem2,3.01,2.985,0.02499999999999991
2,15,grok:grok-3-mini,3.01,2.985,0.02499999999999991
2,15,Tideman & Chieruzzi,2.975,3.0,-0.02499999999999991
2,15,Nydegger,3.01,2.985,0.02499999999999991
2,15,Grofman,3.01,2.985,0.02499999999999991
2,15,Shubik,3.01,2.985,0.02499999999999991
2,15,Stein & Rapoport: 0.05,2.975,3.0,-0.02499999999999991
2,15,GRIM,3.01,2.985,0.02499999999999991
2,15,Davis: 10,3.01,2.985,0.02499999999999991
2,15,Graaskamp: 0.05,3.425,2.15,1.275
2,15,Downing,1.125,1.05,0.07499999999999996
2,15,"Feld: 1.0, 0.5, 200",1.705,2.005,-0.2999999999999998
2,15,Joss: 0.9,1.27,1.42,-0.1499999999999999
2,15,Tullock,1.56,1.61,-0.050000000000000044
2,15,Anonymous,2.98,0.605,2.375
2,15,Random: 0.5,3.03,0.58,2.4499999999999997
2,16,Cu,3.01,2.985,0.02499999999999991
2,16,Du,0.975,1.1,-0.1250000000000001
2,16,Tit For Tat,3.01,2.985,0.02499999999999991
2,16,spiteful,3.01,2.985,0.02499999999999991
2,16,soft_majo,3.01,2.985,0.02499999999999991
2,16,hard_majo,2.99,2.99,0.0
2,16,per_cd,2.685,1.31,1.375
2,16,per_ccd,3.29,1.19,2.1
2,16,per_ddc,2.29,0.765,1.525
2,16,mistrust,2.99,2.99,0.0
2,16,WSLS,3.01,2.985,0.02499999999999991
2,16,TFTT,3.01,2.985,0.02499999999999991
2,16,hard_tft,3.01,2.985,0.02499999999999991
2,16,slow_tft,3.01,2.985,0.02499999999999991
2,16,GrdTFT,3.01,2.985,0.02499999999999991
2,16,prober,3.005,2.98,0.02499999999999991
2,16,mem2,3.01,2.985,0.02499999999999991
2,16,grok:grok-3-mini,3.01,2.985,0.02499999999999991
2,16,Tideman & Chieruzzi,2.975,3.0,-0.02499999999999991
2,16,Nydegger,3.01,2.985,0.02499999999999991
2,16,Grofman,3.01,2.985,0.02499999999999991
2,16,Shubik,3.01,2.985,0.02499999999999991
2,16,Stein & Rapoport: 0.05,2.975,3.0,-0.02499999999999991
2,16,GRIM,3.01,2.985,0.02499999999999991
2,16,Davis: 10,3.01,2.985,0.02499999999999991
2,16,Graaskamp: 0.05,3.43,2.13,1.3000000000000003
2,16,Downing,1.125,1.05,0.07499999999999996
2,16,"Feld: 1.0, 0.5, 200",1.805,2.18,-0.3750000000000002
2,16,Joss: 0.9,2.32,2.595,-0.27500000000000036
2,16,Tullock,1.355,1.43,-0.07499999999999996
2,16,Anonymous,2.94,0.715,2.225
2,16,Random: 0.5,2.875,0.65,2.225
2,17,Cu,3.01,2.985,0.02499999999999991
2,17,Du,0.975,1.1,-0.1250000000000001
2,17,Tit For Tat,3.01,2.985,0.02499999999999991
2,17,spiteful,3.01,2.985,0.02499999999999991
2,17,soft_majo,3.01,2.985,0.02499999999999991
2,17,hard_majo,2.99,2.99,0.0
2,17,per_cd,2.685,1.31,1.375
2,17,per_ccd,3.29,1.19,2.1
2,17,per_ddc,2.29,0.765,1.525
2,17,mistrust,2.99,2.99,0.0
2,17,WSLS,3.01,2.985,0.02499999999999991
2,17,TFTT,3.01,2.985,0.02499999999999991
2,17,hard_tft,3.01,2.985,0.02499999999999991
2,17,slow_tft,3.01,2.985,0.02499999999999991
2,17,GrdTFT,3.01,2.985,0.02499999999999991
2,17,prober,3.005,2.98,0.02499999999999991
2,17,mem2,3.01,2.985,0.02499999999999991
2,17,grok:grok-3-mini,3.01,2.985,0.02499999999999991
2,17,Tideman & Chieruzzi,2.975,3.0,-0.02499999999999991
2,17,Nydegger,3.01,2.985,0.02499999999999991
2,17,Grofman,3.01,2.985,0.02499999999999991
2,17,Shubik,3.01,2.985,0.02499999999999991
2,17,Stein & Rapoport: 0.05,2.975,3.0,-0.02499999999999991
2,17,GRIM,3.01,2.985,0.02499999999999991
2,17,Davis: 10,3.01,2.985,0.02499999999999991
2,17,Graaskamp: 0.05,3.44,2.14,1.2999999999999998
2,17,Downing,1.125,1.05,0.07499999999999996
2,17,"Feld: 1.0, 0.5, 200",1.705,2.03,-0.32499999999999973
2,17,Joss: 0.9,2.45,2.675,-0.22499999999999964
2,17,Tullock,1.495,1.57,-0.07499999999999996
2,17,Anonymous,2.75,0.875,1.875
2,17,Random: 0.5,2.605,1.43,1.175
2,18,Cu,3.01,2.985,0.02499999999999991
2,18,Du,0.975,1.1,-0.1250000000000001
2,18,Tit For Tat,3.01,2.985,0.02499999999999991
2,18,spiteful,3.01,2.985,0.02499999999999991
2,18,soft_majo,3.01,2.985,0.02499999999999991
2,18,hard_majo,2.99,2.99,0.0
2,18,per_cd,2.685,1.31,1.375
2,18,per_ccd,3.29,1.19,2.1
2,18,per_ddc,2.29,0.765,1.525
2,18,mistrust,2.99,2.99,0.0
2,18,WSLS,3.01,2.985,0.02499999999999991
2,18,TFTT,3.01,2.985,0.02499999999999991
2,18,hard_tft,3.01,2.985,0.02499999999999991
2,18,slow_tft,3.01,2.985,0.02499999999999991
2,18,GrdTFT,3.01,2.985,0.02499999999999991
2,18,prober,3.005,2.98,0.02499999999999991
2,18,mem2,3.01,2.985,0.02499999999999991
2,18,grok:grok-3-mini,3.01,2.985,0.02499999999999991
2,18,Tideman & Chieruzzi,2.975,3.0,-0.02499999999999991
2,18,Nydegger,3.01,2.985,0.02499999999999991
2,18,Grofman,3.01,2.985,0.02499999999999991
2,18,Shubik,3.01,2.985,0.02499999999999991
2,18,Stein & Rapoport: 0.05,2.975,3.0,-0.02499999999999991
2,18,GRIM,3.01,2.985,0.02499999999999991
2,18,Davis: 10,3.01,2.985,0.02499999999999991
2,18,Graaskamp: 0.05,3.43,2.13,1.3000000000000003
2,18,Downing,1.125,1.05,0.07499999999999996
2,18,"Feld: 1.0, 0.5, 200",1.825,2.125,-0.30000000000000004
2,18,Joss: 0.9,1.705,1.98,-0.2749999999999999
2,18,Tullock,1.41,1.51,-0.10000000000000009
2,18,Anonymous,2.77,1.37,1.4
2,18,Random: 0.5,3.065,0.615,2.45
2,19,Cu,3.01,2.985,0.02499999999999991
2,19,Du,0.975,1.1,-0.1250000000000001
2,19,Tit For Tat,3.01,2.985,0.02499999999999991
2,19,spiteful,3.01,2.985,0.02499999999999991
2,19,soft_majo,3.01,2.985,0.02499999999999991
2,19,hard_majo,2.99,2.99,0.0
2,19,per_cd,2.685,1.31,1.375
2,19,per_ccd,3.29,1.19,2.1
2,19,per_ddc,2.29,0.765,1.525
2,19,mistrust,2.99,2.99,0.0
2,19,WSLS,3.01,2.985,0.02499999999999991
2,19,TFTT,3.01,2.985,0.02499999999999991
2,19,hard_tft,3.01,2.985,0.02499999999999991
2,19,slow_tft,3.01,2.985,0.02499999999999991
2,19,GrdTFT,3.01,2.985,0.02499999999999991
2,19,prober,3.005,2.98,0.02499999999999991
2,19,mem2,3.01,2.985,0.02499999999999991
2,19,grok:grok-3-mini,3.01,2.985,0.02499999999999991
2,19,Tideman & Chieruzzi,2.975,3.0,-0.02499999999999991
2,19,Nydegger,3.01,2.985,0.02499999999999991
2,19,Grofman,3.01,2.985,0.02499999999999991
2,19,Shubik,3.01,2.985,0.02499999999999991
2,19,Stein & Rapoport: 0.05,2.975,3.0,-0.02499999999999991
2,19,GRIM,3.01,2.985,0.02499999999999991
2,19,Davis: 10,3.01,2.985,0.02499999999999991
2,19,Graaskamp: 0.05,3.425,2.15,1.275
2,19,Downing,1.125,1.05,0.07499999999999996
2,19,"Feld: 1.0, 0.5, 200",1.705,2.005,-0.2999999999999998
2,19,Joss: 0.9,2.305,2.58,-0.2749999999999999
2,19,Tullock,1.28,1.355,-0.07499999999999996
2,19,Anonymous,3.015,0.59,2.4250000000000003
2,19,Random: 0.5,2.89,0.765,2.125
3,0,Cu,3.01,2.985,0.02499999999999991
3,0,Du,0.975,1.1,-0.1250000000000001
3,0,Tit For Tat,3.01,2.985,0.02499999999999991
3,0,spiteful,3.01,2.985,0.02499999999999991
3,0,soft_majo,3.01,2.985,0.02499999999999991
3,0,hard_majo,2.99,2.99,0.0
3,0,per_cd,2.685,1.31,1.375
3,0,per_ccd,3.29,1.19,2.1
3,0,per_ddc,2.29,0.765,1.525
3,0,mistrust,2.99,2.99,0.0
3,0,WSLS,3.01,2.985,0.02499999999999991
3,0,TFTT,3.01,2.985,0.02499999999999991
3,0,hard_tft,3.01,2.985,0.02499999999999991
3,0,slow_tft,3.01,2.985,0.02499999999999991
3,0,GrdTFT,3.01,2.985,0.02499999999999991
3,0,prober,3.005,2.98,0.02499999999999991
3,0,mem2,3.01,2.985,0.02499999999999991
3,0,grok:grok-3-mini,3.01,2.985,0.02499999999999991
3,0,Tideman & Chieruzzi,2.975,3.0,-0.02499999999999991
3,0,Nydegger,3.01,2.985,0.02499999999999991
3,0,Grofman,3.01,2.985,0.02499999999999991
3,0,Shubik,3.01,2.985,0.02499999999999991
3,0,Stein & Rapoport: 0.05,2.975,3.0,-0.02499999999999991
3,0,GRIM,3.01,2.985,0.02499999999999991
3,0,Davis: 10,3.01,2.985,0.02499999999999991
3,0,Graaskamp: 0.05,3.55,1.975,1.5749999999999997
3,0,Downing,1.125,1.05,0.07499999999999996
3,0,"Feld: 1.0, 0.5, 200",1.985,2.31,-0.32499999999999996
3,0,Joss: 0.9,1.605,1.88,-0.2749999999999999
3,0,Tullock,1.275,1.375,-0.10000000000000009
3,0,Anonymous,2.93,0.63,2.3000000000000003
3,0,Random: 0.5,2.76,0.66,2.0999999999999996
3,1,Cu,3.01,2.985,0.02499999999999991
3,1,Du,0.975,1.1,-0.1250000000000001
3,1,Tit For Tat,3.01,2.985,0.02499999999999991
3,1,spiteful,3.01,2.985,0.02499999999999991
3,1,soft_majo,3.01,2.985,0.02499999999999991
3,1,hard_majo,2.99,2.99,0.0
3,1,per_cd,2.685,1.31,1.375
3,1,per_ccd,3.29,1.19,2.1
3,1,per_ddc,2.29,0.765,1.525
3,1,mistrust,2.99,2.99,0.0
3,1,WSLS,3.01,2.985,0.02499999999999991
3,1,TFTT,3.01,2.985,0.02499999999999991
3,1,hard_tft,3.01,2.985,0.02499999999999991
3,1,slow_tft,3.01,2.985,0.02499999999999991
3,1,GrdTFT,3.01,2.985,0.02499999999999991
3,1,prober,3.005,2.98,0.02499999999999991
3,1,mem2,3.01,2.985,0.02499999999999991
3,1,grok:grok-3-mini,3.01,2.985,0.02499999999999991
3,1,Tideman & Chieruzzi,2.975,3.0,-0.02499999999999991
3,1,Nydegger,3.01,2.985,0.02499999999999991
3,1,Grofman,3.01,2.985,0.02499999999999991
3,1,Shubik,3.01,2.985,0.02499999999999991
3,1,Stein & Rapoport: 0.05,2.975,3.0,-0.02499999999999991
3,1,GRIM,3.01,2.985,0.02499999999999991
3,1,Davis: 10,3.01,2.985,0.02499999999999991
3,1,Graaskamp: 0.05,3.405,2.205,1.1999999999999997
3,1,Downing,1.125,1.05,0.07499999999999996
3,1,"Feld: 1.0, 0.5, 200",1.475,1.7,-0.22499999999999987
3,1,Joss: 0.9,1.245,1.395,-0.1499999999999999
3,1,Tullock,1.515,1.64,-0.125
3,1,Anonymous,3.09,0.565,2.525
3,1,Random: 0.5,2.975,0.65,2.325
3,2,Cu,3.01,2.985,0.02499999999999991
3,2,Du,0.975,1.1,-0.1250000000000001
3,2,Tit For Tat,3.01,2.985,0.02499999999999991
3,2,spiteful,3.01,2.985,0.02499999999999991
3,2,soft_majo,3.01,2.985,0.02499999999999991
3,2,hard_majo,2.99,2.99,0.0
3,2,per_cd,2.685,1.31,1.375
3,2,per_ccd,3.29,1.19,2.1
3,2,per_ddc,2.29,0.765,1.525
3,2,mistrust,2.99,2.99,0.0
3,2,WSLS,3.01,2.985,0.02499999999999991
3,2,TFTT,3.01,2.985,0.02499999999999991
3,2,hard_tft,3.01,2.985,0.02499999999999991
3,2,slow_tft,3.01,2.985,0.02499999999999991
3,2,GrdTFT,3.01,2.985,0.02499999999999991
3,2,prober,3.005,2.98,0.02499999999999991
3,2,mem2,3.01,2.985,0.02499999999999991
3,2,grok:grok-3-mini,3.01,2.985,0.02499999999999991
3,2,Tideman & Chieruzzi,2.975,3.0,-0.02499999999999991
3,2,Nydegger,3.01,2.985,0.02499999999999991
3,2,Grofman,3.01,2.985,0.02499999999999991
3,2,Shubik,3.01,2.985,0.02499999999999991
3,2,Stein & Rapoport: 0.05,2.975,3.0,-0.02499999999999991
3,2,GRIM,3.01,2.985,0.02499999999999991
3,2,Davis: 10,3.01,2.985,0.02499999999999991
3,2,Graaskamp: 0.05,3.43,2.13,1.3000000000000003
3,2,Downing,1.125,1.05,0.07499999999999996
3,2,"Feld: 1.0, 0.5, 200",1.77,2.07,-0.2999999999999998
3,2,Joss: 0.9,1.865,2.165,-0.30000000000000004
3,2,Tullock,1.59,1.59,0.0
3,2,Anonymous,3.225,0.525,2.7
3,2,Random: 0.5,2.81,0.635,2.175
3,3,Cu,3.01,2.985,0.02499999999999991
3,3,Du,0.975,1.1,-0.1250000000000001
3,3,Tit For Tat,3.01,2.985,0.02499999999999991
3,3,spiteful,3.01,2.985,0.02499999999999991
3,3,soft_majo,3.01,2.985,0.02499999999999991
3,3,hard_majo,2.99,2.99,0.0
3,3,per_cd,2.685,1.31,1.375
3,3,per_ccd,3.29,1.19,2.1
3,3,per_ddc,2.29,0.765,1.525
3,3,mistrust,2.99,2.99,0.0
3,3,WSLS,3.01,2.985,0.02499999999999991
3,3,TFTT,3.01,2.985,0.02499999999999991
3,3,hard_tft,3.01,2.985,0.02499999999999991
3,3,slow_tft,3.01,2.985,0.02499999999999991
3,3,GrdTFT,3.01,2.985,0.02499999999999991
3,3,prober,3.005,2.98,0.02499999999999991
3,3,mem2,3.01,2.985,0.02499999999999991
3,3,grok:grok-3-mini,3.01,2.985,0.02499999999999991
3,3,Tideman & Chieruzzi,2.975,3.0,-0.02499999999999991
3,3,Nydegger,3.01,2.985,0.02499999999999991
3,3,Grofman,3.01,2.985,0.02499999999999991
3,3,Shubik,3.01,2.985,0.02499999999999991
3,3,Stein & Rapoport: 0.05,2.975,3.0,-0.02499999999999991
3,3,GRIM,3.01,2.985,0.02499999999999991
3,3,Davis: 10,3.01,2.985,0.02499999999999991
3,3,Graaskamp: 0.05,3.41,2.16,1.25
3,3,Downing,1.125,1.05,0.07499999999999996
3,3,"Feld: 1.0, 0.5, 200",1.865,2.215,-0.34999999999999987
3,3,Joss: 0.9,2.115,2.39,-0.2749999999999999
3,3,Tullock,1.425,1.475,-0.050000000000000044
3,3,Anonymous,2.785,0.66,2.125
3,3,Random: 0.5,2.885,0.61,2.275
3,4,Cu,3.01,2.985,0.02499999999999991
3,4,Du,0.975,1.1,-0.1250000000000001
3,4,Tit For Tat,3.01,2.985,0.02499999999999991
3,4,spiteful,3.01,2.985,0.02499999999999991
3,4,soft_majo,3.01,2.985,0.02499999999999991
3,4,hard_majo,2.99,2.99,0.0
3,4,per_cd,2.685,1.31,1.375
3,4,per_ccd,3.29,1.19,2.1
3,4,per_ddc,2.29,0.765,1.525
3,4,mistrust,2.99,2.99,0.0
3,4,WSLS,3.01,2.985,0.02499999999999991
3,4,TFTT,3.01,2.985,0.02499999999999991
3,4,hard_tft,3.01,2.985,0.02499999999999991
3,4,slow_tft,3.01,2.985,0.02499999999999991
3,4,GrdTFT,3.01,2.985,0.02499999999999991
3,4,prober,3.005,2.98,0.02499999999999991
3,4,mem2,3.01,2.985,0.02499999999999991
3,4,grok:grok-3-mini,3.01,2.985,0.02499999999999991
3,4,Tideman & Chieruzzi,2.975,3.0,-0.02499999999999991
3,4,Nydegger,3.01,2.985,0.02499999999999991
3,4,Grofman,3.01,2.985,0.02499999999999991
3,4,Shubik,3.01,2.985,0.02499999999999991
3,4,Stein & Rapoport: 0.05,2.975,3.0,-0.02499999999999991
3,4,GRIM,3.01,2.985,0.02499999999999991
3,4,Davis: 10,3.01,2.985,0.02499999999999991
3,4,Graaskamp: 0.05,3.3,2.3,1.0
3,4,Downing,1.125,1.05,0.07499999999999996
3,4,"Feld: 1.0, 0.5, 200",1.555,1.855,-0.30000000000000004
3,4,Joss: 0.9,2.24,2.49,-0.25
3,4,Tullock,1.4,1.35,0.04999999999999982
3,4,Anonymous,2.995,0.595,2.4000000000000004
3,4,Random: 0.5,2.765,0.64,2.125
3,5,Cu,3.01,2.985,0.02499999999999991
3,5,Du,0.975,1.1,-0.1250000000000001
3,5,Tit For Tat,3.01,2.985,0.02499999999999991
3,5,spiteful,3.01,2.985,0.02499999999999991
3,5,soft_majo,3.01,2.985,0.02499999999999991
3,5,hard_majo,2.99,2.99,0.0
3,5,per_cd,2.685,1.31,1.375
3,5,per_ccd,3.29,1.19,2.1
3,5,per_ddc,2.29,0.765,1.525
3,5,mistrust,2.99,2.99,0.0
3,5,WSLS,3.01,2.985,0.02499999999999991
3,5,TFTT,3.01,2.985,0.02499999999999991
3,5,hard_tft,3.01,2.985,0.02499999999999991
3,5,slow_tft,3.01,2.985,0.02499999999999991
3,5,GrdTFT,3.01,2.985,0.02499999999999991
3,5,prober,3.005,2.98,0.02499999999999991
3,5,mem2,3.01,2.985,0.02499999999999991
3,5,grok:grok-3-mini,3.01,2.985,0.02499999999999991
3,5,Tideman & Chieruzzi,2.975,3.0,-0.02499999999999991
3,5,Nydegger,3.01,2.985,0.02499999999999991
3,5,Grofman,3.01,2.985,0.02499999999999991
3,5,Shubik,3.01,2.985,0.02499999999999991
3,5,Stein & Rapoport: 0.05,2.975,3.0,-0.02499999999999991
3,5,GRIM,3.01,2.985,0.02499999999999991
3,5,Davis: 10,3.01,2.985,0.02499999999999991
3,5,Graaskamp: 0.05,3.64,1.865,1.7750000000000001
3,5,Downing,1.125,1.05,0.07499999999999996
3,5,"Feld: 1.0, 0.5, 200",1.805,2.155,-0.34999999999999987
3,5,Joss: 0.9,2.545,2.745,-0.20000000000000018
3,5,Tullock,1.285,1.385,-0.10000000000000009
3,5,Anonymous,3.115,0.665,2.45
3,5,Random: 0.5,3.145,0.545,2.6
3,6,Cu,3.01,2.985,0.02499999999999991
3,6,Du,0.975,1.1,-0.1250000000000001
3,6,Tit For Tat,3.01,2.985,0.02499999999999991
3,6,spiteful,3.01,2.985,0.02499999999999991
3,6,soft_majo,3.01,2.985,0.02499999999999991
3,6,hard_majo,2.99,2.99,0.0
3,6,per_cd,2.685,1.31,1.375
3,6,per_ccd,3.29,1.19,2.1
3,6,per_ddc,2.29,0.765,1.525
3,6,mistrust,2.99,2.99,0.0
3,6,WSLS,3.01,2.985,0.02499999999999991
3,6,TFTT,3.01,2.985,0.02499999999999991
3,6,hard_tft,3.01,2.985,0.02499999999999991
3,6,slow_tft,3.01,2.985,0.02499999999999991
3,6,GrdTFT,3.01,2.985,0.02499999999999991
3,6,prober,3.005,2.98,0.02499999999999991
3,6,mem2,3.01,2.985,0.02499999999999991
3,6,grok:grok-3-mini,3.01,2.985,0.02499999999999991
3,6,Tideman & Chieruzzi,2.975,3.0,-0.02499999999999991
3,6,Nydegger,3.01,2.985,0.02499999999999991
3,6,Grofman,3.01,2.985,0.02499999999999991
3,6,Shubik,3.01,2.985,0.02499999999999991
3,6,Stein & Rapoport: 0.05,2.975,3.0,-0.02499999999999991
3,6,GRIM,3.01,2.985,0.02499999999999991
3,6,Davis: 10,3.01,2.985,0.02499999999999991
3,6,Graaskamp: 0.05,3.465,2.065,1.4
3,6,Downing,1.125,1.05,0.07499999999999996
3,6,"Feld: 1.0, 0.5, 200",1.705,1.98,-0.2749999999999999
3,6,Joss: 0.9,2.205,2.53,-0.32499999999999973
3,6,Tullock,1.525,1.6,-0.07500000000000018
3,6,Anonymous,2.975,0.6,2.375
3,6,Random: 0.5,2.695,1.345,1.3499999999999999
3,7,Cu,3.01,2.985,0.02499999999999991
3,7,Du,0.975,1.1,-0.1250000000000001
3,7,Tit For Tat,3.01,2.985,0.02499999999999991
3,7,spiteful,3.01,2.985,0.02499999999999991
3,7,soft_majo,3.01,2.985,0.02499999999999991
3,7,hard_majo,2.99,2.99,0.0
3,7,per_cd,2.685,1.31,1.375
3,7,per_ccd,3.29,1.19,2.1
3,7,per_ddc,2.29,0.765,1.525
3,7,mistrust,2.99,2.99,0.0
3,7,WSLS,3.01,2.985,0.02499999999999991
3,7,TFTT,3.01,2.985,0.02499999999999991
3,7,hard_tft,3.01,2.985,0.02499999999999991
3,7,slow_tft,3.01,2.985,0.02499999999999991
3,7,GrdTFT,3.01,2.985,0.02499999999999991
3,7,prober,3.005,2.98,0.02499999999999991
3,7,mem2,3.01,2.985,0.02499999999999991
3,7,grok:grok-3-mini,3.01,2.985,0.02499999999999991
3,7,Tideman & Chieruzzi,2.975,3.0,-0.02499999999999991
3,7,Nydegger,3.01,2.985,0.02499999999999991
3,7,Grofman,3.01,2.985,0.02499999999999991
3,7,Shubik,3.01,2.985,0.02499999999999991
3,7,Stein & Rapoport: 0.05,2.975,3.0,-0.02499999999999991
3,7,GRIM,3.01,2.985,0.02499999999999991
3,7,Davis: 10,3.01,2.985,0.02499999999999991
3,7,Graaskamp: 0.05,3.41,2.135,1.2750000000000004
3,7,Downing,1.125,1.05,0.07499999999999996
3,7,"Feld: 1.0, 0.5, 200",1.725,2.0,-0.2749999999999999
3,7,Joss: 0.9,2.07,2.395,-0.3250000000000002
3,7,Tullock,1.565,1.515,0.050000000000000044
3,7,Anonymous,3.06,0.785,2.275
3,7,Random: 0.5,3.045,0.57,2.475
3,8,Cu,3.01,2.985,0.02499999999999991
3,8,Du,0.975,1.1,-0.1250000000000001
3,8,Tit For Tat,3.01,2.985,0.02499999999999991
3,8,spiteful,3.01,2.985,0.02499999999999991
3,8,soft_majo,3.01,2.985,0.02499999999999991
3,8,hard_majo,2.99,2.99,0.0
3,8,per_cd,2.685,1.31,1.375
3,8,per_ccd,3.29,1.19,2.1
3,8,per_ddc,2.29,0.765,1.525
3,8,mistrust,2.99,2.99,0.0
3,8,WSLS,3.01,2.985,0.02499999999999991
3,8,TFTT,3.01,2.985,0.02499999999999991
3,8,hard_tft,3.01,2.985,0.02499999999999991
3,8,slow_tft,3.01,2.985,0.02499999999999991
3,8,GrdTFT,3.01,2.985,0.02499999999999991
3,8,prober,3.005,2.98,0.02499999999999991
3,8,mem2,3.01,2.985,0.02499999999999991
3,8,grok:grok-3-mini,3.01,2.985,0.02499999999999991
3,8,Tideman & Chieruzzi,2.975,3.0,-0.02499999999999991
3,8,Nydegger,3.01,2.985,0.02499999999999991
3,8,Grofman,3.01,2.985,0.02499999999999991
3,8,Shubik,3.01,2.985,0.02499999999999991
3,8,Stein & Rapoport: 0.05,2.975,3.0,-0.02499999999999991
3,8,GRIM,3.01,2.985,0.02499999999999991
3,8,Davis: 10,3.01,2.985,0.02499999999999991
3,8,Graaskamp: 0.05,3.305,2.305,1.0
3,8,Downing,1.125,1.05,0.07499999999999996
3,8,"Feld: 1.0, 0.5, 200",1.965,2.39,-0.42500000000000004
3,8,Joss: 0.9,2.205,2.505,-0.2999999999999998
3,8,Tullock,1.595,1.595,0.0
3,8,Anonymous,2.735,0.685,2.05
3,8,Random: 0.5,2.87,0.62,2.25
3,9,Cu,3.01,2.985,0.02499999999999991
3,9,Du,0.975,1.1,-0.1250000000000001
3,9,Tit For Tat,3.01,2.985,0.02499999999999991
3,9,spiteful,3.01,2.985,0.02499999999999991
3,9,soft_majo,3.01,2.985,0.02499999999999991
3,9,hard_majo,2.99,2.99,0.0
3,9,per_cd,2.685,1.31,1.375
3,9,per_ccd,3.29,1.19,2.1
3,9,per_ddc,2.29,0.765,1.525
3,9,mistrust,2.99,2.99,0.0
3,9,WSLS,3.01,2.985,0.02499999999999991
3,9,TFTT,3.01,2.985,0.02499999999999991
3,9,hard_tft,3.01,2.985,0.02499999999999991
3,9,slow_tft,3.01,2.985,0.02499999999999991
3,9,GrdTFT,3.01,2.985,0.02499999999999991
3,9,prober,3.005,2.98,0.02499999999999991
3,9,mem2,3.01,2.985,0.02499999999999991
3,9,grok:grok-3-mini,3.01,2.985,0.02499999999999991
3,9,Tideman & Chieruzzi,2.975,3.0,-0.02499999999999991
3,9,Nydegger,3.01,2.985,0.02499999999999991
3,9,Grofman,3.01,2.985,0.02499999999999991
3,9,Shubik,3.01,2.985,0.02499999999999991
3,9,Stein & Rapoport: 0.05,2.975,3.0,-0.02499999999999991
3,9,GRIM,3.01,2.985,0.02499999999999991
3,9,Davis: 10,3.01,2.985,0.02499999999999991
3,9,Graaskamp: 0.05,3.46,2.135,1.3250000000000002
3,9,Downing,1.125,1.05,0.07499999999999996
3,9,"Feld: 1.0, 0.5, 200",1.825,2.175,-0.34999999999999987
3,9,Joss: 0.9,1.875,2.2,-0.3250000000000002
3,9,Tullock,1.46,1.485,-0.025000000000000133
3,9,Anonymous,3.37,0.495,2.875
3,9,Random: 0.5,2.785,0.735,2.0500000000000003
3,10,Cu,3.01,2.985,0.02499999999999991
3,10,Du,0.975,1.1,-0.1250000000000001
3,10,Tit For Tat,3.01,2.985,0.02499999999999991
3,10,spiteful,3.01,2.985,0.02499999999999991
3,10,soft_majo,3.01,2.985,0.02499999999999991
3,10,hard_majo,2.99,2.99,0.0
3,10,per_cd,2.685,1.31,1.375
3,10,per_ccd,3.29,1.19,2.1
3,10,per_ddc,2.29,0.765,1.525
3,10,mistrust,2.99,2.99,0.0
3,10,WSLS,3.01,2.985,0.02499999999999991
3,10,TFTT,3.01,2.985,0.02499999999999991
3,10,hard_tft,3.01,2.985,0.02499999999999991
3,10,slow_tft,3.01,2.985,0.02499999999999991
3,10,GrdTFT,3.01,2.985,0.02499999999999991
3,10,prober,3.005,2.98,0.02499999999999991
3,10,mem2,3.01,2.985,0.02499999999999991
3,10,grok:grok-3-mini,3.01,2.985,0.02499999999999991
3,10,Tideman & Chieruzzi,2.975,3.0,-0.02499999999999991
3,10,Nydegger,3.01,2.985,0.02499999999999991
3,10,Grofman,3.01,2.985,0.02499999999999991
3,10,Shubik,3.01,2.985,0.02499999999999991
3,10,Stein & Rapoport: 0.05,2.975,3.0,-0.02499999999999991
3,10,GRIM,3.01,2.985,0.02499999999999991
3,10,Davis: 10,3.01,2.985,0.02499999999999991
3,10,Graaskamp: 0.05,3.495,2.045,1.4500000000000002
3,10,Downing,1.125,1.05,0.07499999999999996
3,10,"Feld: 1.0, 0.5, 200",1.715,2.065,-0.34999999999999987
3,10,Joss: 0.9,2.115,2.39,-0.2749999999999999
3,10,Tullock,1.5,1.6,-0.10000000000000009
3,10,Anonymous,2.89,0.615,2.2750000000000004
3,10,Random: 0.5,3.03,0.58,2.4499999999999997
3,11,Cu,3.01,2.985,0.02499999999999991
3,11,Du,0.975,1.1,-0.1250000000000001
3,11,Tit For Tat,3.01,2.985,0.02499999999999991
3,11,spiteful,3.01,2.985,0.02499999999999991
3,11,soft_majo,3.01,2.985,0.02499999999999991
3,11,hard_majo,2.99,2.99,0.0
3,11,per_cd,2.685,1.31,1.375
3,11,per_ccd,3.29,1.19,2.1
3,11,per_ddc,2.29,0.765,1.525
3,11,mistrust,2.99,2.99,0.0
3,11,WSLS,3.01,2.985,0.02499999999999991
3,11,TFTT,3.01,2.985,0.02499999999999991
3,11,hard_tft,3.01,2.985,0.02499999999999991
3,11,slow_tft,3.01,2.985,0.02499999999999991
3,11,GrdTFT,3.01,2.985,0.02499999999999991
3,11,prober,3.005,2.98,0.02499999999999991
3,11,mem2,3.01,2.985,0.02499999999999991
3,11,grok:grok-3-mini,3.01,2.985,0.02499999999999991
3,11,Tideman & Chieruzzi,2.975,3.0,-0.02499999999999991
3,11,Nydegger,3.01,2.985,0.02499999999999991
3,11,Grofman,3.01,2.985,0.02499999999999991
3,11,Shubik,3.01,2.985,0.02499999999999991
3,11,Stein & Rapoport: 0.05,2.975,3.0,-0.02499999999999991
3,11,GRIM,3.01,2.985,0.02499999999999991
3,11,Davis: 10,3.01,2.985,0.02499999999999991
3,11,Graaskamp: 0.05,3.555,1.98,1.5750000000000002
3,11,Downing,1.125,1.05,0.07499999999999996
3,11,"Feld: 1.0, 0.5, 200",1.745,2.095,-0.3500000000000001
3,11,Joss: 0.9,2.24,2.49,-0.25
3,11,Tullock,1.65,1.7,-0.050000000000000044
3,11,Anonymous,2.78,0.63,2.15
3,11,Random: 0.5,3.01,0.585,2.425
3,12,Cu,3.01,2.985,0.02499999999999991
3,12,Du,0.975,1.1,-0.1250000000000001
3,12,Tit For Tat,3.01,2.985,0.02499999999999991
3,12,spiteful,3.01,2.985,0.02499999999999991
3,12,soft_majo,3.01,2.985,0.02499999999999991
3,12,hard_majo,2.99,2.99,0.0
3,12,per_cd,2.685,1.31,1.375
3,12,per_ccd,3.29,1.19,2.1
3,12,per_ddc,2.29,0.765,1.525
3,12,mistrust,2.99,2.99,0.0
3,12,WSLS,3.01,2.985,0.02499999999999991
3,12,TFTT,3.01,2.985,0.02499999999999991
3,12,hard_tft,3.01,2.985,0.02499999999999991
3,12,slow_tft,3.01,2.985,0.02499999999999991
3,12,GrdTFT,3.01,2.985,0.02499999999999991
3,12,prober,3.005,2.98,0.02499999999999991
3,12,mem2,3.01,2.985,0.02499999999999991
3,12,grok:grok-3-mini,3.01,2.985,0.02499999999999991
3,12,Tideman & Chieruzzi,2.975,3.0,-0.02499999999999991
3,12,Nydegger,3.01,2.985,0.02499999999999991
3,12,Grofman,3.01,2.985,0.02499999999999991
3,12,Shubik,3.01,2.985,0.02499999999999991
3,12,Stein & Rapoport: 0.05,2.975,3.0,-0.02499999999999991
3,12,GRIM,3.01,2.985,0.02499999999999991
3,12,Davis: 10,3.01,2.985,0.02499999999999991
3,12,Graaskamp: 0.05,3.395,2.145,1.25
3,12,Downing,1.125,1.05,0.07499999999999996
3,12,"Feld: 1.0, 0.5, 200",1.775,2.2,-0.42500000000000027
3,12,Joss: 0.9,1.855,2.23,-0.375
3,12,Tullock,1.55,1.725,-0.17500000000000004
3,12,Anonymous,2.835,0.635,2.2
3,12,Random: 0.5,2.92,0.82,2.1
3,13,Cu,3.01,2.985,0.02499999999999991
3,13,Du,0.975,1.1,-0.1250000000000001
3,13,Tit For Tat,3.01,2.985,0.02499999999999991
3,13,spiteful,3.01,2.985,0.02499999999999991
3,13,soft_majo,3.01,2.985,0.02499999999999991
3,13,hard_majo,2.99,2.99,0.0
3,13,per_cd,2.685,1.31,1.375
3,13,per_ccd,3.29,1.19,2.1
3,13,per_ddc,2.29,0.765,1.525
3,13,mistrust,2.99,2.99,0.0
3,13,WSLS,3.01,2.985,0.02499999999999991
3,13,TFTT,3.01,2.985,0.02499999999999991
3,13,hard_tft,3.01,2.985,0.02499999999999991
3,13,slow_tft,3.01,2.985,0.02499999999999991
3,13,GrdTFT,3.01,2.985,0.02499999999999991
3,13,prober,3.005,2.98,0.02499999999999991
3,13,mem2,3.01,2.985,0.02499999999999991
3,13,grok:grok-3-mini,3.01,2.985,0.02499999999999991
3,13,Tideman & Chieruzzi,2.975,3.0,-0.02499999999999991
3,13,Nydegger,3.01,2.985,0.02499999999999991
3,13,Grofman,3.01,2.985,0.02499999999999991
3,13,Shubik,3.01,2.985,0.02499999999999991
3,13,Stein & Rapoport: 0.05,2.975,3.0,-0.02499999999999991
3,13,GRIM,3.01,2.985,0.02499999999999991
3,13,Davis: 10,3.01,2.985,0.02499999999999991
3,13,Graaskamp: 0.05,3.56,1.96,1.6
3,13,Downing,1.125,1.05,0.07499999999999996
3,13,"Feld: 1.0, 0.5, 200",1.555,1.805,-0.25
3,13,Joss: 0.9,1.515,1.74,-0.2250000000000001
3,13,Tullock,1.365,1.415,-0.050000000000000044
3,13,Anonymous,2.78,0.88,1.9
3,13,Random: 0.5,2.745,0.67,2.075
3,14,Cu,3.01,2.985,0.02499999999999991
3,14,Du,0.975,1.1,-0.1250000000000001
3,14,Tit For Tat,3.01,2.985,0.02499999999999991
3,14,spiteful,3.01,2.985,0.02499999999999991
3,14,soft_majo,3.01,2.985,0.02499999999999991
3,14,hard_majo,2.99,2.99,0.0
3,14,per_cd,2.685,1.31,1.375
3,14,per_ccd,3.29,1.19,2.1
3,14,per_ddc,2.29,0.765,1.525
3,14,mistrust,2.99,2.99,0.0
3,14,WSLS,3.01,2.985,0.02499999999999991
3,14,TFTT,3.01,2.985,0.02499999999999991
3,14,hard_tft,3.01,2.985,0.02499999999999991
3,14,slow_tft,3.01,2.985,0.02499999999999991
3,14,GrdTFT,3.01,2.985,0.02499999999999991
3,14,prober,3.005,2.98,0.02499999999999991
3,14,mem2,3.01,2.985,0.02499999999999991
3,14,grok:grok-3-mini,3.01,2.985,0.02499999999999991
3,14,Tideman & Chieruzzi,2.975,3.0,-0.02499999999999991
3,14,Nydegger,3.01,2.985,0.02499999999999991
3,14,Grofman,3.01,2.985,0.02499999999999991
3,14,Shubik,3.01,2.985,0.02499999999999991
3,14,Stein & Rapoport: 0.05,2.975,3.0,-0.02499999999999991
3,14,GRIM,3.01,2.985,0.02499999999999991
3,14,Davis: 10,3.01,2.985,0.02499999999999991
3,14,Graaskamp: 0.05,3.35,2.25,1.1
3,14,Downing,1.125,1.05,0.07499999999999996
3,14,"Feld: 1.0, 0.5, 200",1.855,2.155,-0.2999999999999998
3,14,Joss: 0.9,2.09,2.39,-0.30000000000000027
3,14,Tullock,1.495,1.62,-0.125
3,14,Anonymous,2.79,0.765,2.025
3,14,Random: 0.5,2.865,0.615,2.25
3,15,Cu,3.01,2.985,0.02499999999999991
3,15,Du,0.975,1.1,-0.1250000000000001
3,15,Tit For Tat,3.01,2.985,0.02499999999999991
3,15,spiteful,3.01,2.985,0.02499999999999991
3,15,soft_majo,3.01,2.985,0.02499999999999991
3,15,hard_majo,2.99,2.99,0.0
3,15,per_cd,2.685,1.31,1.375
3,15,per_ccd,3.29,1.19,2.1
3,15,per_ddc,2.29,0.765,1.525
3,15,mistrust,2.99,2.99,0.0
3,15,WSLS,3.01,2.985,0.02499999999999991
3,15,TFTT,3.01,2.985,0.02499999999999991
3,15,hard_tft,3.01,2.985,0.02499999999999991
3,15,slow_tft,3.01,2.985,0.02499999999999991
3,15,GrdTFT,3.01,2.985,0.02499999999999991
3,15,prober,3.005,2.98,0.02499999999999991
3,15,mem2,3.01,2.985,0.02499999999999991
3,15,grok:grok-3-mini,3.01,2.985,0.02499999999999991
3,15,Tideman & Chieruzzi,2.975,3.0,-0.02499999999999991
3,15,Nydegger,3.01,2.985,0.02499999999999991
3,15,Grofman,3.01,2.985,0.02499999999999991
3,15,Shubik,3.01,2.985,0.02499999999999991
3,15,Stein & Rapoport: 0.05,2.975,3.0,-0.02499999999999991
3,15,GRIM,3.01,2.985,0.02499999999999991
3,15,Davis: 10,3.01,2.985,0.02499999999999991
3,15,Graaskamp: 0.05,3.365,2.24,1.125
3,15,Downing,1.125,1.05,0.07499999999999996
3,15,"Feld: 1.0, 0.5, 200",1.575,1.85,-0.27500000000000013
3,15,Joss: 0.9,1.455,1.705,-0.25
3,15,Tullock,1.5,1.675,-0.17500000000000004
3,15,Anonymous,3.25,0.525,2.725
3,15,Random: 0.5,2.775,0.825,1.95
3,16,Cu,3.01,2.985,0.02499999999999991
3,16,Du,0.975,1.1,-0.1250000000000001
3,16,Tit For Tat,3.01,2.985,0.02499999999999991
3,16,spiteful,3.01,2.985,0.02499999999999991
3,16,soft_majo,3.01,2.985,0.02499999999999991
3,16,hard_majo,2.99,2.99,0.0
3,16,per_cd,2.685,1.31,1.375
3,16,per_ccd,3.29,1.19,2.1
3,16,per_ddc,2.29,0.765,1.525
3,16,mistrust,2.99,2.99,0.0
3,16,WSLS,3.01,2.985,0.02499999999999991
3,16,TFTT,3.01,2.985,0.02499999999999991
3,16,hard_tft,3.01,2.985,0.02499999999999991
3,16,slow_tft,3.01,2.985,0.02499999999999991
3,16,GrdTFT,3.01,2.985,0.02499999999999991
3,16,prober,3.005,2.98,0.02499999999999991
3,16,mem2,3.01,2.985,0.02499999999999991
3,16,grok:grok-3-mini,3.01,2.985,0.02499999999999991
3,16,Tideman & Chieruzzi,2.975,3.0,-0.02499999999999991
3,16,Nydegger,3.01,2.985,0.02499999999999991
3,16,Grofman,3.01,2.985,0.02499999999999991
3,16,Shubik,3.01,2.985,0.02499999999999991
3,16,Stein & Rapoport: 0.05,2.975,3.0,-0.02499999999999991
3,16,GRIM,3.01,2.985,0.02499999999999991
3,16,Davis: 10,3.01,2.985,0.02499999999999991
3,16,Graaskamp: 0.05,3.41,2.135,1.2750000000000004
3,16,Downing,1.125,1.05,0.07499999999999996
3,16,"Feld: 1.0, 0.5, 200",1.945,2.37,-0.42500000000000004
3,16,Joss: 0.9,2.275,2.525,-0.25
3,16,Tullock,1.405,1.455,-0.050000000000000044
3,16,Anonymous,2.93,0.605,2.325
3,16,Random: 0.5,3.055,0.58,2.475
3,17,Cu,3.01,2.985,0.02499999999999991
3,17,Du,0.975,1.1,-0.1250000000000001
3,17,Tit For Tat,3.01,2.985,0.02499999999999991
3,17,spiteful,3.01,2.985,0.02499999999999991
3,17,soft_majo,3.01,2.985,0.02499999999999991
3,17,hard_majo,2.99,2.99,0.0
3,17,per_cd,2.685,1.31,1.375
3,17,per_ccd,3.29,1.19,2.1
3,17,per_ddc,2.29,0.765,1.525
3,17,mistrust,2.99,2.99,0.0
3,17,WSLS,3.01,2.985,0.02499999999999991
3,17,TFTT,3.01,2.985,0.02499999999999991
3,17,hard_tft,3.01,2.985,0.02499999999999991
3,17,slow_tft,3.01,2.985,0.02499999999999991
3,17,GrdTFT,3.01,2.985,0.02499999999999991
3,17,prober,3.005,2.98,0.02499999999999991
3,17,mem2,3.01,2.985,0.02499999999999991
3,17,grok:grok-3-mini,3.01,2.985,0.02499999999999991
3,17,Tideman & Chieruzzi,2.975,3.0,-0.02499999999999991
3,17,Nydegger,3.01,2.985,0.02499999999999991
3,17,Grofman,3.01,2.985,0.02499999999999991
3,17,Shubik,3.01,2.985,0.02499999999999991
3,17,Stein & Rapoport: 0.05,2.975,3.0,-0.02499999999999991
3,17,GRIM,3.01,2.985,0.02499999999999991
3,17,Davis: 10,3.01,2.985,0.02499999999999991
3,17,Graaskamp: 0.05,3.41,2.135,1.2750000000000004
3,17,Downing,1.125,1.05,0.07499999999999996
3,17,"Feld: 1.0, 0.5, 200",1.955,2.355,-0.3999999999999999
3,17,Joss: 0.9,1.215,1.365,-0.1499999999999999
3,17,Tullock,1.285,1.36,-0.07500000000000018
3,17,Anonymous,2.9,1.0,1.9
3,17,Random: 0.5,2.685,1.485,1.2
3,18,Cu,3.01,2.985,0.02499999999999991
3,18,Du,0.975,1.1,-0.1250000000000001
3,18,Tit For Tat,3.01,2.985,0.02499999999999991
3,18,spiteful,3.01,2.985,0.02499999999999991
3,18,soft_majo,3.01,2.985,0.02499999999999991
3,18,hard_majo,2.99,2.99,0.0
3,18,per_cd,2.685,1.31,1.375
3,18,per_ccd,3.29,1.19,2.1
3,18,per_ddc,2.29,0.765,1.525
3,18,mistrust,2.99,2.99,0.0
3,18,WSLS,3.01,2.985,0.02499999999999991
3,18,TFTT,3.01,2.985,0.02499999999999991
3,18,hard_tft,3.01,2.985,0.02499999999999991
3,18,slow_tft,3.01,2.985,0.02499999999999991
3,18,GrdTFT,3.01,2.985,0.02499999999999991
3,18,prober,3.005,2.98,0.02499999999999991
3,18,mem2,3.01,2.985,0.02499999999999991
3,18,grok:grok-3-mini,3.01,2.985,0.02499999999999991
3,18,Tideman & Chieruzzi,2.975,3.0,-0.02499999999999991
3,18,Nydegger,3.01,2.985,0.02499999999999991
3,18,Grofman,3.01,2.985,0.02499999999999991
3,18,Shubik,3.01,2.985,0.02499999999999991
3,18,Stein & Rapoport: 0.05,2.975,3.0,-0.02499999999999991
3,18,GRIM,3.01,2.985,0.02499999999999991
3,18,Davis: 10,3.01,2.985,0.02499999999999991
3,18,Graaskamp: 0.05,3.48,2.055,1.4249999999999998
3,18,Downing,1.125,1.05,0.07499999999999996
3,18,"Feld: 1.0, 0.5, 200",1.955,2.305,-0.3500000000000001
3,18,Joss: 0.9,2.34,2.59,-0.25
3,18,Tullock,1.52,1.62,-0.10000000000000009
3,18,Anonymous,2.73,1.23,1.5
3,18,Random: 0.5,2.89,0.615,2.2750000000000004
3,19,Cu,3.01,2.985,0.02499999999999991
3,19,Du,0.975,1.1,-0.1250000000000001
3,19,Tit For Tat,3.01,2.985,0.02499999999999991
3,19,spiteful,3.01,2.985,0.02499999999999991
3,19,soft_majo,3.01,2.985,0.02499999999999991
3,19,hard_majo,2.99,2.99,0.0
3,19,per_cd,2.685,1.31,1.375
3,19,per_ccd,3.29,1.19,2.1
3,19,per_ddc,2.29,0.765,1.525
3,19,mistrust,2.99,2.99,0.0
3,19,WSLS,3.01,2.985,0.02499999999999991
3,19,TFTT,3.01,2.985,0.02499999999999991
3,19,hard_tft,3.01,2.985,0.02499999999999991
3,19,slow_tft,3.01,2.985,0.02499999999999991
3,19,GrdTFT,3.01,2.985,0.02499999999999991
3,19,prober,3.005,2.98,0.02499999999999991
3,19,mem2,3.01,2.985,0.02499999999999991
3,19,grok:grok-3-mini,3.01,2.985,0.02499999999999991
3,19,Tideman & Chieruzzi,2.975,3.0,-0.02499999999999991
3,19,Nydegger,3.01,2.985,0.02499999999999991
3,19,Grofman,3.01,2.985,0.02499999999999991
3,19,Shubik,3.01,2.985,0.02499999999999991
3,19,Stein & Rapoport: 0.05,2.975,3.0,-0.02499999999999991
3,19,GRIM,3.01,2.985,0.02499999999999991
3,19,Davis: 10,3.01,2.985,0.02499999999999991
3,19,Graaskamp: 0.05,3.455,2.13,1.3250000000000002
3,19,Downing,1.125,1.05,0.07499999999999996
3,19,"Feld: 1.0, 0.5, 200",1.825,2.175,-0.34999999999999987
3,19,Joss: 0.9,2.24,2.49,-0.25
3,19,Tullock,1.3,1.425,-0.125
3,19,Anonymous,2.895,0.62,2.275
3,19,Random: 0.5,2.93,0.605,2.325
4,0,Cu,3.01,2.985,0.02499999999999991
4,0,Du,0.975,1.1,-0.1250000000000001
4,0,Tit For Tat,3.01,2.985,0.02499999999999991
4,0,spiteful,3.01,2.985,0.02499999999999991
4,0,soft_majo,3.01,2.985,0.02499999999999991
4,0,hard_majo,2.99,2.99,0.0
4,0,per_cd,2.685,1.31,1.375
4,0,per_ccd,3.29,1.19,2.1
4,0,per_ddc,2.29,0.765,1.525
4,0,mistrust,2.99,2.99,0.0
4,0,WSLS,3.01,2.985,0.02499999999999991
4,0,TFTT,3.01,2.985,0.02499999999999991
4,0,hard_tft,3.01,2.985,0.02499999999999991
4,0,slow_tft,3.01,2.985,0.02499999999999991
4,0,GrdTFT,3.01,2.985,0.02499999999999991
4,0,prober,3.005,2.98,0.02499999999999991
4,0,mem2,3.01,2.985,0.02499999999999991
4,0,grok:grok-3-mini,3.01,2.985,0.02499999999999991
4,0,Tideman & Chieruzzi,2.975,3.0,-0.02499999999999991
4,0,Nydegger,3.01,2.985,0.02499999999999991
4,0,Grofman,3.01,2.985,0.02499999999999991
4,0,Shubik,3.01,2.985,0.02499999999999991
4,0,Stein & Rapoport: 0.05,2.975,3.0,-0.02499999999999991
4,0,GRIM,3.01,2.985,0.02499999999999991
4,0,Davis: 10,3.01,2.985,0.02499999999999991
4,0,Graaskamp: 0.05,3.425,2.175,1.25
4,0,Downing,1.125,1.05,0.07499999999999996
4,0,"Feld: 1.0, 0.5, 200",2.095,2.495,-0.3999999999999999
4,0,Joss: 0.9,2.2,2.5,-0.2999999999999998
4,0,Tullock,1.27,1.345,-0.07499999999999996
4,0,Anonymous,2.605,1.505,1.1
4,0,Random: 0.5,3.22,0.545,2.6750000000000003
4,1,Cu,3.01,2.985,0.02499999999999991
4,1,Du,0.975,1.1,-0.1250000000000001
4,1,Tit For Tat,3.01,2.985,0.02499999999999991
4,1,spiteful,3.01,2.985,0.02499999999999991
4,1,soft_majo,3.01,2.985,0.02499999999999991
4,1,hard_majo,2.99,2.99,0.0
4,1,per_cd,2.685,1.31,1.375
4,1,per_ccd,3.29,1.19,2.1
4,1,per_ddc,2.29,0.765,1.525
4,1,mistrust,2.99,2.99,0.0
4,1,WSLS,3.01,2.985,0.02499999999999991
4,1,TFTT,3.01,2.985,0.02499999999999991
4,1,hard_tft,3.01,2.985,0.02499999999999991
4,1,slow_tft,3.01,2.985,0.02499999999999991
4,1,GrdTFT,3.01,2.985,0.02499999999999991
4,1,prober,3.005,2.98,0.02499999999999991
4,1,mem2,3.01,2.985,0.02499999999999991
4,1,grok:grok-3-mini,3.01,2.985,0.02499999999999991
4,1,Tideman & Chieruzzi,2.975,3.0,-0.02499999999999991
4,1,Nydegger,3.01,2.985,0.02499999999999991
4,1,Grofman,3.01,2.985,0.02499999999999991
4,1,Shubik,3.01,2.985,0.02499999999999991
4,1,Stein & Rapoport: 0.05,2.975,3.0,-0.02499999999999991
4,1,GRIM,3.01,2.985,0.02499999999999991
4,1,Davis: 10,3.01,2.985,0.02499999999999991
4,1,Graaskamp: 0.05,3.445,2.045,1.4
4,1,Downing,1.125,1.05,0.07499999999999996
4,1,"Feld: 1.0, 0.5, 200",1.785,2.135,-0.34999999999999987
4,1,Joss: 0.9,1.875,2.225,-0.3500000000000001
4,1,Tullock,1.59,1.69,-0.09999999999999987
4,1,Anonymous,2.825,1.35,1.475
4,1,Random: 0.5,2.865,0.74,2.125
4,2,Cu,3.01,2.985,0.02499999999999991
4,2,Du,0.975,1.1,-0.1250000000000001
4,2,Tit For Tat,3.01,2.985,0.02499999999999991
4,2,spiteful,3.01,2.985,0.02499999999999991
4,2,soft_majo,3.01,2.985,0.02499999999999991
4,2,hard_majo,2.99,2.99,0.0
4,2,per_cd,2.685,1.31,1.375
4,2,per_ccd,3.29,1.19,2.1
4,2,per_ddc,2.29,0.765,1.525
4,2,mistrust,2.99,2.99,0.0
4,2,WSLS,3.01,2.985,0.02499999999999991
4,2,TFTT,3.01,2.985,0.02499999999999991
4,2,hard_tft,3.01,2.985,0.02499999999999991
4,2,slow_tft,3.01,2.985,0.02499999999999991
4,2,GrdTFT,3.01,2.985,0.02499999999999991
4,2,prober,3.005,2.98,0.02499999999999991
4,2,mem2,3.01,2.985,0.02499999999999991
4,2,grok:grok-3-mini,3.01,2.985,0.02499999999999991
4,2,Tideman & Chieruzzi,2.975,3.0,-0.02499999999999991
4,2,Nydegger,3.01,2.985,0.02499999999999991
4,2,Grofman,3.01,2.985,0.02499999999999991
4,2,Shubik,3.01,2.985,0.02499999999999991
4,2,Stein & Rapoport: 0.05,2.975,3.0,-0.02499999999999991
4,2,GRIM,3.01,2.985,0.02499999999999991
4,2,Davis: 10,3.01,2.985,0.02499999999999991
4,2,Graaskamp: 0.05,3.495,1.97,1.5250000000000001
4,2,Downing,1.125,1.05,0.07499999999999996
4,2,"Feld: 1.0, 0.5, 200",1.695,2.07,-0.3749999999999998
4,2,Joss: 0.9,2.09,2.39,-0.30000000000000027
4,2,Tullock,1.47,1.52,-0.050000000000000044
4,2,Anonymous,2.865,0.615,2.25
4,2,Random: 0.5,2.92,0.62,2.3
4,3,Cu,3.01,2.985,0.02499999999999991
4,3,Du,0.975,1.1,-0.1250000000000001
4,3,Tit For Tat,3.01,2.985,0.02499999999999991
4,3,spiteful,3.01,2.985,0.02499999999999991
4,3,soft_majo,3.01,2.985,0.02499999999999991
4,3,hard_majo,2.99,2.99,0.0
4,3,per_cd,2.685,1.31,1.375
4,3,per_ccd,3.29,1.19,2.1
4,3,per_ddc,2.29,0.765,1.525
4,3,mistrust,2.99,2.99,0.0
4,3,WSLS,3.01,2.985,0.02499999999999991
4,3,TFTT,3.01,2.985,0.02499999999999991
4,3,hard_tft,3.01,2.985,0.02499999999999991
4,3,slow_tft,3.01,2.985,0.02499999999999991
4,3,GrdTFT,3.01,2.985,0.02499999999999991
4,3,prober,3.005,2.98,0.02499999999999991
4,3,mem2,3.01,2.985,0.02499999999999991
4,3,grok:grok-3-mini,3.01,2.985,0.02499999999999991
4,3,Tideman & Chieruzzi,2.975,3.0,-0.02499999999999991
4,3,Nydegger,3.01,2.985,0.02499999999999991
4,3,Grofman,3.01,2.985,0.02499999999999991
4,3,Shubik,3.01,2.985,0.02499999999999991
4,3,Stein & Rapoport: 0.05,2.975,3.0,-0.02499999999999991
4,3,GRIM,3.01,2.985,0.02499999999999991
4,3,Davis: 10,3.01,2.985,0.02499999999999991
4,3,Graaskamp: 0.05,3.36,2.285,1.0749999999999997
4,3,Downing,1.125,1.05,0.07499999999999996
4,3,"Feld: 1.0, 0.5, 200",1.675,1.95,-0.2749999999999999
4,3,Joss: 0.9,2.18,2.505,-0.32499999999999973
4,3,Tullock,1.425,1.45,-0.02499999999999991
4,3,Anonymous,2.85,0.625,2.225
4,3,Random: 0.5,2.945,0.695,2.25
4,4,Cu,3.01,2.985,0.02499999999999991
4,4,Du,0.975,1.1,-0.1250000000000001
4,4,Tit For Tat,3.01,2.985,0.02499999999999991
4,4,spiteful,3.01,2.985,0.02499999999999991
4,4,soft_majo,3.01,2.985,0.02499999999999991
4,4,hard_majo,2.99,2.99,0.0
4,4,per_cd,2.685,1.31,1.375
4,4,per_ccd,3.29,1.19,2.1
4,4,per_ddc,2.29,0.765,1.525
4,4,mistrust,2.99,2.99,0.0
4,4,WSLS,3.01,2.985,0.02499999999999991
4,4,TFTT,3.01,2.985,0.02499999999999991
4,4,hard_tft,3.01,2.985,0.02499999999999991
4,4,slow_tft,3.01,2.985,0.02499999999999991
4,4,GrdTFT,3.01,2.985,0.02499999999999991
4,4,prober,3.005,2.98,0.02499999999999991
4,4,mem2,3.01,2.985,0.02499999999999991
4,4,grok:grok-3-mini,3.01,2.985,0.02499999999999991
4,4,Tideman & Chieruzzi,2.975,3.0,-0.02499999999999991
4,4,Nydegger,3.01,2.985,0.02499999999999991
4,4,Grofman,3.01,2.985,0.02499999999999991
4,4,Shubik,3.01,2.985,0.02499999999999991
4,4,Stein & Rapoport: 0.05,2.975,3.0,-0.02499999999999991
4,4,GRIM,3.01,2.985,0.02499999999999991
4,4,Davis: 10,3.01,2.985,0.02499999999999991
4,4,Graaskamp: 0.05,3.435,2.135,1.3000000000000003
4,4,Downing,1.125,1.05,0.07499999999999996
4,4,"Feld: 1.0, 0.5, 200",1.785,2.135,-0.34999999999999987
4,4,Joss: 0.9,2.22,2.495,-0.2749999999999999
4,4,Tullock,1.435,1.36,0.07499999999999996
4,4,Anonymous,2.925,0.6,2.3249999999999997
4,4,Random: 0.5,3.18,0.58,2.6
4,5,Cu,3.01,2.985,0.02499999999999991
4,5,Du,0.975,1.1,-0.1250000000000001
4,5,Tit For Tat,3.01,2.985,0.02499999999999991
4,5,spiteful,3.01,2.985,0.02499999999999991
4,5,soft_majo,3.01,2.985,0.02499999999999991
4,5,hard_majo,2.99,2.99,0.0
4,5,per_cd,2.685,1.31,1.375
4,5,per_ccd,3.29,1.19,2.1
4,5,per_ddc,2.29,0.765,1.525
4,5,mistrust,2.99,2.99,0.0
4,5,WSLS,3.01,2.985,0.02499999999999991
4,5,TFTT,3.01,2.985,0.02499999999999991
4,5,hard_tft,3.01,2.985,0.02499999999999991
4,5,slow_tft,3.01,2.985,0.02499999999999991
4,5,GrdTFT,3.01,2.985,0.02499999999999991
4,5,prober,3.005,2.98,0.02499999999999991
4,5,mem2,3.01,2.985,0.02499999999999991
4,5,grok:grok-3-mini,3.01,2.985,0.02499999999999991
4,5,Tideman & Chieruzzi,2.975,3.0,-0.02499999999999991
4,5,Nydegger,3.01,2.985,0.02499999999999991
4,5,Grofman,3.01,2.985,0.02499999999999991
4,5,Shubik,3.01,2.985,0.02499999999999991
4,5,Stein & Rapoport: 0.05,2.975,3.0,-0.02499999999999991
4,5,GRIM,3.01,2.985,0.02499999999999991
4,5,Davis: 10,3.01,2.985,0.02499999999999991
4,5,Graaskamp: 0.05,3.48,2.08,1.4
4,5,Downing,1.125,1.05,0.07499999999999996
4,5,"Feld: 1.0, 0.5, 200",1.835,2.21,-0.375
4,5,Joss: 0.9,2.145,2.445,-0.2999999999999998
4,5,Tullock,1.625,1.85,-0.2250000000000001
4,5,Anonymous,2.925,0.6,2.3249999999999997
4,5,Random: 0.5,2.92,0.645,2.275
4,6,Cu,3.01,2.985,0.02499999999999991
4,6,Du,0.975,1.1,-0.1250000000000001
4,6,Tit For Tat,3.01,2.985,0.02499999999999991
4,6,spiteful,3.01,2.985,0.02499999999999991
4,6,soft_majo,3.01,2.985,0.02499999999999991
4,6,hard_majo,2.99,2.99,0.0
4,6,per_cd,2.685,1.31,1.375
4,6,per_ccd,3.29,1.19,2.1
4,6,per_ddc,2.29,0.765,1.525
4,6,mistrust,2.99,2.99,0.0
4,6,WSLS,3.01,2.985,0.02499999999999991
4,6,TFTT,3.01,2.985,0.02499999999999991
4,6,hard_tft,3.01,2.985,0.02499999999999991
4,6,slow_tft,3.01,2.985,0.02499999999999991
4,6,GrdTFT,3.01,2.985,0.02499999999999991
4,6,prober,3.005,2.98,0.02499999999999991
4,6,mem2,3.01,2.985,0.02499999999999991
4,6,grok:grok-3-mini,3.01,2.985,0.02499999999999991
4,6,Tideman & Chieruzzi,2.975,3.0,-0.02499999999999991
4,6,Nydegger,3.01,2.985,0.02499999999999991
4,6,Grofman,3.01,2.985,0.02499999999999991
4,6,Shubik,3.01,2.985,0.02499999999999991
4,6,Stein & Rapoport: 0.05,2.975,3.0,-0.02499999999999991
4,6,GRIM,3.01,2.985,0.02499999999999991
4,6,Davis: 10,3.01,2.985,0.02499999999999991
4,6,Graaskamp: 0.05,3.43,2.13,1.3000000000000003
4,6,Downing,1.125,1.05,0.07499999999999996
4,6,"Feld: 1.0, 0.5, 200",1.88,2.255,-0.375
4,6,Joss: 0.9,2.345,2.595,-0.25
4,6,Tullock,1.23,1.38,-0.1499999999999999
4,6,Anonymous,2.91,0.61,2.3000000000000003
4,6,Random: 0.5,2.95,0.6,2.35
4,7,Cu,3.01,2.985,0.02499999999999991
4,7,Du,0.975,1.1,-0.1250000000000001
4,7,Tit For Tat,3.01,2.985,0.02499999999999991
4,7,spiteful,3.01,2.985,0.02499999999999991
4,7,soft_majo,3.01,2.985,0.02499999999999991
4,7,hard_majo,2.99,2.99,0.0
4,7,per_cd,2.685,1.31,1.375
4,7,per_ccd,3.29,1.19,2.1
4,7,per_ddc,2.29,0.765,1.525
4,7,mistrust,2.99,2.99,0.0
4,7,WSLS,3.01,2.985,0.02499999999999991
4,7,TFTT,3.01,2.985,0.02499999999999991
4,7,hard_tft,3.01,2.985,0.02499999999999991
4,7,slow_tft,3.01,2.985,0.02499999999999991
4,7,GrdTFT,3.01,2.985,0.02499999999999991
4,7,prober,3.005,2.98,0.02499999999999991
4,7,mem2,3.01,2.985,0.02499999999999991
4,7,grok:grok-3-mini,3.01,2.985,0.02499999999999991
4,7,Tideman & Chieruzzi,2.975,3.0,-0.02499999999999991
4,7,Nydegger,3.01,2.985,0.02499999999999991
4,7,Grofman,3.01,2.985,0.02499999999999991
4,7,Shubik,3.01,2.985,0.02499999999999991
4,7,Stein & Rapoport: 0.05,2.975,3.0,-0.02499999999999991
4,7,GRIM,3.01,2.985,0.02499999999999991
4,7,Davis: 10,3.01,2.985,0.02499999999999991
4,7,Graaskamp: 0.05,3.375,2.15,1.225
4,7,Downing,1.125,1.05,0.07499999999999996
4,7,"Feld: 1.0, 0.5, 200",1.695,1.945,-0.25
4,7,Joss: 0.9,1.65,1.9,-0.25
4,7,Tullock,1.735,1.785,-0.04999999999999982
4,7,Anonymous,2.93,0.78,2.1500000000000004
4,7,Random: 0.5,2.69,1.34,1.3499999999999999
4,8,Cu,3.01,2.985,0.02499999999999991
4,8,Du,0.975,1.1,-0.1250000000000001
4,8,Tit For Tat,3.01,2.985,0.02499999999999991
4,8,spiteful,3.01,2.985,0.02499999999999991
4,8,soft_majo,3.01,2.985,0.02499999999999991
4,8,hard_majo,2.99,2.99,0.0
4,8,per_cd,2.685,1.31,1.375
4,8,per_ccd,3.29,1.19,2.1
4,8,per_ddc,2.29,0.765,1.525
4,8,mistrust,2.99,2.99,0.0
4,8,WSLS,3.01,2.985,0.02499999999999991
4,8,TFTT,3.01,2.985,0.02499999999999991
4,8,hard_tft,3.01,2.985,0.02499999999999991
4,8,slow_tft,3.01,2.985,0.02499999999999991
4,8,GrdTFT,3.01,2.985,0.02499999999999991
4,8,prober,3.005,2.98,0.02499999999999991
4,8,mem2,3.01,2.985,0.02499999999999991
4,8,grok:grok-3-mini,3.01,2.985,0.02499999999999991
4,8,Tideman & Chieruzzi,2.975,3.0,-0.02499999999999991
4,8,Nydegger,3.01,2.985,0.02499999999999991
4,8,Grofman,3.01,2.985,0.02499999999999991
4,8,Shubik,3.01,2.985,0.02499999999999991
4,8,Stein & Rapoport: 0.05,2.975,3.0,-0.02499999999999991
4,8,GRIM,3.01,2.985,0.02499999999999991
4,8,Davis: 10,3.01,2.985,0.02499999999999991
4,8,Graaskamp: 0.05,3.545,1.97,1.575
4,8,Downing,1.125,1.05,0.07499999999999996
4,8,"Feld: 1.0, 0.5, 200",1.625,1.85,-0.2250000000000001
4,8,Joss: 0.9,2.09,2.39,-0.30000000000000027
4,8,Tullock,1.45,1.4,0.050000000000000044
4,8,Anonymous,2.975,0.8,2.175
4,8,Random: 0.5,2.99,0.59,2.4000000000000004
4,9,Cu,3.01,2.985,0.02499999999999991
4,9,Du,0.975,1.1,-0.1250000000000001
4,9,Tit For Tat,3.01,2.985,0.02499999999999991
4,9,spiteful,3.01,2.985,0.02499999999999991
4,9,soft_majo,3.01,2.985,0.02499999999999991
4,9,hard_majo,2.99,2.99,0.0
4,9,per_cd,2.685,1.31,1.375
4,9,per_ccd,3.29,1.19,2.1
4,9,per_ddc,2.29,0.765,1.525
4,9,mistrust,2.99,2.99,0.0
4,9,WSLS,3.01,2.985,0.02499999999999991
4,9,TFTT,3.01,2.985,0.02499999999999991
4,9,hard_tft,3.01,2.985,0.02499999999999991
4,9,slow_tft,3.01,2.985,0.02499999999999991
4,9,GrdTFT,3.01,2.985,0.02499999999999991
4,9,prober,3.005,2.98,0.02499999999999991
4,9,mem2,3.01,2.985,0.02499999999999991
4,9,grok:grok-3-mini,3.01,2.985,0.02499999999999991
4,9,Tideman & Chieruzzi,2.975,3.0,-0.02499999999999991
4,9,Nydegger,3.01,2.985,0.02499999999999991
4,9,Grofman,3.01,2.985,0.02499999999999991
4,9,Shubik,3.01,2.985,0.02499999999999991
4,9,Stein & Rapoport: 0.05,2.975,3.0,-0.02499999999999991
4,9,GRIM,3.01,2.985,0.02499999999999991
4,9,Davis: 10,3.01,2.985,0.02499999999999991
4,9,Graaskamp: 0.05,3.32,2.295,1.025
4,9,Downing,1.125,1.05,0.07499999999999996
4,9,"Feld: 1.0, 0.5, 200",1.745,2.07,-0.32499999999999973
4,9,Joss: 0.9,2.135,2.435,-0.30000000000000027
4,9,Tullock,1.57,1.645,-0.07499999999999996
4,9,Anonymous,2.71,0.76,1.95
4,9,Random: 0.5,2.8,0.65,2.15
4,10,Cu,3.01,2.985,0.02499999999999991
4,10,Du,0.975,1.1,-0.1250000000000001
4,10,Tit For Tat,3.01,2.985,0.02499999999999991
4,10,spiteful,3.01,2.985,0.02499999999999991
4,10,soft_majo,3.01,2.985,0.02499999999999991
4,10,hard_majo,2.99,2.99,0.0
4,10,per_cd,2.685,1.31,1.375
4,10,per_ccd,3.29,1.19,2.1
4,10,per_ddc,2.29,0.765,1.525
4,10,mistrust,2.99,2.99,0.0
4,10,WSLS,3.01,2.985,0.02499999999999991
4,10,TFTT,3.01,2.985,0.02499999999999991
4,10,hard_tft,3.01,2.985,0.02499999999999991
4,10,slow_tft,3.01,2.985,0.02499999999999991
4,10,GrdTFT,3.01,2.985,0.02499999999999991
4,10,prober,3.005,2.98,0.02499999999999991
4,10,mem2,3.01,2.985,0.02499999999999991
4,10,grok:grok-3-mini,3.01,2.985,0.02499999999999991
4,10,Tideman & Chieruzzi,2.975,3.0,-0.02499999999999991
4,10,Nydegger,3.01,2.985,0.02499999999999991
4,10,Grofman,3.01,2.985,0.02499999999999991
4,10,Shubik,3.01,2.985,0.02499999999999991
4,10,Stein & Rapoport: 0.05,2.975,3.0,-0.02499999999999991
4,10,GRIM,3.01,2.985,0.02499999999999991
4,10,Davis: 10,3.01,2.985,0.02499999999999991
4,10,Graaskamp: 0.05,3.42,2.145,1.275
4,10,Downing,1.125,1.05,0.07499999999999996
4,10,"Feld: 1.0, 0.5, 200",1.665,2.015,-0.3500000000000001
4,10,Joss: 0.9,2.095,2.395,-0.2999999999999998
4,10,Tullock,1.515,1.44,0.07499999999999996
4,10,Anonymous,2.915,0.615,2.3
4,10,Random: 0.5,3.14,0.59,2.5500000000000003
4,11,Cu,3.01,2.985,0.02499999999999991
4,11,Du,0.975,1.1,-0.1250000000000001
4,11,Tit For Tat,3.01,2.985,0.02499999999999991
4,11,spiteful,3.01,2.985,0.02499999999999991
4,11,soft_majo,3.01,2.985,0.02499999999999991
4,11,hard_majo,2.99,2.99,0.0
4,11,per_cd,2.685,1.31,1.375
4,11,per_ccd,3.29,1.19,2.1
4,11,per_ddc,2.29,0.765,1.525
4,11,mistrust,2.99,2.99,0.0
4,11,WSLS,3.01,2.985,0.02499999999999991
4,11,TFTT,3.01,2.985,0.02499999999999991
4,11,hard_tft,3.01,2.985,0.02499999999999991
4,11,slow_tft,3.01,2.985,0.02499999999999991
4,11,GrdTFT,3.01,2.985,0.02499999999999991
4,11,prober,3.005,2.98,0.02499999999999991
4,11,mem2,3.01,2.985,0.02499999999999991
4,11,grok:grok-3-mini,3.01,2.985,0.02499999999999991
4,11,Tideman & Chieruzzi,2.975,3.0,-0.02499999999999991
4,11,Nydegger,3.01,2.985,0.02499999999999991
4,11,Grofman,3.01,2.985,0.02499999999999991
4,11,Shubik,3.01,2.985,0.02499999999999991
4,11,Stein & Rapoport: 0.05,2.975,3.0,-0.02499999999999991
4,11,GRIM,3.01,2.985,0.02499999999999991
4,11,Davis: 10,3.01,2.985,0.02499999999999991
4,11,Graaskamp: 0.05,3.43,2.13,1.3000000000000003
4,11,Downing,1.125,1.05,0.07499999999999996
4,11,"Feld: 1.0, 0.5, 200",1.685,1.985,-0.30000000000000004
4,11,Joss: 0.9,2.215,2.49,-0.27500000000000036
4,11,Tullock,1.32,1.52,-0.19999999999999996
4,11,Anonymous,2.755,1.28,1.4749999999999999
4,11,Random: 0.5,2.575,1.025,1.5500000000000003
4,12,Cu,3.01,2.985,0.02499999999999991
4,12,Du,0.975,1.1,-0.1250000000000001
4,12,Tit For Tat,3.01,2.985,0.02499999999999991
4,12,spiteful,3.01,2.985,0.02499999999999991
4,12,soft_majo,3.01,2.985,0.02499999999999991
4,12,hard_majo,2.99,2.99,0.0
4,12,per_cd,2.685,1.31,1.375
4,12,per_ccd,3.29,1.19,2.1
4,12,per_ddc,2.29,0.765,1.525
4,12,mistrust,2.99,2.99,0.0
4,12,WSLS,3.01,2.985,0.02499999999999991
4,12,TFTT,3.01,2.985,0.02499999999999991
4,12,hard_tft,3.01,2.985,0.02499999999999991
4,12,slow_tft,3.01,2.985,0.02499999999999991
4,12,GrdTFT,3.01,2.985,0.02499999999999991
4,12,prober,3.005,2.98,0.02499999999999991
4,12,mem2,3.01,2.985,0.02499999999999991
4,12,grok:grok-3-mini,3.01,2.985,0.02499999999999991
4,12,Tideman & Chieruzzi,2.975,3.0,-0.02499999999999991
4,12,Nydegger,3.01,2.985,0.02499999999999991
4,12,Grofman,3.01,2.985,0.02499999999999991
4,12,Shubik,3.01,2.985,0.02499999999999991
4,12,Stein & Rapoport: 0.05,2.975,3.0,-0.02499999999999991
4,12,GRIM,3.01,2.985,0.02499999999999991
4,12,Davis: 10,3.01,2.985,0.02499999999999991
4,12,Graaskamp: 0.05,3.515,1.965,1.55
4,12,Downing,1.125,1.05,0.07499999999999996
4,12,"Feld: 1.0, 0.5, 200",1.955,2.33,-0.375
4,12,Joss: 0.9,1.845,2.12,-0.27500000000000013
4,12,Tullock,1.21,1.36,-0.15000000000000013
4,12,Anonymous,2.83,0.73,2.1
4,12,Random: 0.5,2.935,0.66,2.275
4,13,Cu,3.01,2.985,0.02499999999999991
4,13,Du,0.975,1.1,-0.1250000000000001
4,13,Tit For Tat,3.01,2.985,0.02499999999999991
4,13,spiteful,3.01,2.985,0.02499999999999991
4,13,soft_majo,3.01,2.985,0.02499999999999991
4,13,hard_majo,2.99,2.99,0.0
4,13,per_cd,2.685,1.31,1.375
4,13,per_ccd,3.29,1.19,2.1
4,13,per_ddc,2.29,0.765,1.525
4,13,mistrust,2.99,2.99,0.0
4,13,WSLS,3.01,2.985,0.02499999999999991
4,13,TFTT,3.01,2.985,0.02499999999999991
4,13,hard_tft,3.01,2.985,0.02499999999999991
4,13,slow_tft,3.01,2.985,0.02499999999999991
4,13,GrdTFT,3.01,2.985,0.02499999999999991
4,13,prober,3.005,2.98,0.02499999999999991
4,13,mem2,3.01,2.985,0.02499999999999991
4,13,grok:grok-3-mini,3.01,2.985,0.02499999999999991
4,13,Tideman & Chieruzzi,2.975,3.0,-0.02499999999999991
4,13,Nydegger,3.01,2.985,0.02499999999999991
4,13,Grofman,3.01,2.985,0.02499999999999991
4,13,Shubik,3.01,2.985,0.02499999999999991
4,13,Stein & Rapoport: 0.05,2.975,3.0,-0.02499999999999991
4,13,GRIM,3.01,2.985,0.02499999999999991
4,13,Davis: 10,3.01,2.985,0.02499999999999991
4,13,Graaskamp: 0.05,3.415,2.14,1.275
4,13,Downing,1.125,1.05,0.07499999999999996
4,13,"Feld: 1.0, 0.5, 200",1.9,2.25,-0.3500000000000001
4,13,Joss: 0.9,1.445,1.645,-0.19999999999999996
4,13,Tullock,1.57,1.645,-0.07499999999999996
4,13,Anonymous,3.07,0.57,2.5
4,13,Random: 0.5,2.76,0.66,2.0999999999999996
4,14,Cu,3.01,2.985,0.02499999999999991
4,14,Du,0.975,1.1,-0.1250000000000001
4,14,Tit For Tat,3.01,2.985,0.02499999999999991
4,14,spiteful,3.01,2.985,0.02499999999999991
4,14,soft_majo,3.01,2.985,0.02499999999999991
4,14,hard_majo,2.99,2.99,0.0
4,14,per_cd,2.685,1.31,1.375
4,14,per_ccd,3.29,1.19,2.1
4,14,per_ddc,2.29,0.765,1.525
4,14,mistrust,2.99,2.99,0.0
4,14,WSLS,3.01,2.985,0.02499999999999991
4,14,TFTT,3.01,2.985,0.02499999999999991
4,14,hard_tft,3.01,2.985,0.02499999999999991
4,14,slow_tft,3.01,2.985,0.02499999999999991
4,14,GrdTFT,3.01,2.985,0.02499999999999991
4,14,prober,3.005,2.98,0.02499999999999991
4,14,mem2,3.01,2.985,0.02499999999999991
4,14,grok:grok-3-mini,3.01,2.985,0.02499999999999991
4,14,Tideman & Chieruzzi,2.975,3.0,-0.02499999999999991
4,14,Nydegger,3.01,2.985,0.02499999999999991
4,14,Grofman,3.01,2.985,0.02499999999999991
4,14,Shubik,3.01,2.985,0.02499999999999991
4,14,Stein & Rapoport: 0.05,2.975,3.0,-0.02499999999999991
4,14,GRIM,3.01,2.985,0.02499999999999991
4,14,Davis: 10,3.01,2.985,0.02499999999999991
4,14,Graaskamp: 0.05,3.45,2.1,1.35
4,14,Downing,1.125,1.05,0.07499999999999996
4,14,"Feld: 1.0, 0.5, 200",1.605,1.83,-0.2250000000000001
4,14,Joss: 0.9,2.385,2.66,-0.27500000000000036
4,14,Tullock,1.42,1.42,0.0
4,14,Anonymous,2.845,0.97,1.8750000000000002
4,14,Random: 0.5,2.76,1.285,1.4749999999999999
4,15,Cu,3.01,2.985,0.02499999999999991
4,15,Du,0.975,1.1,-0.1250000000000001
4,15,Tit For Tat,3.01,2.985,0.02499999999999991
4,15,spiteful,3.01,2.985,0.02499999999999991
4,15,soft_majo,3.01,2.985,0.02499999999999991
4,15,hard_majo,2.99,2.99,0.0
4,15,per_cd,2.685,1.31,1.375
4,15,per_ccd,3.29,1.19,2.1
4,15,per_ddc,2.29,0.765,1.525
4,15,mistrust,2.99,2.99,0.0
4,15,WSLS,3.01,2.985,0.02499999999999991
4,15,TFTT,3.01,2.985,0.02499999999999991
4,15,hard_tft,3.01,2.985,0.02499999999999991
4,15,slow_tft,3.01,2.985,0.02499999999999991
4,15,GrdTFT,3.01,2.985,0.02499999999999991
4,15,prober,3.005,2.98,0.02499999999999991
4,15,mem2,3.01,2.985,0.02499999999999991
4,15,grok:grok-3-mini,3.01,2.985,0.02499999999999991
4,15,Tideman & Chieruzzi,2.975,3.0,-0.02499999999999991
4,15,Nydegger,3.01,2.985,0.02499999999999991
4,15,Grofman,3.01,2.985,0.02499999999999991
4,15,Shubik,3.01,2.985,0.02499999999999991
4,15,Stein & Rapoport: 0.05,2.975,3.0,-0.02499999999999991
4,15,GRIM,3.01,2.985,0.02499999999999991
4,15,Davis: 10,3.01,2.985,0.02499999999999991
4,15,Graaskamp: 0.05,3.515,2.04,1.475
4,15,Downing,1.125,1.05,0.07499999999999996
4,15,"Feld: 1.0, 0.5, 200",1.9,2.25,-0.3500000000000001
4,15,Joss: 0.9,2.165,2.49,-0.3250000000000002
4,15,Tullock,1.395,1.395,0.0
4,15,Anonymous,2.89,1.265,1.6250000000000002
4,15,Random: 0.5,2.695,1.195,1.4999999999999998
4,16,Cu,3.01,2.985,0.02499999999999991
4,16,Du,0.975,1.1,-0.1250000000000001
4,16,Tit For Tat,3.01,2.985,0.02499999999999991
4,16,spiteful,3.01,2.985,0.02499999999999991
4,16,soft_majo,3.01,2.985,0.02499999999999991
4,16,hard_majo,2.99,2.99,0.0
4,16,per_cd,2.685,1.31,1.375
4,16,per_ccd,3.29,1.19,2.1
4,16,per_ddc,2.29,0.765,1.525
4,16,mistrust,2.99,2.99,0.0
4,16,WSLS,3.01,2.985,0.02499999999999991
4,16,TFTT,3.01,2.985,0.02499999999999991
4,16,hard_tft,3.01,2.985,0.02499999999999991
4,16,slow_tft,3.01,2.985,0.02499999999999991
4,16,GrdTFT,3.01,2.985,0.02499999999999991
4,16,prober,3.005,2.98,0.02499999999999991
4,16,mem2,3.01,2.985,0.02499999999999991
4,16,grok:grok-3-mini,3.01,2.985,0.02499999999999991
4,16,Tideman & Chieruzzi,2.975,3.0,-0.02499999999999991
4,16,Nydegger,3.01,2.985,0.02499999999999991
4,16,Grofman,3.01,2.985,0.02499999999999991
4,16,Shubik,3.01,2.985,0.02499999999999991
4,16,Stein & Rapoport: 0.05,2.975,3.0,-0.02499999999999991
4,16,GRIM,3.01,2.985,0.02499999999999991
4,16,Davis: 10,3.01,2.985,0.02499999999999991
4,16,Graaskamp: 0.05,3.435,2.11,1.3250000000000002
4,16,Downing,1.125,1.05,0.07499999999999996
4,16,"Feld: 1.0, 0.5, 200",1.595,1.87,-0.27500000000000013
4,16,Joss: 0.9,2.215,2.54,-0.3250000000000002
4,16,Tullock,1.64,1.54,0.09999999999999987
4,16,Anonymous,3.105,0.78,2.325
4,16,Random: 0.5,2.87,1.345,1.5250000000000001
4,17,Cu,3.01,2.985,0.02499999999999991
4,17,Du,0.975,1.1,-0.1250000000000001
4,17,Tit For Tat,3.01,2.985,0.02499999999999991
4,17,spiteful,3.01,2.985,0.02499999999999991
4,17,soft_majo,3.01,2.985,0.02499999999999991
4,17,hard_majo,2.99,2.99,0.0
4,17,per_cd,2.685,1.31,1.375
4,17,per_ccd,3.29,1.19,2.1
4,17,per_ddc,2.29,0.765,1.525
4,17,mistrust,2.99,2.99,0.0
4,17,WSLS,3.01,2.985,0.02499999999999991
4,17,TFTT,3.01,2.985,0.02499999999999991
4,17,hard_tft,3.01,2.985,0.02499999999999991
4,17,slow_tft,3.01,2.985,0.02499999999999991
4,17,GrdTFT,3.01,2.985,0.02499999999999991
4,17,prober,3.005,2.98,0.02499999999999991
4,17,mem2,3.01,2.985,0.02499999999999991
4,17,grok:grok-3-mini,3.01,2.985,0.02499999999999991
4,17,Tideman & Chieruzzi,2.975,3.0,-0.02499999999999991
4,17,Nydegger,3.01,2.985,0.02499999999999991
4,17,Grofman,3.01,2.985,0.02499999999999991
4,17,Shubik,3.01,2.985,0.02499999999999991
4,17,Stein & Rapoport: 0.05,2.975,3.0,-0.02499999999999991
4,17,GRIM,3.01,2.985,0.02499999999999991
4,17,Davis: 10,3.01,2.985,0.02499999999999991
4,17,Graaskamp: 0.05,3.535,1.96,1.5750000000000002
4,17,Downing,1.125,1.05,0.07499999999999996
4,17,"Feld: 1.0, 0.5, 200",1.965,2.29,-0.32499999999999996
4,17,Joss: 0.9,2.45,2.675,-0.22499999999999964
4,17,Tullock,1.43,1.38,0.050000000000000044
4,17,Anonymous,3.045,0.82,2.225
4,17,Random: 0.5,2.85,0.975,1.875
4,18,Cu,3.01,2.985,0.02499999999999991
4,18,Du,0.975,1.1,-0.1250000000000001
4,18,Tit For Tat,3.01,2.985,0.02499999999999991
4,18,spiteful,3.01,2.985,0.02499999999999991
4,18,soft_majo,3.01,2.985,0.02499999999999991
4,18,hard_majo,2.99,2.99,0.0
4,18,per_cd,2.685,1.31,1.375
4,18,per_ccd,3.29,1.19,2.1
4,18,per_ddc,2.29,0.765,1.525
4,18,mistrust,2.99,2.99,0.0
4,18,WSLS,3.01,2.985,0.02499999999999991
4,18,TFTT,3.01,2.985,0.02499999999999991
4,18,hard_tft,3.01,2.985,0.02499999999999991
4,18,slow_tft,3.01,2.985,0.02499999999999991
4,18,GrdTFT,3.01,2.985,0.02499999999999991
4,18,prober,3.005,2.98,0.02499999999999991
4,18,mem2,3.01,2.985,0.02499999999999991
4,18,grok:grok-3-mini,3.01,2.985,0.02499999999999991
4,18,Tideman & Chieruzzi,2.975,3.0,-0.02499999999999991
4,18,Nydegger,3.01,2.985,0.02499999999999991
4,18,Grofman,3.01,2.985,0.02499999999999991
4,18,Shubik,3.01,2.985,0.02499999999999991
4,18,Stein & Rapoport: 0.05,2.975,3.0,-0.02499999999999991
4,18,GRIM,3.01,2.985,0.02499999999999991
4,18,Davis: 10,3.01,2.985,0.02499999999999991
4,18,Graaskamp: 0.05,3.565,1.965,1.5999999999999999
4,18,Downing,1.125,1.05,0.07499999999999996
4,18,"Feld: 1.0, 0.5, 200",1.505,1.73,-0.2250000000000001
4,18,Joss: 0.9,2.62,2.82,-0.19999999999999973
4,18,Tullock,1.53,1.655,-0.125
4,18,Anonymous,2.91,0.61,2.3000000000000003
4,18,Random: 0.5,3.055,0.655,2.4000000000000004
4,19,Cu,3.01,2.985,0.02499999999999991
4,19,Du,0.975,1.1,-0.1250000000000001
4,19,Tit For Tat,3.01,2.985,0.02499999999999991
4,19,spiteful,3.01,2.985,0.02499999999999991
4,19,soft_majo,3.01,2.985,0.02499999999999991
4,19,hard_majo,2.99,2.99,0.0
4,19,per_cd,2.685,1.31,1.375
4,19,per_ccd,3.29,1.19,2.1
4,19,per_ddc,2.29,0.765,1.525
4,19,mistrust,2.99,2.99,0.0
4,19,WSLS,3.01,2.985,0.02499999999999991
4,19,TFTT,3.01,2.985,0.02499999999999991
4,19,hard_tft,3.01,2.985,0.02499999999999991
4,19,slow_tft,3.01,2.985,0.02499999999999991
4,19,GrdTFT,3.01,2.985,0.02499999999999991
4,19,prober,3.005,2.98,0.02499999999999991
4,19,mem2,3.01,2.985,0.02499999999999991
4,19,grok:grok-3-mini,3.01,2.985,0.02499999999999991
4,19,Tideman & Chieruzzi,2.975,3.0,-0.02499999999999991
4,19,Nydegger,3.01,2.985,0.02499999999999991
4,19,Grofman,3.01,2.985,0.02499999999999991
4,19,Shubik,3.01,2.985,0.02499999999999991
4,19,Stein & Rapoport: 0.05,2.975,3.0,-0.02499999999999991
4,19,GRIM,3.01,2.985,0.02499999999999991
4,19,Davis: 10,3.01,2.985,0.02499999999999991
4,19,Graaskamp: 0.05,3.575,1.95,1.6250000000000002
4,19,Downing,1.125,1.05,0.07499999999999996
4,19,"Feld: 1.0, 0.5, 200",1.685,1.96,-0.2749999999999999
4,19,Joss: 0.9,2.55,2.75,-0.20000000000000018
4,19,Tullock,1.52,1.645,-0.125
4,19,Anonymous,2.93,0.98,1.9500000000000002
4,19,Random: 0.5,2.815,0.64,2.175
5,0,Cu,3.01,2.985,0.02499999999999991
5,0,Du,0.975,1.1,-0.1250000000000001
5,0,Tit For Tat,3.01,2.985,0.02499999999999991
5,0,spiteful,3.01,2.985,0.02499999999999991
5,0,soft_majo,3.01,2.985,0.02499999999999991
5,0,hard_majo,2.99,2.99,0.0
5,0,per_cd,2.685,1.31,1.375
5,0,per_ccd,3.29,1.19,2.1
5,0,per_ddc,2.29,0.765,1.525
5,0,mistrust,2.99,2.99,0.0
5,0,WSLS,3.01,2.985,0.02499999999999991
5,0,TFTT,3.01,2.985,0.02499999999999991
5,0,hard_tft,3.01,2.985,0.02499999999999991
5,0,slow_tft,3.01,2.985,0.02499999999999991
5,0,GrdTFT,3.01,2.985,0.02499999999999991
5,0,prober,3.005,2.98,0.02499999999999991
5,0,mem2,3.01,2.985,0.02499999999999991
5,0,grok:grok-3-mini,3.01,2.985,0.02499999999999991
5,0,Tideman & Chieruzzi,2.975,3.0,-0.02499999999999991
5,0,Nydegger,3.01,2.985,0.02499999999999991
5,0,Grofman,3.01,2.985,0.02499999999999991
5,0,Shubik,3.01,2.985,0.02499999999999991
5,0,Stein & Rapoport: 0.05,2.975,3.0,-0.02499999999999991
5,0,GRIM,3.01,2.985,0.02499999999999991
5,0,Davis: 10,3.01,2.985,0.02499999999999991
5,0,Graaskamp: 0.05,3.415,2.14,1.275
5,0,Downing,1.125,1.05,0.07499999999999996
5,0,"Feld: 1.0, 0.5, 200",1.655,1.98,-0.32499999999999996
5,0,Joss: 0.9,2.235,2.485,-0.25
5,0,Tullock,1.345,1.395,-0.050000000000000044
5,0,Anonymous,3.055,0.605,2.45
5,0,Random: 0.5,2.905,0.955,1.9499999999999997
5,1,Cu,3.01,2.985,0.02499999999999991
5,1,Du,0.975,1.1,-0.1250000000000001
5,1,Tit For Tat,3.01,2.985,0.02499999999999991
5,1,spiteful,3.01,2.985,0.02499999999999991
5,1,soft_majo,3.01,2.985,0.02499999999999991
5,1,hard_majo,2.99,2.99,0.0
5,1,per_cd,2.685,1.31,1.375
5,1,per_ccd,3.29,1.19,2.1
5,1,per_ddc,2.29,0.765,1.525
5,1,mistrust,2.99,2.99,0.0
5,1,WSLS,3.01,2.985,0.02499999999999991
5,1,TFTT,3.01,2.985,0.02499999999999991
5,1,hard_tft,3.01,2.985,0.02499999999999991
5,1,slow_tft,3.01,2.985,0.02499999999999991
5,1,GrdTFT,3.01,2.985,0.02499999999999991
5,1,prober,3.005,2.98,0.02499999999999991
5,1,mem2,3.01,2.985,0.02499999999999991
5,1,grok:grok-3-mini,3.01,2.985,0.02499999999999991
5,1,Tideman & Chieruzzi,2.975,3.0,-0.02499999999999991
5,1,Nydegger,3.01,2.985,0.02499999999999991
5,1,Grofman,3.01,2.985,0.02499999999999991
5,1,Shubik,3.01,2.985,0.02499999999999991
5,1,Stein & Rapoport: 0.05,2.975,3.0,-0.02499999999999991
5,1,GRIM,3.01,2.985,0.02499999999999991
5,1,Davis: 10,3.01,2.985,0.02499999999999991
5,1,Graaskamp: 0.05,3.45,2.125,1.3250000000000002
5,1,Downing,1.125,1.05,0.07499999999999996
5,1,"Feld: 1.0, 0.5, 200",1.735,2.06,-0.32499999999999996
5,1,Joss: 0.9,2.035,2.335,-0.2999999999999998
5,1,Tullock,1.295,1.37,-0.07500000000000018
5,1,Anonymous,2.995,0.595,2.4000000000000004
5,1,Random: 0.5,2.905,0.605,2.3
5,2,Cu,3.01,2.985,0.02499999999999991
5,2,Du,0.975,1.1,-0.1250000000000001
5,2,Tit For Tat,3.01,2.985,0.02499999999999991
5,2,spiteful,3.01,2.985,0.02499999999999991
5,2,soft_majo,3.01,2.985,0.02499999999999991
5,2,hard_majo,2.99,2.99,0.0
5,2,per_cd,2.685,1.31,1.375
5,2,per_ccd,3.29,1.19,2.1
5,2,per_ddc,2.29,0.765,1.525
5,2,mistrust,2.99,2.99,0.0
5,2,WSLS,3.01,2.985,0.02499999999999991
5,2,TFTT,3.01,2.985,0.02499999999999991
5,2,hard_tft,3.01,2.985,0.02499999999999991
5,2,slow_tft,3.01,2.985,0.02499999999999991
5,2,GrdTFT,3.01,2.985,0.02499999999999991
5,2,prober,3.005,2.98,0.02499999999999991
5,2,mem2,3.01,2.985,0.02499999999999991
5,2,grok:grok-3-mini,3.01,2.985,0.02499999999999991
5,2,Tideman & Chieruzzi,2.975,3.0,-0.02499999999999991
5,2,Nydegger,3.01,2.985,0.02499999999999991
5,2,Grofman,3.01,2.985,0.02499999999999991
5,2,Shubik,3.01,2.985,0.02499999999999991
5,2,Stein & Rapoport: 0.05,2.975,3.0,-0.02499999999999991
5,2,GRIM,3.01,2.985,0.02499999999999991
5,2,Davis: 10,3.01,2.985,0.02499999999999991
5,2,Graaskamp: 0.05,3.52,1.97,1.55
5,2,Downing,1.125,1.05,0.07499999999999996
5,2,"Feld: 1.0, 0.5, 200",1.675,1.975,-0.30000000000000004
5,2,Joss: 0.9,2.125,2.425,-0.2999999999999998
5,2,Tullock,1.96,2.035,-0.07500000000000018
5,2,Anonymous,2.87,0.62,2.25
5,2,Random: 0.5,2.595,1.545,1.0500000000000003
5,3,Cu,3.01,2.985,0.02499999999999991
5,3,Du,0.975,1.1,-0.1250000000000001
5,3,Tit For Tat,3.01,2.985,0.02499999999999991
5,3,spiteful,3.01,2.985,0.02499999999999991
5,3,soft_majo,3.01,2.985,0.02499999999999991
5,3,hard_majo,2.99,2.99,0.0
5,3,per_cd,2.685,1.31,1.375
5,3,per_ccd,3.29,1.19,2.1
5,3,per_ddc,2.29,0.765,1.525
5,3,mistrust,2.99,2.99,0.0
5,3,WSLS,3.01,2.985,0.02499999999999991
5,3,TFTT,3.01,2.985,0.02499999999999991
5,3,hard_tft,3.01,2.985,0.02499999999999991
5,3,slow_tft,3.01,2.985,0.02499999999999991
5,3,GrdTFT,3.01,2.985,0.02499999999999991
5,3,prober,3.005,2.98,0.02499999999999991
5,3,mem2,3.01,2.985,0.02499999999999991
5,3,grok:grok-3-mini,3.01,2.985,0.02499999999999991
5,3,Tideman & Chieruzzi,2.975,3.0,-0.02499999999999991
5,3,Nydegger,3.01,2.985,0.02499999999999991
5,3,Grofman,3.01,2.985,0.02499999999999991
5,3,Shubik,3.01,2.985,0.02499999999999991
5,3,Stein & Rapoport: 0.05,2.975,3.0,-0.02499999999999991
5,3,GRIM,3.01,2.985,0.02499999999999991
5,3,Davis: 10,3.01,2.985,0.02499999999999991
5,3,Graaskamp: 0.05,3.48,2.055,1.4249999999999998
5,3,Downing,1.125,1.05,0.07499999999999996
5,3,"Feld: 1.0, 0.5, 200",1.565,1.815,-0.25
5,3,Joss: 0.9,1.855,2.155,-0.2999999999999998
5,3,Tullock,1.475,1.475,0.0
5,3,Anonymous,3.025,0.575,2.45
5,3,Random: 0.5,3.05,0.575,2.4749999999999996
5,4,Cu,3.01,2.985,0.02499999999999991
5,4,Du,0.975,1.1,-0.1250000000000001
5,4,Tit For Tat,3.01,2.985,0.02499999999999991
5,4,spiteful,3.01,2.985,0.02499999999999991
5,4,soft_majo,3.01,2.985,0.02499999999999991
5,4,hard_majo,2.99,2.99,0.0
5,4,per_cd,2.685,1.31,1.375
5,4,per_ccd,3.29,1.19,2.1
5,4,per_ddc,2.29,0.765,1.525
5,4,mistrust,2.99,2.99,0.0
5,4,WSLS,3.01,2.985,0.02499999999999991
5,4,TFTT,3.01,2.985,0.02499999999999991
5,4,hard_tft,3.01,2.985,0.02499999999999991
5,4,slow_tft,3.01,2.985,0.02499999999999991
5,4,GrdTFT,3.01,2.985,0.02499999999999991
5,4,prober,3.005,2.98,0.02499999999999991
5,4,mem2,3.01,2.985,0.02499999999999991
5,4,grok:grok-3-mini,3.01,2.985,0.02499999999999991
5,4,Tideman & Chieruzzi,2.975,3.0,-0.02499999999999991
5,4,Nydegger,3.01,2.985,0.02499999999999991
5,4,Grofman,3.01,2.985,0.02499999999999991
5,4,Shubik,3.01,2.985,0.02499999999999991
5,4,Stein & Rapoport: 0.05,2.975,3.0,-0.02499999999999991
5,4,GRIM,3.01,2.985,0.02499999999999991
5,4,Davis: 10,3.01,2.985,0.02499999999999991
5,4,Graaskamp: 0.05,3.405,2.155,1.25
5,4,Downing,1.125,1.05,0.07499999999999996
5,4,"Feld: 1.0, 0.5, 200",1.825,2.2,-0.3750000000000002
5,4,Joss: 0.9,2.015,2.315,-0.2999999999999998
5,4,Tullock,1.44,1.465,-0.025000000000000133
5,4,Anonymous,2.975,0.6,2.375
5,4,Random: 0.5,2.775,0.65,2.125
5,5,Cu,3.01,2.985,0.02499999999999991
5,5,Du,0.975,1.1,-0.1250000000000001
5,5,Tit For Tat,3.01,2.985,0.02499999999999991
5,5,spiteful,3.01,2.985,0.02499999999999991
5,5,soft_majo,3.01,2.985,0.02499999999999991
5,5,hard_majo,2.99,2.99,0.0
5,5,per_cd,2.685,1.31,1.375
5,5,per_ccd,3.29,1.19,2.1
5,5,per_ddc,2.29,0.765,1.525
5,5,mistrust,2.99,2.99,0.0
5,5,WSLS,3.01,2.985,0.02499999999999991
5,5,TFTT,3.01,2.985,0.02499999999999991
5,5,hard_tft,3.01,2.985,0.02499999999999991
5,5,slow_tft,3.01,2.985,0.02499999999999991
5,5,GrdTFT,3.01,2.985,0.02499999999999991
5,5,prober,3.005,2.98,0.02499999999999991
5,5,mem2,3.01,2.985,0.02499999999999991
5,5,grok:grok-3-mini,3.01,2.985,0.02499999999999991
5,5,Tideman & Chieruzzi,2.975,3.0,-0.02499999999999991
5,5,Nydegger,3.01,2.985,0.02499999999999991
5,5,Grofman,3.01,2.985,0.02499999999999991
5,5,Shubik,3.01,2.985,0.02499999999999991
5,5,Stein & Rapoport: 0.05,2.975,3.0,-0.02499999999999991
5,5,GRIM,3.01,2.985,0.02499999999999991
5,5,Davis: 10,3.01,2.985,0.02499999999999991
5,5,Graaskamp: 0.05,3.395,2.145,1.25
5,5,Downing,1.125,1.05,0.07499999999999996
5,5,"Feld: 1.0, 0.5, 200",1.925,2.25,-0.32499999999999996
5,5,Joss: 0.9,1.445,1.645,-0.19999999999999996
5,5,Tullock,1.365,1.365,0.0
5,5,Anonymous,2.705,1.305,1.4000000000000001
5,5,Random: 0.5,2.945,0.595,2.3499999999999996
5,6,Cu,3.01,2.985,0.02499999999999991
5,6,Du,0.975,1.1,-0.1250000000000001
5,6,Tit For Tat,3.01,2.985,0.02499999999999991
5,6,spiteful,3.01,2.985,0.02499999999999991
5,6,soft_majo,3.01,2.985,0.02499999999999991
5,6,hard_majo,2.99,2.99,0.0
5,6,per_cd,2.685,1.31,1.375
5,6,per_ccd,3.29,1.19,2.1
5,6,per_ddc,2.29,0.765,1.525
5,6,mistrust,2.99,2.99,0.0
5,6,WSLS,3.01,2.985,0.02499999999999991
5,6,TFTT,3.01,2.985,0.02499999999999991
5,6,hard_tft,3.01,2.985,0.02499999999999991
5,6,slow_tft,3.01,2.985,0.02499999999999991
5,6,GrdTFT,3.01,2.985,0.02499999999999991
5,6,prober,3.005,2.98,0.02499999999999991
5,6,mem2,3.01,2.985,0.02499999999999991
5,6,grok:grok-3-mini,3.01,2.985,0.02499999999999991
5,6,Tideman & Chieruzzi,2.975,3.0,-0.02499999999999991
5,6,Nydegger,3.01,2.985,0.02499999999999991
5,6,Grofman,3.01,2.985,0.02499999999999991
5,6,Shubik,3.01,2.985,0.02499999999999991
5,6,Stein & Rapoport: 0.05,2.975,3.0,-0.02499999999999991
5,6,GRIM,3.01,2.985,0.02499999999999991
5,6,Davis: 10,3.01,2.985,0.02499999999999991
5,6,Graaskamp: 0.05,3.445,2.095,1.3499999999999996
5,6,Downing,1.125,1.05,0.07499999999999996
5,6,"Feld: 1.0, 0.5, 200",1.775,2.15,-0.375
5,6,Joss: 0.9,1.585,1.81,-0.2250000000000001
5,6,Tullock,1.405,1.43,-0.02499999999999991
5,6,Anonymous,2.73,1.38,1.35
5,6,Random: 0.5,2.7,0.675,2.0250000000000004
5,7,Cu,3.01,2.985,0.02499999999999991
5,7,Du,0.975,1.1,-0.1250000000000001
5,7,Tit For Tat,3.01,2.985,0.02499999999999991
5,7,spiteful,3.01,2.985,0.02499999999999991
5,7,soft_majo,3.01,2.985,0.02499999999999991
5,7,hard_majo,2.99,2.99,0.0
5,7,per_cd,2.685,1.31,1.375
5,7,per_ccd,3.29,1.19,2.1
5,7,per_ddc,2.29,0.765,1.525
5,7,mistrust,2.99,2.99,0.0
5,7,WSLS,3.01,2.985,0.02499999999999991
5,7,TFTT,3.01,2.985,0.02499999999999991
5,7,hard_tft,3.01,2.985,0.02499999999999991
5,7,slow_tft,3.01,2.985,0.02499999999999991
5,7,GrdTFT,3.01,2.985,0.02499999999999991
5,7,prober,3.005,2.98,0.02499999999999991
5,7,mem2,3.01,2.985,0.02499999999999991
5,7,grok:grok-3-mini,3.01,2.985,0.02499999999999991
5,7,Tideman & Chieruzzi,2.975,3.0,-0.02499999999999991
5,7,Nydegger,3.01,2.985,0.02499999999999991
5,7,Grofman,3.01,2.985,0.02499999999999991
5,7,Shubik,3.01,2.985,0.02499999999999991
5,7,Stein & Rapoport: 0.05,2.975,3.0,-0.02499999999999991
5,7,GRIM,3.01,2.985,0.02499999999999991
5,7,Davis: 10,3.01,2.985,0.02499999999999991
5,7,Graaskamp: 0.05,3.38,2.23,1.15
5,7,Downing,1.125,1.05,0.07499999999999996
5,7,"Feld: 1.0, 0.5, 200",1.735,2.01,-0.2749999999999997
5,7,Joss: 0.9,2.45,2.675,-0.22499999999999964
5,7,Tullock,1.6,1.775,-0.17499999999999982
5,7,Anonymous,2.88,0.605,2.275
5,7,Random: 0.5,2.765,0.64,2.125
5,8,Cu,3.01,2.985,0.02499999999999991
5,8,Du,0.975,1.1,-0.1250000000000001
5,8,Tit For Tat,3.01,2.985,0.02499999999999991
5,8,spiteful,3.01,2.985,0.02499999999999991
5,8,soft_majo,3.01,2.985,0.02499999999999991
5,8,hard_majo,2.99,2.99,0.0
5,8,per_cd,2.685,1.31,1.375
5,8,per_ccd,3.29,1.19,2.1
5,8,per_ddc,2.29,0.765,1.525
5,8,mistrust,2.99,2.99,0.0
5,8,WSLS,3.01,2.985,0.02499999999999991
5,8,TFTT,3.01,2.985,0.02499999999999991
5,8,hard_tft,3.01,2.985,0.02499999999999991
5,8,slow_tft,3.01,2.985,0.02499999999999991
5,8,GrdTFT,3.01,2.985,0.02499999999999991
5,8,prober,3.005,2.98,0.02499999999999991
5,8,mem2,3.01,2.985,0.02499999999999991
5,8,grok:grok-3-mini,3.01,2.985,0.02499999999999991
5,8,Tideman & Chieruzzi,2.975,3.0,-0.02499999999999991
5,8,Nydegger,3.01,2.985,0.02499999999999991
5,8,Grofman,3.01,2.985,0.02499999999999991
5,8,Shubik,3.01,2.985,0.02499999999999991
5,8,Stein & Rapoport: 0.05,2.975,3.0,-0.02499999999999991
5,8,GRIM,3.01,2.985,0.02499999999999991
5,8,Davis: 10,3.01,2.985,0.02499999999999991
5,8,Graaskamp: 0.05,3.385,2.135,1.25
5,8,Downing,1.125,1.05,0.07499999999999996
5,8,"Feld: 1.0, 0.5, 200",1.655,1.955,-0.30000000000000004
5,8,Joss: 0.9,1.685,1.96,-0.2749999999999999
5,8,Tullock,1.385,1.435,-0.050000000000000044
5,8,Anonymous,2.795,0.67,2.125
5,8,Random: 0.5,2.73,0.655,2.075
5,9,Cu,3.01,2.985,0.02499999999999991
5,9,Du,0.975,1.1,-0.1250000000000001
5,9,Tit For Tat,3.01,2.985,0.02499999999999991
5,9,spiteful,3.01,2.985,0.02499999999999991
5,9,soft_majo,3.01,2.985,0.02499999999999991
5,9,hard_majo,2.99,2.99,0.0
5,9,per_cd,2.685,1.31,1.375
5,9,per_ccd,3.29,1.19,2.1
5,9,per_ddc,2.29,0.765,1.525
5,9,mistrust,2.99,2.99,0.0
5,9,WSLS,3.01,2.985,0.02499999999999991
5,9,TFTT,3.01,2.985,0.02499999999999991
5,9,hard_tft,3.01,2.985,0.02499999999999991
5,9,slow_tft,3.01,2.985,0.02499999999999991
5,9,GrdTFT,3.01,2.985,0.02499999999999991
5,9,prober,3.005,2.98,0.02499999999999991
5,9,mem2,3.01,2.985,0.02499999999999991
5,9,grok:grok-3-mini,3.01,2.985,0.02499999999999991
5,9,Tideman & Chieruzzi,2.975,3.0,-0.02499999999999991
5,9,Nydegger,3.01,2.985,0.02499999999999991
5,9,Grofman,3.01,2.985,0.02499999999999991
5,9,Shubik,3.01,2.985,0.02499999999999991
5,9,Stein & Rapoport: 0.05,2.975,3.0,-0.02499999999999991
5,9,GRIM,3.01,2.985,0.02499999999999991
5,9,Davis: 10,3.01,2.985,0.02499999999999991
5,9,Graaskamp: 0.05,3.535,1.96,1.5750000000000002
5,9,Downing,1.125,1.05,0.07499999999999996
5,9,"Feld: 1.0, 0.5, 200",1.595,1.82,-0.2250000000000001
5,9,Joss: 0.9,1.835,2.16,-0.3250000000000002
5,9,Tullock,1.68,1.68,0.0
5,9,Anonymous,3.025,0.625,2.4
5,9,Random: 0.5,2.825,0.625,2.2
5,10,Cu,3.01,2.985,0.02499999999999991
5,10,Du,0.975,1.1,-0.1250000000000001
5,10,Tit For Tat,3.01,2.985,0.02499999999999991
5,10,spiteful,3.01,2.985,0.02499999999999991
5,10,soft_majo,3.01,2.985,0.02499999999999991
5,10,hard_majo,2.99,2.99,0.0
5,10,per_cd,2.685,1.31,1.375
5,10,per_ccd,3.29,1.19,2.1
5,10,per_ddc,2.29,0.765,1.525
5,10,mistrust,2.99,2.99,0.0
5,10,WSLS,3.01,2.985,0.02499999999999991
5,10,TFTT,3.01,2.985,0.02499999999999991
5,10,hard_tft,3.01,2.985,0.02499999999999991
5,10,slow_tft,3.01,2.985,0.02499999999999991
5,10,GrdTFT,3.01,2.985,0.02499999999999991
5,10,prober,3.005,2.98,0.02499999999999991
5,10,mem2,3.01,2.985,0.02499999999999991
5,10,grok:grok-3-mini,3.01,2.985,0.02499999999999991
5,10,Tideman & Chieruzzi,2.975,3.0,-0.02499999999999991
5,10,Nydegger,3.01,2.985,0.02499999999999991
5,10,Grofman,3.01,2.985,0.02499999999999991
5,10,Shubik,3.01,2.985,0.02499999999999991
5,10,Stein & Rapoport: 0.05,2.975,3.0,-0.02499999999999991
5,10,GRIM,3.01,2.985,0.02499999999999991
5,10,Davis: 10,3.01,2.985,0.02499999999999991
5,10,Graaskamp: 0.05,3.52,1.97,1.55
5,10,Downing,1.125,1.05,0.07499999999999996
5,10,"Feld: 1.0, 0.5, 200",1.815,2.14,-0.3250000000000002
5,10,Joss: 0.9,2.565,2.74,-0.17500000000000027
5,10,Tullock,1.34,1.415,-0.07499999999999996
5,10,Anonymous,2.79,1.315,1.475
5,10,Random: 0.5,2.69,1.19,1.5
5,11,Cu,3.01,2.985,0.02499999999999991
5,11,Du,0.975,1.1,-0.1250000000000001
5,11,Tit For Tat,3.01,2.985,0.02499999999999991
5,11,spiteful,3.01,2.985,0.02499999999999991
5,11,soft_majo,3.01,2.985,0.02499999999999991
5,11,hard_majo,2.99,2.99,0.0
5,11,per_cd,2.685,1.31,1.375
5,11,per_ccd,3.29,1.19,2.1
5,11,per_ddc,2.29,0.765,1.525
5,11,mistrust,2.99,2.99,0.0
5,11,WSLS,3.01,2.985,0.02499999999999991
5,11,TFTT,3.01,2.985,0.02499999999999991
5,11,hard_tft,3.01,2.985,0.02499999999999991
5,11,slow_tft,3.01,2.985,0.02499999999999991
5,11,GrdTFT,3.01,2.985,0.02499999999999991
5,11,prober,3.005,2.98,0.02499999999999991
5,11,mem2,3.01,2.985,0.02499999999999991
5,11,grok:grok-3-mini,3.01,2.985,0.02499999999999991
5,11,Tideman & Chieruzzi,2.975,3.0,-0.02499999999999991
5,11,Nydegger,3.01,2.985,0.02499999999999991
5,11,Grofman,3.01,2.985,0.02499999999999991
5,11,Shubik,3.01,2.985,0.02499999999999991
5,11,Stein & Rapoport: 0.05,2.975,3.0,-0.02499999999999991
5,11,GRIM,3.01,2.985,0.02499999999999991
5,11,Davis: 10,3.01,2.985,0.02499999999999991
5,11,Graaskamp: 0.05,3.415,2.14,1.275
5,11,Downing,1.125,1.05,0.07499999999999996
5,11,"Feld: 1.0, 0.5, 200",2.035,2.385,-0.34999999999999964
5,11,Joss: 0.9,2.22,2.495,-0.2749999999999999
5,11,Tullock,1.38,1.455,-0.07500000000000018
5,11,Anonymous,2.75,0.75,2.0
5,11,Random: 0.5,2.525,1.4,1.125
5,12,Cu,3.01,2.985,0.02499999999999991
5,12,Du,0.975,1.1,-0.1250000000000001
5,12,Tit For Tat,3.01,2.985,0.02499999999999991
5,12,spiteful,3.01,2.985,0.02499999999999991
5,12,soft_majo,3.01,2.985,0.02499999999999991
5,12,hard_majo,2.99,2.99,0.0
5,12,per_cd,2.685,1.31,1.375
5,12,per_ccd,3.29,1.19,2.1
5,12,per_ddc,2.29,0.765,1.525
5,12,mistrust,2.99,2.99,0.0
5,12,WSLS,3.01,2.985,0.02499999999999991
5,12,TFTT,3.01,2.985,0.02499999999999991
5,12,hard_tft,3.01,2.985,0.02499999999999991
5,12,slow_tft,3.01,2.985,0.02499999999999991
5,12,GrdTFT,3.01,2.985,0.02499999999999991
5,12,prober,3.005,2.98,0.02499999999999991
5,12,mem2,3.01,2.985,0.02499999999999991
5,12,grok:grok-3-mini,3.01,2.985,0.02499999999999991
5,12,Tideman & Chieruzzi,2.975,3.0,-0.02499999999999991
5,12,Nydegger,3.01,2.985,0.02499999999999991
5,12,Grofman,3.01,2.985,0.02499999999999991
5,12,Shubik,3.01,2.985,0.02499999999999991
5,12,Stein & Rapoport: 0.05,2.975,3.0,-0.02499999999999991
5,12,GRIM,3.01,2.985,0.02499999999999991
5,12,Davis: 10,3.01,2.985,0.02499999999999991
5,12,Graaskamp: 0.05,3.475,2.125,1.35
5,12,Downing,1.125,1.05,0.07499999999999996
5,12,"Feld: 1.0, 0.5, 200",1.925,2.3,-0.3749999999999998
5,12,Joss: 0.9,2.285,2.56,-0.2749999999999999
5,12,Tullock,1.32,1.42,-0.09999999999999987
5,12,Anonymous,2.85,0.625,2.225
5,12,Random: 0.5,2.725,0.65,2.075
5,13,Cu,3.01,2.985,0.02499999999999991
5,13,Du,0.975,1.1,-0.1250000000000001
5,13,Tit For Tat,3.01,2.985,0.02499999999999991
5,13,spiteful,3.01,2.985,0.02499999999999991
5,13,soft_majo,3.01,2.985,0.02499999999999991
5,13,hard_majo,2.99,2.99,0.0
5,13,per_cd,2.685,1.31,1.375
5,13,per_ccd,3.29,1.19,2.1
5,13,per_ddc,2.29,0.765,1.525
5,13,mistrust,2.99,2.99,0.0
5,13,WSLS,3.01,2.985,0.02499999999999991
5,13,TFTT,3.01,2.985,0.02499999999999991
5,13,hard_tft,3.01,2.985,0.02499999999999991
5,13,slow_tft,3.01,2.985,0.02499999999999991
5,13,GrdTFT,3.01,2.985,0.02499999999999991
5,13,prober,3.005,2.98,0.02499999999999991
5,13,mem2,3.01,2.985,0.02499999999999991
5,13,grok:grok-3-mini,3.01,2.985,0.02499999999999991
5,13,Tideman & Chieruzzi,2.975,3.0,-0.02499999999999991
5,13,Nydegger,3.01,2.985,0.02499999999999991
5,13,Grofman,3.01,2.985,0.02499999999999991
5,13,Shubik,3.01,2.985,0.02499999999999991
5,13,Stein & Rapoport: 0.05,2.975,3.0,-0.02499999999999991
5,13,GRIM,3.01,2.985,0.02499999999999991
5,13,Davis: 10,3.01,2.985,0.02499999999999991
5,13,Graaskamp: 0.05,3.385,2.185,1.1999999999999997
5,13,Downing,1.125,1.05,0.07499999999999996
5,13,"Feld: 1.0, 0.5, 200",1.945,2.37,-0.42500000000000004
5,13,Joss: 0.9,2.345,2.595,-0.25
5,13,Tullock,1.325,1.475,-0.15000000000000013
5,13,Anonymous,2.71,1.485,1.2249999999999999
5,13,Random: 0.5,2.655,1.38,1.275
5,14,Cu,3.01,2.985,0.02499999999999991
5,14,Du,0.975,1.1,-0.1250000000000001
5,14,Tit For Tat,3.01,2.985,0.02499999999999991
5,14,spiteful,3.01,2.985,0.02499999999999991
5,14,soft_majo,3.01,2.985,0.02499999999999991
5,14,hard_majo,2.99,2.99,0.0
5,14,per_cd,2.685,1.31,1.375
5,14,per_ccd,3.29,1.19,2.1
5,14,per_ddc,2.29,0.765,1.525
5,14,mistrust,2.99,2.99,0.0
5,14,WSLS,3.01,2.985,0.02499999999999991
5,14,TFTT,3.01,2.985,0.02499999999999991
5,14,hard_tft,3.01,2.985,0.02499999999999991
5,14,slow_tft,3.01,2.985,0.02499999999999991
5,14,GrdTFT,3.01,2.985,0.02499999999999991
5,14,prober,3.005,2.98,0.02499999999999991
5,14,mem2,3.01,2.985,0.02499999999999991
5,14,grok:grok-3-mini,3.01,2.985,0.02499999999999991
5,14,Tideman & Chieruzzi,2.975,3.0,-0.02499999999999991
5,14,Nydegger,3.01,2.985,0.02499999999999991
5,14,Grofman,3.01,2.985,0.02499999999999991
5,14,Shubik,3.01,2.985,0.02499999999999991
5,14,Stein & Rapoport: 0.05,2.975,3.0,-0.02499999999999991
5,14,GRIM,3.01,2.985,0.02499999999999991
5,14,Davis: 10,3.01,2.985,0.02499999999999991
5,14,Graaskamp: 0.05,3.315,2.29,1.025
5,14,Downing,1.125,1.05,0.07499999999999996
5,14,"Feld: 1.0, 0.5, 200",1.995,2.32,-0.32499999999999973
5,14,Joss: 0.9,1.845,2.145,-0.30000000000000004
5,14,Tullock,1.24,1.34,-0.10000000000000009
5,14,Anonymous,2.635,0.685,1.9499999999999997
5,14,Random: 0.5,3.135,0.56,2.5749999999999997
5,15,Cu,3.01,2.985,0.02499999999999991
5,15,Du,0.975,1.1,-0.1250000000000001
5,15,Tit For Tat,3.01,2.985,0.02499999999999991
5,15,spiteful,3.01,2.985,0.02499999999999991
5,15,soft_majo,3.01,2.985,0.02499999999999991
5,15,hard_majo,2.99,2.99,0.0
5,15,per_cd,2.685,1.31,1.375
5,15,per_ccd,3.29,1.19,2.1
5,15,per_ddc,2.29,0.765,1.525
5,15,mistrust,2.99,2.99,0.0
5,15,WSLS,3.01,2.985,0.02499999999999991
5,15,TFTT,3.01,2.985,0.02499999999999991
5,15,hard_tft,3.01,2.985,0.02499999999999991
5,15,slow_tft,3.01,2.985,0.02499999999999991
5,15,GrdTFT,3.01,2.985,0.02499999999999991
5,15,prober,3.005,2.98,0.02499999999999991
5,15,mem2,3.01,2.985,0.02499999999999991
5,15,grok:grok-3-mini,3.01,2.985,0.02499999999999991
5,15,Tideman & Chieruzzi,2.975,3.0,-0.02499999999999991
5,15,Nydegger,3.01,2.985,0.02499999999999991
5,15,Grofman,3.01,2.985,0.02499999999999991
5,15,Shubik,3.01,2.985,0.02499999999999991
5,15,Stein & Rapoport: 0.05,2.975,3.0,-0.02499999999999991
5,15,GRIM,3.01,2.985,0.02499999999999991
5,15,Davis: 10,3.01,2.985,0.02499999999999991
5,15,Graaskamp: 0.05,3.505,1.98,1.525
5,15,Downing,1.125,1.05,0.07499999999999996
5,15,"Feld: 1.0, 0.5, 200",1.825,2.2,-0.3750000000000002
5,15,Joss: 0.9,1.405,1.605,-0.19999999999999996
5,15,Tullock,1.555,1.48,0.07499999999999996
5,15,Anonymous,2.65,1.475,1.1749999999999998
5,15,Random: 0.5,2.85,0.625,2.225
5,16,Cu,3.01,2.985,0.02499999999999991
5,16,Du,0.975,1.1,-0.1250000000000001
5,16,Tit For Tat,3.01,2.985,0.02499999999999991
5,16,spiteful,3.01,2.985,0.02499999999999991
5,16,soft_majo,3.01,2.985,0.02499999999999991
5,16,hard_majo,2.99,2.99,0.0
5,16,per_cd,2.685,1.31,1.375
5,16,per_ccd,3.29,1.19,2.1
5,16,per_ddc,2.29,0.765,1.525
5,16,mistrust,2.99,2.99,0.0
5,16,WSLS,3.01,2.985,0.02499999999999991
5,16,TFTT,3.01,2.985,0.02499999999999991
5,16,hard_tft,3.01,2.985,0.02499999999999991
5,16,slow_tft,3.01,2.985,0.02499999999999991
5,16,GrdTFT,3.01,2.985,0.02499999999999991
5,16,prober,3.005,2.98,0.02499999999999991
5,16,mem2,3.01,2.985,0.02499999999999991
5,16,grok:grok-3-mini,3.01,2.985,0.02499999999999991
5,16,Tideman & Chieruzzi,2.975,3.0,-0.02499999999999991
5,16,Nydegger,3.01,2.985,0.02499999999999991
5,16,Grofman,3.01,2.985,0.02499999999999991
5,16,Shubik,3.01,2.985,0.02499999999999991
5,16,Stein & Rapoport: 0.05,2.975,3.0,-0.02499999999999991
5,16,GRIM,3.01,2.985,0.02499999999999991
5,16,Davis: 10,3.01,2.985,0.02499999999999991
5,16,Graaskamp: 0.05,3.375,2.15,1.225
5,16,Downing,1.125,1.05,0.07499999999999996
5,16,"Feld: 1.0, 0.5, 200",1.815,2.115,-0.30000000000000027
5,16,Joss: 0.9,2.2,2.5,-0.2999999999999998
5,16,Tullock,1.31,1.36,-0.050000000000000044
5,16,Anonymous,2.92,0.82,2.1
5,16,Random: 0.5,2.68,0.78,1.9000000000000001
5,17,Cu,3.01,2.985,0.02499999999999991
5,17,Du,0.975,1.1,-0.1250000000000001
5,17,Tit For Tat,3.01,2.985,0.02499999999999991
5,17,spiteful,3.01,2.985,0.02499999999999991
5,17,soft_majo,3.01,2.985,0.02499999999999991
5,17,hard_majo,2.99,2.99,0.0
5,17,per_cd,2.685,1.31,1.375
5,17,per_ccd,3.29,1.19,2.1
5,17,per_ddc,2.29,0.765,1.525
5,17,mistrust,2.99,2.99,0.0
5,17,WSLS,3.01,2.985,0.02499999999999991
5,17,TFTT,3.01,2.985,0.02499999999999991
5,17,hard_tft,3.01,2.985,0.02499999999999991
5,17,slow_tft,3.01,2.985,0.02499999999999991
5,17,GrdTFT,3.01,2.985,0.02499999999999991
5,17,prober,3.005,2.98,0.02499999999999991
5,17,mem2,3.01,2.985,0.02499999999999991
5,17,grok:grok-3-mini,3.01,2.985,0.02499999999999991
5,17,Tideman & Chieruzzi,2.975,3.0,-0.02499999999999991
5,17,Nydegger,3.01,2.985,0.02499999999999991
5,17,Grofman,3.01,2.985,0.02499999999999991
5,17,Shubik,3.01,2.985,0.02499999999999991
5,17,Stein & Rapoport: 0.05,2.975,3.0,-0.02499999999999991
5,17,GRIM,3.01,2.985,0.02499999999999991
5,17,Davis: 10,3.01,2.985,0.02499999999999991
5,17,Graaskamp: 0.05,3.535,1.96,1.5750000000000002
5,17,Downing,1.125,1.05,0.07499999999999996
5,17,"Feld: 1.0, 0.5, 200",1.875,2.2,-0.3250000000000002
5,17,Joss: 0.9,2.34,2.59,-0.25
5,17,Tullock,1.38,1.48,-0.10000000000000009
5,17,Anonymous,2.855,0.78,2.075
5,17,Random: 0.5,3.04,0.565,2.475
5,18,Cu,3.01,2.985,0.02499999999999991
5,18,Du,0.975,1.1,-0.1250000000000001
5,18,Tit For Tat,3.01,2.985,0.02499999999999991
5,18,spiteful,3.01,2.985,0.02499999999999991
5,18,soft_majo,3.01,2.985,0.02499999999999991
5,18,hard_majo,2.99,2.99,0.0
5,18,per_cd,2.685,1.31,1.375
5,18,per_ccd,3.29,1.19,2.1
5,18,per_ddc,2.29,0.765,1.525
5,18,mistrust,2.99,2.99,0.0
5,18,WSLS,3.01,2.985,0.02499999999999991
5,18,TFTT,3.01,2.985,0.02499999999999991
5,18,hard_tft,3.01,2.985,0.02499999999999991
5,18,slow_tft,3.01,2.985,0.02499999999999991
5,18,GrdTFT,3.01,2.985,0.02499999999999991
5,18,prober,3.005,2.98,0.02499999999999991
5,18,mem2,3.01,2.985,0.02499999999999991
5,18,grok:grok-3-mini,3.01,2.985,0.02499999999999991
5,18,Tideman & Chieruzzi,2.975,3.0,-0.02499999999999991
5,18,Nydegger,3.01,2.985,0.02499999999999991
5,18,Grofman,3.01,2.985,0.02499999999999991
5,18,Shubik,3.01,2.985,0.02499999999999991
5,18,Stein & Rapoport: 0.05,2.975,3.0,-0.02499999999999991
5,18,GRIM,3.01,2.985,0.02499999999999991
5,18,Davis: 10,3.01,2.985,0.02499999999999991
5,18,Graaskamp: 0.05,3.36,2.21,1.15
5,18,Downing,1.125,1.05,0.07499999999999996
5,18,"Feld: 1.0, 0.5, 200",1.665,1.94,-0.2749999999999999
5,18,Joss: 0.9,1.315,1.465,-0.15000000000000013
5,18,Tullock,1.48,1.555,-0.07499999999999996
5,18,Anonymous,2.565,1.115,1.45
5,18,Random: 0.5,2.825,0.875,1.9500000000000002
5,19,Cu,3.01,2.985,0.02499999999999991
5,19,Du,0.975,1.1,-0.1250000000000001
5,19,Tit For Tat,3.01,2.985,0.02499999999999991
5,19,spiteful,3.01,2.985,0.02499999999999991
5,19,soft_majo,3.01,2.985,0.02499999999999991
5,19,hard_majo,2.99,2.99,0.0
5,19,per_cd,2.685,1.31,1.375
5,19,per_ccd,3.29,1.19,2.1
5,19,per_ddc,2.29,0.765,1.525
5,19,mistrust,2.99,2.99,0.0
5,19,WSLS,3.01,2.985,0.02499999999999991
5,19,TFTT,3.01,2.985,0.02499999999999991
5,19,hard_tft,3.01,2.985,0.02499999999999991
5,19,slow_tft,3.01,2.985,0.02499999999999991
5,19,GrdTFT,3.01,2.985,0.02499999999999991
5,19,prober,3.005,2.98,0.02499999999999991
5,19,mem2,3.01,2.985,0.02499999999999991
5,19,grok:grok-3-mini,3.01,2.985,0.02499999999999991
5,19,Tideman & Chieruzzi,2.975,3.0,-0.02499999999999991
5,19,Nydegger,3.01,2.985,0.02499999999999991
5,19,Grofman,3.01,2.985,0.02499999999999991
5,19,Shubik,3.01,2.985,0.02499999999999991
5,19,Stein & Rapoport: 0.05,2.975,3.0,-0.02499999999999991
5,19,GRIM,3.01,2.985,0.02499999999999991
5,19,Davis: 10,3.01,2.985,0.02499999999999991
5,19,Graaskamp: 0.05,3.505,2.03,1.475
5,19,Downing,1.125,1.05,0.07499999999999996
5,19,"Feld: 1.0, 0.5, 200",1.615,1.89,-0.2749999999999999
5,19,Joss: 0.9,2.45,2.675,-0.22499999999999964
5,19,Tullock,1.385,1.51,-0.125
5,19,Anonymous,2.715,0.99,1.7249999999999999
5,19,Random: 0.5,2.92,0.62,2.3
6,0,Cu,3.01,2.985,0.02499999999999991
6,0,Du,0.975,1.1,-0.1250000000000001
6,0,Tit For Tat,3.01,2.985,0.02499999999999991
6,0,spiteful,3.01,2.985,0.02499999999999991
6,0,soft_majo,3.01,2.985,0.02499999999999991
6,0,hard_majo,2.99,2.99,0.0
6,0,per_cd,2.685,1.31,1.375
6,0,per_ccd,3.29,1.19,2.1
6,0,per_ddc,2.29,0.765,1.525
6,0,mistrust,2.99,2.99,0.0
6,0,WSLS,3.01,2.985,0.02499999999999991
6,0,TFTT,3.01,2.985,0.02499999999999991
6,0,hard_tft,3.01,2.985,0.02499999999999991
6,0,slow_tft,3.01,2.985,0.02499999999999991
6,0,GrdTFT,3.01,2.985,0.02499999999999991
6,0,prober,3.005,2.98,0.02499999999999991
6,0,mem2,3.01,2.985,0.02499999999999991
6,0,grok:grok-3-mini,3.01,2.985,0.02499999999999991
6,0,Tideman & Chieruzzi,2.975,3.0,-0.02499999999999991
6,0,Nydegger,3.01,2.985,0.02499999999999991
6,0,Grofman,3.01,2.985,0.02499999999999991
6,0,Shubik,3.01,2.985,0.02499999999999991
6,0,Stein & Rapoport: 0.05,2.975,3.0,-0.02499999999999991
6,0,GRIM,3.01,2.985,0.02499999999999991
6,0,Davis: 10,3.01,2.985,0.02499999999999991
6,0,Graaskamp: 0.05,3.41,2.16,1.25
6,0,Downing,1.125,1.05,0.07499999999999996
6,0,"Feld: 1.0, 0.5, 200",1.665,1.94,-0.2749999999999999
6,0,Joss: 0.9,2.53,2.755,-0.2250000000000001
6,0,Tullock,1.345,1.495,-0.15000000000000013
6,0,Anonymous,2.63,0.83,1.7999999999999998
6,0,Random: 0.5,2.895,0.62,2.275
6,1,Cu,3.01,2.985,0.02499999999999991
6,1,Du,0.975,1.1,-0.1250000000000001
6,1,Tit For Tat,3.01,2.985,0.02499999999999991
6,1,spiteful,3.01,2.985,0.02499999999999991
6,1,soft_majo,3.01,2.985,0.02499999999999991
6,1,hard_majo,2.99,2.99,0.0
6,1,per_cd,2.685,1.31,1.375
6,1,per_ccd,3.29,1.19,2.1
6,1,per_ddc,2.29,0.765,1.525
6,1,mistrust,2.99,2.99,0.0
6,1,WSLS,3.01,2.985,0.02499999999999991
6,1,TFTT,3.01,2.985,0.02499999999999991
6,1,hard_tft,3.01,2.985,0.02499999999999991
6,1,slow_tft,3.01,2.985,0.02499999999999991
6,1,GrdTFT,3.01,2.985,0.02499999999999991
6,1,prober,3.005,2.98,0.02499999999999991
6,1,mem2,3.01,2.985,0.02499999999999991
6,1,grok:grok-3-mini,3.01,2.985,0.02499999999999991
6,1,Tideman & Chieruzzi,2.975,3.0,-0.02499999999999991
6,1,Nydegger,3.01,2.985,0.02499999999999991
6,1,Grofman,3.01,2.985,0.02499999999999991
6,1,Shubik,3.01,2.985,0.02499999999999991
6,1,Stein & Rapoport: 0.05,2.975,3.0,-0.02499999999999991
6,1,GRIM,3.01,2.985,0.02499999999999991
6,1,Davis: 10,3.01,2.985,0.02499999999999991
6,1,Graaskamp: 0.05,3.545,1.97,1.575
6,1,Downing,1.125,1.05,0.07499999999999996
6,1,"Feld: 1.0, 0.5, 200",1.9,2.175,-0.2749999999999999
6,1,Joss: 0.9,1.865,2.165,-0.30000000000000004
6,1,Tullock,1.28,1.355,-0.07499999999999996
6,1,Anonymous,2.725,1.0,1.725
6,1,Random: 0.5,2.65,1.225,1.4249999999999998
6,2,Cu,3.01,2.985,0.02499999999999991
6,2,Du,0.975,1.1,-0.1250000000000001
6,2,Tit For Tat,3.01,2.985,0.02499999999999991
6,2,spiteful,3.01,2.985,0.02499999999999991
6,2,soft_majo,3.01,2.985,0.02499999999999991
6,2,hard_majo,2.99,2.99,0.0
6,2,per_cd,2.685,1.31,1.375
6,2,per_ccd,3.29,1.19,2.1
6,2,per_ddc,2.29,0.765,1.525
6,2,mistrust,2.99,2.99,0.0
6,2,WSLS,3.01,2.985,0.02499999999999991
6,2,TFTT,3.01,2.985,0.02499999999999991
6,2,hard_tft,3.01,2.985,0.02499999999999991
6,2,slow_tft,3.01,2.985,0.02499999999999991
6,2,GrdTFT,3.01,2.985,0.02499999999999991
6,2,prober,3.005,2.98,0.02499999999999991
6,2,mem2,3.01,2.985,0.02499999999999991
6,2,grok:grok-3-mini,3.01,2.985,0.02499999999999991
6,2,Tideman & Chieruzzi,2.975,3.0,-0.02499999999999991
6,2,Nydegger,3.01,2.985,0.02499999999999991
6,2,Grofman,3.01,2.985,0.02499999999999991
6,2,Shubik,3.01,2.985,0.02499999999999991
6,2,Stein & Rapoport: 0.05,2.975,3.0,-0.02499999999999991
6,2,GRIM,3.01,2.985,0.02499999999999991
6,2,Davis: 10,3.01,2.985,0.02499999999999991
6,2,Graaskamp: 0.05,3.44,2.115,1.3249999999999997
6,2,Downing,1.125,1.05,0.07499999999999996
6,2,"Feld: 1.0, 0.5, 200",1.705,2.005,-0.2999999999999998
6,2,Joss: 0.9,2.185,2.485,-0.2999999999999998
6,2,Tullock,1.51,1.535,-0.02499999999999991
6,2,Anonymous,2.885,0.735,2.15
6,2,Random: 0.5,2.81,1.485,1.325
6,3,Cu,3.01,2.985,0.02499999999999991
6,3,Du,0.975,1.1,-0.1250000000000001
6,3,Tit For Tat,3.01,2.985,0.02499999999999991
6,3,spiteful,3.01,2.985,0.02499999999999991
6,3,soft_majo,3.01,2.985,0.02499999999999991
6,3,hard_majo,2.99,2.99,0.0
6,3,per_cd,2.685,1.31,1.375
6,3,per_ccd,3.29,1.19,2.1
6,3,per_ddc,2.29,0.765,1.525
6,3,mistrust,2.99,2.99,0.0
6,3,WSLS,3.01,2.985,0.02499999999999991
6,3,TFTT,3.01,2.985,0.02499999999999991
6,3,hard_tft,3.01,2.985,0.02499999999999991
6,3,slow_tft,3.01,2.985,0.02499999999999991
6,3,GrdTFT,3.01,2.985,0.02499999999999991
6,3,prober,3.005,2.98,0.02499999999999991
6,3,mem2,3.01,2.985,0.02499999999999991
6,3,grok:grok-3-mini,3.01,2.985,0.02499999999999991
6,3,Tideman & Chieruzzi,2.975,3.0,-0.02499999999999991
6,3,Nydegger,3.01,2.985,0.02499999999999991
6,3,Grofman,3.01,2.985,0.02499999999999991
6,3,Shubik,3.01,2.985,0.02499999999999991
6,3,Stein & Rapoport: 0.05,2.975,3.0,-0.02499999999999991
6,3,GRIM,3.01,2.985,0.02499999999999991
6,3,Davis: 10,3.01,2.985,0.02499999999999991
6,3,Graaskamp: 0.05,3.29,2.315,0.9750000000000001
6,3,Downing,1.125,1.05,0.07499999999999996
6,3,"Feld: 1.0, 0.5, 200",1.935,2.36,-0.4249999999999998
6,3,Joss: 0.9,2.16,2.51,-0.34999999999999964
6,3,Tullock,1.575,1.675,-0.10000000000000009
6,3,Anonymous,2.61,1.01,1.5999999999999999
6,3,Random: 0.5,3.0,0.575,2.425
6,4,Cu,3.01,2.985,0.02499999999999991
6,4,Du,0.975,1.1,-0.1250000000000001
6,4,Tit For Tat,3.01,2.985,0.02499999999999991
6,4,spiteful,3.01,2.985,0.02499999999999991
6,4,soft_majo,3.01,2.985,0.02499999999999991
6,4,hard_majo,2.99,2.99,0.0
6,4,per_cd,2.685,1.31,1.375
6,4,per_ccd,3.29,1.19,2.1
6,4,per_ddc,2.29,0.765,1.525
6,4,mistrust,2.99,2.99,0.0
6,4,WSLS,3.01,2.985,0.02499999999999991
6,4,TFTT,3.01,2.985,0.02499999999999991
6,4,hard_tft,3.01,2.985,0.02499999999999991
6,4,slow_tft,3.01,2.985,0.02499999999999991
6,4,GrdTFT,3.01,2.985,0.02499999999999991
6,4,prober,3.005,2.98,0.02499999999999991
6,4,mem2,3.01,2.985,0.02499999999999991
6,4,grok:grok-3-mini,3.01,2.985,0.02499999999999991
6,4,Tideman & Chieruzzi,2.975,3.0,-0.02499999999999991
6,4,Nydegger,3.01,2.985,0.02499999999999991
6,4,Grofman,3.01,2.985,0.02499999999999991
6,4,Shubik,3.01,2.985,0.02499999999999991
6,4,Stein & Rapoport: 0.05,2.975,3.0,-0.02499999999999991
6,4,GRIM,3.01,2.985,0.02499999999999991
6,4,Davis: 10,3.01,2.985,0.02499999999999991
6,4,Graaskamp: 0.05,3.415,2.14,1.275
6,4,Downing,1.125,1.05,0.07499999999999996
6,4,"Feld: 1.0, 0.5, 200",2.045,2.42,-0.375
6,4,Joss: 0.9,2.525,2.725,-0.20000000000000018
6,4,Tullock,1.305,1.305,0.0
6,4,Anonymous,2.965,0.59,2.375
6,4,Random: 0.5,2.985,0.585,2.4
6,5,Cu,3.01,2.985,0.02499999999999991
6,5,Du,0.975,1.1,-0.1250000000000001
6,5,Tit For Tat,3.01,2.985,0.02499999999999991
6,5,spiteful,3.01,2.985,0.02499999999999991
6,5,soft_majo,3.01,2.985,0.02499999999999991
6,5,hard_majo,2.99,2.99,0.0
6,5,per_cd,2.685,1.31,1.375
6,5,per_ccd,3.29,1.19,2.1
6,5,per_ddc,2.29,0.765,1.525
6,5,mistrust,2.99,2.99,0.0
6,5,WSLS,3.01,2.985,0.02499999999999991
6,5,TFTT,3.01,2.985,0.02499999999999991
6,5,hard_tft,3.01,2.985,0.02499999999999991
6,5,slow_tft,3.01,2.985,0.02499999999999991
6,5,GrdTFT,3.01,2.985,0.02499999999999991
6,5,prober,3.005,2.98,0.02499999999999991
6,5,mem2,3.01,2.985,0.02499999999999991
6,5,grok:grok-3-mini,3.01,2.985,0.02499999999999991
6,5,Tideman & Chieruzzi,2.975,3.0,-0.02499999999999991
6,5,Nydegger,3.01,2.985,0.02499999999999991
6,5,Grofman,3.01,2.985,0.02499999999999991
6,5,Shubik,3.01,2.985,0.02499999999999991
6,5,Stein & Rapoport: 0.05,2.975,3.0,-0.02499999999999991
6,5,GRIM,3.01,2.985,0.02499999999999991
6,5,Davis: 10,3.01,2.985,0.02499999999999991
6,5,Graaskamp: 0.05,3.535,1.96,1.5750000000000002
6,5,Downing,1.125,1.05,0.07499999999999996
6,5,"Feld: 1.0, 0.5, 200",1.655,1.98,-0.32499999999999996
6,5,Joss: 0.9,2.345,2.595,-0.25
6,5,Tullock,1.49,1.565,-0.07499999999999996
6,5,Anonymous,2.6,1.475,1.125
6,5,Random: 0.5,3.09,0.59,2.5
6,6,Cu,3.01,2.985,0.02499999999999991
6,6,Du,0.975,1.1,-0.1250000000000001
6,6,Tit For Tat,3.01,2.985,0.02499999999999991
6,6,spiteful,3.01,2.985,0.02499999999999991
6,6,soft_majo,3.01,2.985,0.02499999999999991
6,6,hard_majo,2.99,2.99,0.0
6,6,per_cd,2.685,1.31,1.375
6,6,per_ccd,3.29,1.19,2.1
6,6,per_ddc,2.29,0.765,1.525
6,6,mistrust,2.99,2.99,0.0
6,6,WSLS,3.01,2.985,0.02499999999999991
6,6,TFTT,3.01,2.985,0.02499999999999991
6,6,hard_tft,3.01,2.985,0.02499999999999991
6,6,slow_tft,3.01,2.985,0.02499999999999991
6,6,GrdTFT,3.01,2.985,0.02499999999999991
6,6,prober,3.005,2.98,0.02499999999999991
6,6,mem2,3.01,2.985,0.02499999999999991
6,6,grok:grok-3-mini,3.01,2.985,0.02499999999999991
6,6,Tideman & Chieruzzi,2.975,3.0,-0.02499999999999991
6,6,Nydegger,3.01,2.985,0.02499999999999991
6,6,Grofman,3.01,2.985,0.02499999999999991
6,6,Shubik,3.01,2.985,0.02499999999999991
6,6,Stein & Rapoport: 0.05,2.975,3.0,-0.02499999999999991
6,6,GRIM,3.01,2.985,0.02499999999999991
6,6,Davis: 10,3.01,2.985,0.02499999999999991
6,6,Graaskamp: 0.05,3.385,2.21,1.1749999999999998
6,6,Downing,1.125,1.05,0.07499999999999996
6,6,"Feld: 1.0, 0.5, 200",1.795,2.145,-0.3500000000000001
6,6,Joss: 0.9,1.09,1.14,-0.04999999999999982
6,6,Tullock,1.235,1.31,-0.07499999999999996
6,6,Anonymous,2.49,1.415,1.0750000000000002
6,6,Random: 0.5,3.025,0.575,2.45
6,7,Cu,3.01,2.985,0.02499999999999991
6,7,Du,0.975,1.1,-0.1250000000000001
6,7,Tit For Tat,3.01,2.985,0.02499999999999991
6,7,spiteful,3.01,2.985,0.02499999999999991
6,7,soft_majo,3.01,2.985,0.02499999999999991
6,7,hard_majo,2.99,2.99,0.0
6,7,per_cd,2.685,1.31,1.375
6,7,per_ccd,3.29,1.19,2.1
6,7,per_ddc,2.29,0.765,1.525
6,7,mistrust,2.99,2.99,0.0
6,7,WSLS,3.01,2.985,0.02499999999999991
6,7,TFTT,3.01,2.985,0.02499999999999991
6,7,hard_tft,3.01,2.985,0.02499999999999991
6,7,slow_tft,3.01,2.985,0.02499999999999991
6,7,GrdTFT,3.01,2.985,0.02499999999999991
6,7,prober,3.005,2.98,0.02499999999999991
6,7,mem2,3.01,2.985,0.02499999999999991
6,7,grok:grok-3-mini,3.01,2.985,0.02499999999999991
6,7,Tideman & Chieruzzi,2.975,3.0,-0.02499999999999991
6,7,Nydegger,3.01,2.985,0.02499999999999991
6,7,Grofman,3.01,2.985,0.02499999999999991
6,7,Shubik,3.01,2.985,0.02499999999999991
6,7,Stein & Rapoport: 0.05,2.975,3.0,-0.02499999999999991
6,7,GRIM,3.01,2.985,0.02499999999999991
6,7,Davis: 10,3.01,2.985,0.02499999999999991
6,7,Graaskamp: 0.05,3.395,2.145,1.25
6,7,Downing,1.125,1.05,0.07499999999999996
6,7,"Feld: 1.0, 0.5, 200",1.845,2.17,-0.32499999999999996
6,7,Joss: 0.9,2.185,2.46,-0.2749999999999999
6,7,Tullock,1.385,1.385,0.0
6,7,Anonymous,2.895,0.97,1.925
6,7,Random: 0.5,3.21,0.535,2.675
6,8,Cu,3.01,2.985,0.02499999999999991
6,8,Du,0.975,1.1,-0.1250000000000001
6,8,Tit For Tat,3.01,2.985,0.02499999999999991
6,8,spiteful,3.01,2.985,0.02499999999999991
6,8,soft_majo,3.01,2.985,0.02499999999999991
6,8,hard_majo,2.99,2.99,0.0
6,8,per_cd,2.685,1.31,1.375
6,8,per_ccd,3.29,1.19,2.1
6,8,per_ddc,2.29,0.765,1.525
6,8,mistrust,2.99,2.99,0.0
6,8,WSLS,3.01,2.985,0.02499999999999991
6,8,TFTT,3.01,2.985,0.02499999999999991
6,8,hard_tft,3.01,2.985,0.02499999999999991
6,8,slow_tft,3.01,2.985,0.02499999999999991
6,8,GrdTFT,3.01,2.985,0.02499999999999991
6,8,prober,3.005,2.98,0.02499999999999991
6,8,mem2,3.01,2.985,0.02499999999999991
6,8,grok:grok-3-mini,3.01,2.985,0.02499999999999991
6,8,Tideman & Chieruzzi,2.975,3.0,-0.02499999999999991
6,8,Nydegger,3.01,2.985,0.02499999999999991
6,8,Grofman,3.01,2.985,0.02499999999999991
6,8,Shubik,3.01,2.985,0.02499999999999991
6,8,Stein & Rapoport: 0.05,2.975,3.0,-0.02499999999999991
6,8,GRIM,3.01,2.985,0.02499999999999991
6,8,Davis: 10,3.01,2.985,0.02499999999999991
6,8,Graaskamp: 0.05,3.56,1.96,1.6
6,8,Downing,1.125,1.05,0.07499999999999996
6,8,"Feld: 1.0, 0.5, 200",1.825,2.225,-0.40000000000000013
6,8,Joss: 0.9,2.07,2.395,-0.3250000000000002
6,8,Tullock,1.435,1.46,-0.02499999999999991
6,8,Anonymous,2.945,0.595,2.3499999999999996
6,8,Random: 0.5,3.21,0.635,2.575
6,9,Cu,3.01,2.985,0.02499999999999991
6,9,Du,0.975,1.1,-0.1250000000000001
6,9,Tit For Tat,3.01,2.985,0.02499999999999991
6,9,spiteful,3.01,2.985,0.02499999999999991
6,9,soft_majo,3.01,2.985,0.02499999999999991
6,9,hard_majo,2.99,2.99,0.0
6,9,per_cd,2.685,1.31,1.375
6,9,per_ccd,3.29,1.19,2.1
6,9,per_ddc,2.29,0.765,1.525
6,9,mistrust,2.99,2.99,0.0
6,9,WSLS,3.01,2.985,0.02499999999999991
6,9,TFTT,3.01,2.985,0.02499999999999991
6,9,hard_tft,3.01,2.985,0.02499999999999991
6,9,slow_tft,3.01,2.985,0.02499999999999991
6,9,GrdTFT,3.01,2.985,0.02499999999999991
6,9,prober,3.005,2.98,0.02499999999999991
6,9,mem2,3.01,2.985,0.02499999999999991
6,9,grok:grok-3-mini,3.01,2.985,0.02499999999999991
6,9,Tideman & Chieruzzi,2.975,3.0,-0.02499999999999991
6,9,Nydegger,3.01,2.985,0.02499999999999991
6,9,Grofman,3.01,2.985,0.02499999999999991
6,9,Shubik,3.01,2.985,0.02499999999999991
6,9,Stein & Rapoport: 0.05,2.975,3.0,-0.02499999999999991
6,9,GRIM,3.01,2.985,0.02499999999999991
6,9,Davis: 10,3.01,2.985,0.02499999999999991
6,9,Graaskamp: 0.05,3.525,2.0,1.525
6,9,Downing,1.125,1.05,0.07499999999999996
6,9,"Feld: 1.0, 0.5, 200",1.715,1.965,-0.25
6,9,Joss: 0.9,2.55,2.75,-0.20000000000000018
6,9,Tullock,1.575,1.8,-0.2250000000000001
6,9,Anonymous,2.73,1.405,1.325
6,9,Random: 0.5,2.73,0.755,1.975
6,10,Cu,3.01,2.985,0.02499999999999991
6,10,Du,0.975,1.1,-0.1250000000000001
6,10,Tit For Tat,3.01,2.985,0.02499999999999991
6,10,spiteful,3.01,2.985,0.02499999999999991
6,10,soft_majo,3.01,2.985,0.02499999999999991
6,10,hard_majo,2.99,2.99,0.0
6,10,per_cd,2.685,1.31,1.375
6,10,per_ccd,3.29,1.19,2.1
6,10,per_ddc,2.29,0.765,1.525
6,10,mistrust,2.99,2.99,0.0
6,10,WSLS,3.01,2.985,0.02499999999999991
6,10,TFTT,3.01,2.985,0.02499999999999991
6,10,hard_tft,3.01,2.985,0.02499999999999991
6,10,slow_tft,3.01,2.985,0.02499999999999991
6,10,GrdTFT,3.01,2.985,0.02499999999999991
6,10,prober,3.005,2.98,0.02499999999999991
6,10,mem2,3.01,2.985,0.02499999999999991
6,10,grok:grok-3-mini,3.01,2.985,0.02499999999999991
6,10,Tideman & Chieruzzi,2.975,3.0,-0.02499999999999991
6,10,Nydegger,3.01,2.985,0.02499999999999991
6,10,Grofman,3.01,2.985,0.02499999999999991
6,10,Shubik,3.01,2.985,0.02499999999999991
6,10,Stein & Rapoport: 0.05,2.975,3.0,-0.02499999999999991
6,10,GRIM,3.01,2.985,0.02499999999999991
6,10,Davis: 10,3.01,2.985,0.02499999999999991
6,10,Graaskamp: 0.05,3.31,2.31,1.0
6,10,Downing,1.125,1.05,0.07499999999999996
6,10,"Feld: 1.0, 0.5, 200",1.675,2.0,-0.32499999999999996
6,10,Joss: 0.9,2.305,2.555,-0.25
6,10,Tullock,1.515,1.515,0.0
6,10,Anonymous,3.01,0.685,2.3249999999999997
6,10,Random: 0.5,2.79,0.64,2.15
6,11,Cu,3.01,2.985,0.02499999999999991
6,11,Du,0.975,1.1,-0.1250000000000001
6,11,Tit For Tat,3.01,2.985,0.02499999999999991
6,11,spiteful,3.01,2.985,0.02499999999999991
6,11,soft_majo,3.01,2.985,0.02499999999999991
6,11,hard_majo,2.99,2.99,0.0
6,11,per_cd,2.685,1.31,1.375
6,11,per_ccd,3.29,1.19,2.1
6,11,per_ddc,2.29,0.765,1.525
6,11,mistrust,2.99,2.99,0.0
6,11,WSLS,3.01,2.985,0.02499999999999991
6,11,TFTT,3.01,2.985,0.02499999999999991
6,11,hard_tft,3.01,2.985,0.02499999999999991
6,11,slow_tft,3.01,2.985,0.02499999999999991
6,11,GrdTFT,3.01,2.985,0.02499999999999991
6,11,prober,3.005,2.98,0.02499999999999991
6,11,mem2,3.01,2.985,0.02499999999999991
6,11,grok:grok-3-mini,3.01,2.985,0.02499999999999991
6,11,Tideman & Chieruzzi,2.975,3.0,-0.02499999999999991
6,11,Nydegger,3.01,2.985,0.02499999999999991
6,11,Grofman,3.01,2.985,0.02499999999999991
6,11,Shubik,3.01,2.985,0.02499999999999991
6,11,Stein & Rapoport: 0.05,2.975,3.0,-0.02499999999999991
6,11,GRIM,3.01,2.985,0.02499999999999991
6,11,Davis: 10,3.01,2.985,0.02499999999999991
6,11,Graaskamp: 0.05,3.335,2.285,1.0499999999999998
6,11,Downing,1.125,1.05,0.07499999999999996
6,11,"Feld: 1.0, 0.5, 200",1.825,2.175,-0.34999999999999987
6,11,Joss: 0.9,2.175,2.475,-0.30000000000000027
6,11,Tullock,1.275,1.325,-0.050000000000000044
6,11,Anonymous,2.885,0.685,2.1999999999999997
6,11,Random: 0.5,2.945,0.62,2.3249999999999997
6,12,Cu,3.01,2.985,0.02499999999999991
6,12,Du,0.975,1.1,-0.1250000000000001
6,12,Tit For Tat,3.01,2.985,0.02499999999999991
6,12,spiteful,3.01,2.985,0.02499999999999991
6,12,soft_majo,3.01,2.985,0.02499999999999991
6,12,hard_majo,2.99,2.99,0.0
6,12,per_cd,2.685,1.31,1.375
6,12,per_ccd,3.29,1.19,2.1
6,12,per_ddc,2.29,0.765,1.525
6,12,mistrust,2.99,2.99,0.0
6,12,WSLS,3.01,2.985,0.02499999999999991
6,12,TFTT,3.01,2.985,0.02499999999999991
6,12,hard_tft,3.01,2.985,0.02499999999999991
6,12,slow_tft,3.01,2.985,0.02499999999999991
6,12,GrdTFT,3.01,2.985,0.02499999999999991
6,12,prober,3.005,2.98,0.02499999999999991
6,12,mem2,3.01,2.985,0.02499999999999991
6,12,grok:grok-3-mini,3.01,2.985,0.02499999999999991
6,12,Tideman & Chieruzzi,2.975,3.0,-0.02499999999999991
6,12,Nydegger,3.01,2.985,0.02499999999999991
6,12,Grofman,3.01,2.985,0.02499999999999991
6,12,Shubik,3.01,2.985,0.02499999999999991
6,12,Stein & Rapoport: 0.05,2.975,3.0,-0.02499999999999991
6,12,GRIM,3.01,2.985,0.02499999999999991
6,12,Davis: 10,3.01,2.985,0.02499999999999991
6,12,Graaskamp: 0.05,3.29,2.315,0.9750000000000001
6,12,Downing,1.125,1.05,0.07499999999999996
6,12,"Feld: 1.0, 0.5, 200",1.705,2.055,-0.3500000000000001
6,12,Joss: 0.9,2.36,2.585,-0.2250000000000001
6,12,Tullock,1.37,1.42,-0.04999999999999982
6,12,Anonymous,2.765,1.315,1.4500000000000002
6,12,Random: 0.5,2.945,0.595,2.3499999999999996
6,13,Cu,3.01,2.985,0.02499999999999991
6,13,Du,0.975,1.1,-0.1250000000000001
6,13,Tit For Tat,3.01,2.985,0.02499999999999991
6,13,spiteful,3.01,2.985,0.02499999999999991
6,13,soft_majo,3.01,2.985,0.02499999999999991
6,13,hard_majo,2.99,2.99,0.0
6,13,per_cd,2.685,1.31,1.375
6,13,per_ccd,3.29,1.19,2.1
6,13,per_ddc,2.29,0.765,1.525
6,13,mistrust,2.99,2.99,0.0
6,13,WSLS,3.01,2.985,0.02499999999999991
6,13,TFTT,3.01,2.985,0.02499999999999991
6,13,hard_tft,3.01,2.985,0.02499999999999991
6,13,slow_tft,3.01,2.985,0.02499999999999991
6,13,GrdTFT,3.01,2.985,0.02499999999999991
6,13,prober,3.005,2.98,0.02499999999999991
6,13,mem2,3.01,2.985,0.02499999999999991
6,13,grok:grok-3-mini,3.01,2.985,0.02499999999999991
6,13,Tideman & Chieruzzi,2.975,3.0,-0.02499999999999991
6,13,Nydegger,3.01,2.985,0.02499999999999991
6,13,Grofman,3.01,2.985,0.02499999999999991
6,13,Shubik,3.01,2.985,0.02499999999999991
6,13,Stein & Rapoport: 0.05,2.975,3.0,-0.02499999999999991
6,13,GRIM,3.01,2.985,0.02499999999999991
6,13,Davis: 10,3.01,2.985,0.02499999999999991
6,13,Graaskamp: 0.05,3.515,2.04,1.475
6,13,Downing,1.125,1.05,0.07499999999999996
6,13,"Feld: 1.0, 0.5, 200",2.045,2.37,-0.3250000000000002
6,13,Joss: 0.9,2.24,2.49,-0.25
6,13,Tullock,1.395,1.445,-0.050000000000000044
6,13,Anonymous,2.61,1.21,1.4
6,13,Random: 0.5,3.115,0.79,2.325
6,14,Cu,3.01,2.985,0.02499999999999991
6,14,Du,0.975,1.1,-0.1250000000000001
6,14,Tit For Tat,3.01,2.985,0.02499999999999991
6,14,spiteful,3.01,2.985,0.02499999999999991
6,14,soft_majo,3.01,2.985,0.02499999999999991
6,14,hard_majo,2.99,2.99,0.0
6,14,per_cd,2.685,1.31,1.375
6,14,per_ccd,3.29,1.19,2.1
6,14,per_ddc,2.29,0.765,1.525
6,14,mistrust,2.99,2.99,0.0
6,14,WSLS,3.01,2.985,0.02499999999999991
6,14,TFTT,3.01,2.985,0.02499999999999991
6,14,hard_tft,3.01,2.985,0.02499999999999991
6,14,slow_tft,3.01,2.985,0.02499999999999991
6,14,GrdTFT,3.01,2.985,0.02499999999999991
6,14,prober,3.005,2.98,0.02499999999999991
6,14,mem2,3.01,2.985,0.02499999999999991
6,14,grok:grok-3-mini,3.01,2.985,0.02499999999999991
6,14,Tideman & Chieruzzi,2.975,3.0,-0.02499999999999991
6,14,Nydegger,3.01,2.985,0.02499999999999991
6,14,Grofman,3.01,2.985,0.02499999999999991
6,14,Shubik,3.01,2.985,0.02499999999999991
6,14,Stein & Rapoport: 0.05,2.975,3.0,-0.02499999999999991
6,14,GRIM,3.01,2.985,0.02499999999999991
6,14,Davis: 10,3.01,2.985,0.02499999999999991
6,14,Graaskamp: 0.05,3.465,2.115,1.3499999999999996
6,14,Downing,1.125,1.05,0.07499999999999996
6,14,"Feld: 1.0, 0.5, 200",1.585,1.86,-0.27500000000000013
6,14,Joss: 0.9,2.18,2.505,-0.32499999999999973
6,14,Tullock,1.38,1.48,-0.10000000000000009
6,14,Anonymous,3.075,0.575,2.5
6,14,Random: 0.5,2.67,0.67,2.0
6,15,Cu,3.01,2.985,0.02499999999999991
6,15,Du,0.975,1.1,-0.1250000000000001
6,15,Tit For Tat,3.01,2.985,0.02499999999999991
6,15,spiteful,3.01,2.985,0.02499999999999991
6,15,soft_majo,3.01,2.985,0.02499999999999991
6,15,hard_majo,2.99,2.99,0.0
6,15,per_cd,2.685,1.31,1.375
6,15,per_ccd,3.29,1.19,2.1
6,15,per_ddc,2.29,0.765,1.525
6,15,mistrust,2.99,2.99,0.0
6,15,WSLS,3.01,2.985,0.02499999999999991
6,15,TFTT,3.01,2.985,0.02499999999999991
6,15,hard_tft,3.01,2.985,0.02499999999999991
6,15,slow_tft,3.01,2.985,0.02499999999999991
6,15,GrdTFT,3.01,2.985,0.02499999999999991
6,15,prober,3.005,2.98,0.02499999999999991
6,15,mem2,3.01,2.985,0.02499999999999991
6,15,grok:grok-3-mini,3.01,2.985,0.02499999999999991
6,15,Tideman & Chieruzzi,2.975,3.0,-0.02499999999999991
6,15,Nydegger,3.01,2.985,0.02499999999999991
6,15,Grofman,3.01,2.985,0.02499999999999991
6,15,Shubik,3.01,2.985,0.02499999999999991
6,15,Stein & Rapoport: 0.05,2.975,3.0,-0.02499999999999991
6,15,GRIM,3.01,2.985,0.02499999999999991
6,15,Davis: 10,3.01,2.985,0.02499999999999991
6,15,Graaskamp: 0.05,3.43,2.13,1.3000000000000003
6,15,Downing,1.125,1.05,0.07499999999999996
6,15,"Feld: 1.0, 0.5, 200",1.645,1.945,-0.30000000000000004
6,15,Joss: 0.9,2.175,2.475,-0.30000000000000027
6,15,Tullock,1.32,1.37,-0.050000000000000044
6,15,Anonymous,3.165,0.54,2.625
6,15,Random: 0.5,3.06,0.585,2.475
6,16,Cu,3.01,2.985,0.02499999999999991
6,16,Du,0.975,1.1,-0.1250000000000001
6,16,Tit For Tat,3.01,2.985,0.02499999999999991
6,16,spiteful,3.01,2.985,0.02499999999999991
6,16,soft_majo,3.01,2.985,0.02499999999999991
6,16,hard_majo,2.99,2.99,0.0
6,16,per_cd,2.685,1.31,1.375
6,16,per_ccd,3.29,1.19,2.1
6,16,per_ddc,2.29,0.765,1.525
6,16,mistrust,2.99,2.99,0.0
6,16,WSLS,3.01,2.985,0.02499999999999991
6,16,TFTT,3.01,2.985,0.02499999999999991
6,16,hard_tft,3.01,2.985,0.02499999999999991
6,16,slow_tft,3.01,2.985,0.02499999999999991
6,16,GrdTFT,3.01,2.985,0.02499999999999991
6,16,prober,3.005,2.98,0.02499999999999991
6,16,mem2,3.01,2.985,0.02499999999999991
6,16,grok:grok-3-mini,3.01,2.985,0.02499999999999991
6,16,Tideman & Chieruzzi,2.975,3.0,-0.02499999999999991
6,16,Nydegger,3.01,2.985,0.02499999999999991
6,16,Grofman,3.01,2.985,0.02499999999999991
6,16,Shubik,3.01,2.985,0.02499999999999991
6,16,Stein & Rapoport: 0.05,2.975,3.0,-0.02499999999999991
6,16,GRIM,3.01,2.985,0.02499999999999991
6,16,Davis: 10,3.01,2.985,0.02499999999999991
6,16,Graaskamp: 0.05,3.41,2.135,1.2750000000000004
6,16,Downing,1.125,1.05,0.07499999999999996
6,16,"Feld: 1.0, 0.5, 200",1.615,1.84,-0.2250000000000001
6,16,Joss: 0.9,2.55,2.75,-0.20000000000000018
6,16,Tullock,1.72,1.795,-0.07499999999999996
6,16,Anonymous,2.95,0.6,2.35
6,16,Random: 0.5,2.975,0.725,2.25
6,17,Cu,3.01,2.985,0.02499999999999991
6,17,Du,0.975,1.1,-0.1250000000000001
6,17,Tit For Tat,3.01,2.985,0.02499999999999991
6,17,spiteful,3.01,2.985,0.02499999999999991
6,17,soft_majo,3.01,2.985,0.02499999999999991
6,17,hard_majo,2.99,2.99,0.0
6,17,per_cd,2.685,1.31,1.375
6,17,per_ccd,3.29,1.19,2.1
6,17,per_ddc,2.29,0.765,1.525
6,17,mistrust,2.99,2.99,0.0
6,17,WSLS,3.01,2.985,0.02499999999999991
6,17,TFTT,3.01,2.985,0.02499999999999991
6,17,hard_tft,3.01,2.985,0.02499999999999991
6,17,slow_tft,3.01,2.985,0.02499999999999991
6,17,GrdTFT,3.01,2.985,0.02499999999999991
6,17,prober,3.005,2.98,0.02499999999999991
6,17,mem2,3.01,2.985,0.02499999999999991
6,17,grok:grok-3-mini,3.01,2.985,0.02499999999999991
6,17,Tideman & Chieruzzi,2.975,3.0,-0.02499999999999991
6,17,Nydegger,3.01,2.985,0.02499999999999991
6,17,Grofman,3.01,2.985,0.02499999999999991
6,17,Shubik,3.01,2.985,0.02499999999999991
6,17,Stein & Rapoport: 0.05,2.975,3.0,-0.02499999999999991
6,17,GRIM,3.01,2.985,0.02499999999999991
6,17,Davis: 10,3.01,2.985,0.02499999999999991
6,17,Graaskamp: 0.05,3.345,2.245,1.1
6,17,Downing,1.125,1.05,0.07499999999999996
6,17,"Feld: 1.0, 0.5, 200",1.77,2.095,-0.3250000000000002
6,17,Joss: 0.9,1.065,1.115,-0.050000000000000044
6,17,Tullock,1.35,1.4,-0.04999999999999982
6,17,Anonymous,2.72,1.12,1.6
6,17,Random: 0.5,2.97,0.595,2.375
6,18,Cu,3.01,2.985,0.02499999999999991
6,18,Du,0.975,1.1,-0.1250000000000001
6,18,Tit For Tat,3.01,2.985,0.02499999999999991
6,18,spiteful,3.01,2.985,0.02499999999999991
6,18,soft_majo,3.01,2.985,0.02499999999999991
6,18,hard_majo,2.99,2.99,0.0
6,18,per_cd,2.685,1.31,1.375
6,18,per_ccd,3.29,1.19,2.1
6,18,per_ddc,2.29,0.765,1.525
6,18,mistrust,2.99,2.99,0.0
6,18,WSLS,3.01,2.985,0.02499999999999991
6,18,TFTT,3.01,2.985,0.02499999999999991
6,18,hard_tft,3.01,2.985,0.02499999999999991
6,18,slow_tft,3.01,2.985,0.02499999999999991
6,18,GrdTFT,3.01,2.985,0.02499999999999991
6,18,prober,3.005,2.98,0.02499999999999991
6,18,mem2,3.01,2.985,0.02499999999999991
6,18,grok:grok-3-mini,3.01,2.985,0.02499999999999991
6,18,Tideman & Chieruzzi,2.975,3.0,-0.02499999999999991
6,18,Nydegger,3.01,2.985,0.02499999999999991
6,18,Grofman,3.01,2.985,0.02499999999999991
6,18,Shubik,3.01,2.985,0.02499999999999991
6,18,Stein & Rapoport: 0.05,2.975,3.0,-0.02499999999999991
6,18,GRIM,3.01,2.985,0.02499999999999991
6,18,Davis: 10,3.01,2.985,0.02499999999999991
6,18,Graaskamp: 0.05,3.39,2.19,1.2000000000000002
6,18,Downing,1.125,1.05,0.07499999999999996
6,18,"Feld: 1.0, 0.5, 200",1.865,2.19,-0.32499999999999996
6,18,Joss: 0.9,2.235,2.485,-0.25
6,18,Tullock,1.535,1.71,-0.17500000000000004
6,18,Anonymous,2.905,0.605,2.3
6,18,Random: 0.5,2.765,0.74,2.0250000000000004
6,19,Cu,3.01,2.985,0.02499999999999991
6,19,Du,0.975,1.1,-0.1250000000000001
6,19,Tit For Tat,3.01,2.985,0.02499999999999991
6,19,spiteful,3.01,2.985,0.02499999999999991
6,19,soft_majo,3.01,2.985,0.02499999999999991
6,19,hard_majo,2.99,2.99,0.0
6,19,per_cd,2.685,1.31,1.375
6,19,per_ccd,3.29,1.19,2.1
6,19,per_ddc,2.29,0.765,1.525
6,19,mistrust,2.99,2.99,0.0
6,19,WSLS,3.01,2.985,0.02499999999999991
6,19,TFTT,3.01,2.985,0.02499999999999991
6,19,hard_tft,3.01,2.985,0.02499999999999991
6,19,slow_tft,3.01,2.985,0.02499999999999991
6,19,GrdTFT,3.01,2.985,0.02499999999999991
6,19,prober,3.005,2.98,0.02499999999999991
6,19,mem2,3.01,2.985,0.02499999999999991
6,19,grok:grok-3-mini,3.01,2.985,0.02499999999999991
6,19,Tideman & Chieruzzi,2.975,3.0,-0.02499999999999991
6,19,Nydegger,3.01,2.985,0.02499999999999991
6,19,Grofman,3.01,2.985,0.02499999999999991
6,19,Shubik,3.01,2.985,0.02499999999999991
6,19,Stein & Rapoport: 0.05,2.975,3.0,-0.02499999999999991
6,19,GRIM,3.01,2.985,0.02499999999999991
6,19,Davis: 10,3.01,2.985,0.02499999999999991
6,19,Graaskamp: 0.05,3.38,2.205,1.1749999999999998
6,19,Downing,1.125,1.05,0.07499999999999996
6,19,"Feld: 1.0, 0.5, 200",1.695,2.02,-0.32499999999999996
6,19,Joss: 0.9,1.875,2.2,-0.3250000000000002
6,19,Tullock,1.32,1.345,-0.02499999999999991
6,19,Anonymous,2.99,0.59,2.4000000000000004
6,19,Random: 0.5,2.685,0.66,2.025
7,0,Cu,3.01,2.985,0.02499999999999991
7,0,Du,0.975,1.1,-0.1250000000000001
7,0,Tit For Tat,3.01,2.985,0.02499999999999991
7,0,spiteful,3.01,2.985,0.02499999999999991
7,0,soft_majo,3.01,2.985,0.02499999999999991
7,0,hard_majo,2.99,2.99,0.0
7,0,per_cd,2.685,1.31,1.375
7,0,per_ccd,3.29,1.19,2.1
7,0,per_ddc,2.29,0.765,1.525
7,0,mistrust,2.99,2.99,0.0
7,0,WSLS,3.01,2.985,0.02499999999999991
7,0,TFTT,3.01,2.985,0.02499999999999991
7,0,hard_tft,3.01,2.985,0.02499999999999991
7,0,slow_tft,3.01,2.985,0.02499999999999991
7,0,GrdTFT,3.01,2.985,0.02499999999999991
7,0,prober,3.005,2.98,0.02499999999999991
7,0,mem2,3.01,2.985,0.02499999999999991
7,0,grok:grok-3-mini,3.01,2.985,0.02499999999999991
7,0,Tideman & Chieruzzi,2.975,3.0,-0.02499999999999991
7,0,Nydegger,3.01,2.985,0.02499999999999991
7,0,Grofman,3.01,2.985,0.02499999999999991
7,0,Shubik,3.01,2.985,0.02499999999999991
7,0,Stein & Rapoport: 0.05,2.975,3.0,-0.02499999999999991
7,0,GRIM,3.01,2.985,0.02499999999999991
7,0,Davis: 10,3.01,2.985,0.02499999999999991
7,0,Graaskamp: 0.05,3.52,1.97,1.55
7,0,Downing,1.125,1.05,0.07499999999999996
7,0,"Feld: 1.0, 0.5, 200",1.9,2.225,-0.3250000000000002
7,0,Joss: 0.9,1.2,1.3,-0.10000000000000009
7,0,Tullock,1.47,1.57,-0.10000000000000009
7,0,Anonymous,2.76,0.685,2.0749999999999997
7,0,Random: 0.5,2.96,0.585,2.375
7,1,Cu,3.01,2.985,0.02499999999999991
7,1,Du,0.975,1.1,-0.1250000000000001
7,1,Tit For Tat,3.01,2.985,0.02499999999999991
7,1,spiteful,3.01,2.985,0.02499999999999991
7,1,soft_majo,3.01,2.985,0.02499999999999991
7,1,hard_majo,2.99,2.99,0.0
7,1,per_cd,2.685,1.31,1.375
7,1,per_ccd,3.29,1.19,2.1
7,1,per_ddc,2.29,0.765,1.525
7,1,mistrust,2.99,2.99,0.0
7,1,WSLS,3.01,2.985,0.02499999999999991
7,1,TFTT,3.01,2.985,0.02499999999999991
7,1,hard_tft,3.01,2.985,0.02499999999999991
7,1,slow_tft,3.01,2.985,0.02499999999999991
7,1,GrdTFT,3.01,2.985,0.02499999999999991
7,1,prober,3.005,2.98,0.02499999999999991
7,1,mem2,3.01,2.985,0.02499999999999991
7,1,grok:grok-3-mini,3.01,2.985,0.02499999999999991
7,1,Tideman & Chieruzzi,2.975,3.0,-0.02499999999999991
7,1,Nydegger,3.01,2.985,0.02499999999999991
7,1,Grofman,3.01,2.985,0.02499999999999991
7,1,Shubik,3.01,2.985,0.02499999999999991
7,1,Stein & Rapoport: 0.05,2.975,3.0,-0.02499999999999991
7,1,GRIM,3.01,2.985,0.02499999999999991
7,1,Davis: 10,3.01,2.985,0.02499999999999991
7,1,Graaskamp: 0.05,3.305,2.305,1.0
7,1,Downing,1.125,1.05,0.07499999999999996
7,1,"Feld: 1.0, 0.5, 200",2.055,2.455,-0.3999999999999999
7,1,Joss: 0.9,1.875,2.175,-0.2999999999999998
7,1,Tullock,1.385,1.385,0.0
7,1,Anonymous,2.67,0.82,1.85
7,1,Random: 0.5,3.065,0.565,2.5
7,2,Cu,3.01,2.985,0.02499999999999991
7,2,Du,0.975,1.1,-0.1250000000000001
7,2,Tit For Tat,3.01,2.985,0.02499999999999991
7,2,spiteful,3.01,2.985,0.02499999999999991
7,2,soft_majo,3.01,2.985,0.02499999999999991
7,2,hard_majo,2.99,2.99,0.0
7,2,per_cd,2.685,1.31,1.375
7,2,per_ccd,3.29,1.19,2.1
7,2,per_ddc,2.29,0.765,1.525
7,2,mistrust,2.99,2.99,0.0
7,2,WSLS,3.01,2.985,0.02499999999999991
7,2,TFTT,3.01,2.985,0.02499999999999991
7,2,hard_tft,3.01,2.985,0.02499999999999991
7,2,slow_tft,3.01,2.985,0.02499999999999991
7,2,GrdTFT,3.01,2.985,0.02499999999999991
7,2,prober,3.005,2.98,0.02499999999999991
7,2,mem2,3.01,2.985,0.02499999999999991
7,2,grok:grok-3-mini,3.01,2.985,0.02499999999999991
7,2,Tideman & Chieruzzi,2.975,3.0,-0.02499999999999991
7,2,Nydegger,3.01,2.985,0.02499999999999991
7,2,Grofman,3.01,2.985,0.02499999999999991
7,2,Shubik,3.01,2.985,0.02499999999999991
7,2,Stein & Rapoport: 0.05,2.975,3.0,-0.02499999999999991
7,2,GRIM,3.01,2.985,0.02499999999999991
7,2,Davis: 10,3.01,2.985,0.02499999999999991
7,2,Graaskamp: 0.05,3.52,2.02,1.5
7,2,Downing,1.125,1.05,0.07499999999999996
7,2,"Feld: 1.0, 0.5, 200",1.855,2.28,-0.4249999999999998
7,2,Joss: 0.9,1.05,1.075,-0.02499999999999991
7,2,Tullock,1.385,1.435,-0.050000000000000044
7,2,Anonymous,2.75,1.375,1.375
7,2,Random: 0.5,2.995,0.595,2.4000000000000004
7,3,Cu,3.01,2.985,0.02499999999999991
7,3,Du,0.975,1.1,-0.1250000000000001
7,3,Tit For Tat,3.01,2.985,0.02499999999999991
7,3,spiteful,3.01,2.985,0.02499999999999991
7,3,soft_majo,3.01,2.985,0.02499999999999991
7,3,hard_majo,2.99,2.99,0.0
7,3,per_cd,2.685,1.31,1.375
7,3,per_ccd,3.29,1.19,2.1
7,3,per_ddc,2.29,0.765,1.525
7,3,mistrust,2.99,2.99,0.0
7,3,WSLS,3.01,2.985,0.02499999999999991
7,3,TFTT,3.01,2.985,0.02499999999999991
7,3,hard_tft,3.01,2.985,0.02499999999999991
7,3,slow_tft,3.01,2.985,0.02499999999999991
7,3,GrdTFT,3.01,2.985,0.02499999999999991
7,3,prober,3.005,2.98,0.02499999999999991
7,3,mem2,3.01,2.985,0.02499999999999991
7,3,grok:grok-3-mini,3.01,2.985,0.02499999999999991
7,3,Tideman & Chieruzzi,2.975,3.0,-0.02499999999999991
7,3,Nydegger,3.01,2.985,0.02499999999999991
7,3,Grofman,3.01,2.985,0.02499999999999991
7,3,Shubik,3.01,2.985,0.02499999999999991
7,3,Stein & Rapoport: 0.05,2.975,3.0,-0.02499999999999991
7,3,GRIM,3.01,2.985,0.02499999999999991
7,3,Davis: 10,3.01,2.985,0.02499999999999991
7,3,Graaskamp: 0.05,3.515,1.99,1.5250000000000001
7,3,Downing,1.125,1.05,0.07499999999999996
7,3,"Feld: 1.0, 0.5, 200",1.745,2.045,-0.2999999999999998
7,3,Joss: 0.9,2.2,2.5,-0.2999999999999998
7,3,Tullock,1.37,1.445,-0.07499999999999996
7,3,Anonymous,2.6,0.85,1.75
7,3,Random: 0.5,2.885,0.66,2.2249999999999996
7,4,Cu,3.01,2.985,0.02499999999999991
7,4,Du,0.975,1.1,-0.1250000000000001
7,4,Tit For Tat,3.01,2.985,0.02499999999999991
7,4,spiteful,3.01,2.985,0.02499999999999991
7,4,soft_majo,3.01,2.985,0.02499999999999991
7,4,hard_majo,2.99,2.99,0.0
7,4,per_cd,2.685,1.31,1.375
7,4,per_ccd,3.29,1.19,2.1
7,4,per_ddc,2.29,0.765,1.525
7,4,mistrust,2.99,2.99,0.0
7,4,WSLS,3.01,2.985,0.02499999999999991
7,4,TFTT,3.01,2.985,0.02499999999999991
7,4,hard_tft,3.01,2.985,0.02499999999999991
7,4,slow_tft,3.01,2.985,0.02499999999999991
7,4,GrdTFT,3.01,2.985,0.02499999999999991
7,4,prober,3.005,2.98,0.02499999999999991
7,4,mem2,3.01,2.985,0.02499999999999991
7,4,grok:grok-3-mini,3.01,2.985,0.02499999999999991
7,4,Tideman & Chieruzzi,2.975,3.0,-0.02499999999999991
7,4,Nydegger,3.01,2.985,0.02499999999999991
7,4,Grofman,3.01,2.985,0.02499999999999991
7,4,Shubik,3.01,2.985,0.02499999999999991
7,4,Stein & Rapoport: 0.05,2.975,3.0,-0.02499999999999991
7,4,GRIM,3.01,2.985,0.02499999999999991
7,4,Davis: 10,3.01,2.985,0.02499999999999991
7,4,Graaskamp: 0.05,3.41,2.135,1.2750000000000004
7,4,Downing,1.125,1.05,0.07499999999999996
7,4,"Feld: 1.0, 0.5, 200",2.125,2.475,-0.3500000000000001
7,4,Joss: 0.9,2.155,2.455,-0.30000000000000027
7,4,Tullock,1.435,1.51,-0.07499999999999996
7,4,Anonymous,3.025,0.575,2.45
7,4,Random: 0.5,2.93,0.605,2.325
7,5,Cu,3.01,2.985,0.02499999999999991
7,5,Du,0.975,1.1,-0.1250000000000001
7,5,Tit For Tat,3.01,2.985,0.02499999999999991
7,5,spiteful,3.01,2.985,0.02499999999999991
7,5,soft_majo,3.01,2.985,0.02499999999999991
7,5,hard_majo,2.99,2.99,0.0
7,5,per_cd,2.685,1.31,1.375
7,5,per_ccd,3.29,1.19,2.1
7,5,per_ddc,2.29,0.765,1.525
7,5,mistrust,2.99,2.99,0.0
7,5,WSLS,3.01,2.985,0.02499999999999991
7,5,TFTT,3.01,2.985,0.02499999999999991
7,5,hard_tft,3.01,2.985,0.02499999999999991
7,5,slow_tft,3.01,2.985,0.02499999999999991
7,5,GrdTFT,3.01,2.985,0.02499999999999991
7,5,prober,3.005,2.98,0.02499999999999991
7,5,mem2,3.01,2.985,0.02499999999999991
7,5,grok:grok-3-mini,3.01,2.985,0.02499999999999991
7,5,Tideman & Chieruzzi,2.975,3.0,-0.02499999999999991
7,5,Nydegger,3.01,2.985,0.02499999999999991
7,5,Grofman,3.01,2.985,0.02499999999999991
7,5,Shubik,3.01,2.985,0.02499999999999991
7,5,Stein & Rapoport: 0.05,2.975,3.0,-0.02499999999999991
7,5,GRIM,3.01,2.985,0.02499999999999991
7,5,Davis: 10,3.01,2.985,0.02499999999999991
7,5,Graaskamp: 0.05,3.43,2.155,1.2750000000000004
7,5,Downing,1.125,1.05,0.07499999999999996
7,5,"Feld: 1.0, 0.5, 200",1.815,2.14,-0.3250000000000002
7,5,Joss: 0.9,2.425,2.675,-0.25
7,5,Tullock,1.51,1.56,-0.050000000000000044
7,5,Anonymous,2.87,0.62,2.25
7,5,Random: 0.5,2.91,0.735,2.1750000000000003
7,6,Cu,3.01,2.985,0.02499999999999991
7,6,Du,0.975,1.1,-0.1250000000000001
7,6,Tit For Tat,3.01,2.985,0.02499999999999991
7,6,spiteful,3.01,2.985,0.02499999999999991
7,6,soft_majo,3.01,2.985,0.02499999999999991
7,6,hard_majo,2.99,2.99,0.0
7,6,per_cd,2.685,1.31,1.375
7,6,per_ccd,3.29,1.19,2.1
7,6,per_ddc,2.29,0.765,1.525
7,6,mistrust,2.99,2.99,0.0
7,6,WSLS,3.01,2.985,0.02499999999999991
7,6,TFTT,3.01,2.985,0.02499999999999991
7,6,hard_tft,3.01,2.985,0.02499999999999991
7,6,slow_tft,3.01,2.985,0.02499999999999991
7,6,GrdTFT,3.01,2.985,0.02499999999999991
7,6,prober,3.005,2.98,0.02499999999999991
7,6,mem2,3.01,2.985,0.02499999999999991
7,6,grok:grok-3-mini,3.01,2.985,0.02499999999999991
7,6,Tideman & Chieruzzi,2.975,3.0,-0.02499999999999991
7,6,Nydegger,3.01,2.985,0.02499999999999991
7,6,Grofman,3.01,2.985,0.02499999999999991
7,6,Shubik,3.01,2.985,0.02499999999999991
7,6,Stein & Rapoport: 0.05,2.975,3.0,-0.02499999999999991
7,6,GRIM,3.01,2.985,0.02499999999999991
7,6,Davis: 10,3.01,2.985,0.02499999999999991
7,6,Graaskamp: 0.05,3.505,2.03,1.475
7,6,Downing,1.125,1.05,0.07499999999999996
7,6,"Feld: 1.0, 0.5, 200",1.915,2.24,-0.3250000000000002
7,6,Joss: 0.9,2.18,2.505,-0.32499999999999973
7,6,Tullock,1.565,1.665,-0.10000000000000009
7,6,Anonymous,2.91,0.635,2.2750000000000004
7,6,Random: 0.5,2.915,0.74,2.175
7,7,Cu,3.01,2.985,0.02499999999999991
7,7,Du,0.975,1.1,-0.1250000000000001
7,7,Tit For Tat,3.01,2.985,0.02499999999999991
7,7,spiteful,3.01,2.985,0.02499999999999991
7,7,soft_majo,3.01,2.985,0.02499999999999991
7,7,hard_majo,2.99,2.99,0.0
7,7,per_cd,2.685,1.31,1.375
7,7,per_ccd,3.29,1.19,2.1
7,7,per_ddc,2.29,0.765,1.525
7,7,mistrust,2.99,2.99,0.0
7,7,WSLS,3.01,2.985,0.02499999999999991
7,7,TFTT,3.01,2.985,0.02499999999999991
7,7,hard_tft,3.01,2.985,0.02499999999999991
7,7,slow_tft,3.01,2.985,0.02499999999999991
7,7,GrdTFT,3.01,2.985,0.02499999999999991
7,7,prober,3.005,2.98,0.02499999999999991
7,7,mem2,3.01,2.985,0.02499999999999991
7,7,grok:grok-3-mini,3.01,2.985,0.02499999999999991
7,7,Tideman & Chieruzzi,2.975,3.0,-0.02499999999999991
7,7,Nydegger,3.01,2.985,0.02499999999999991
7,7,Grofman,3.01,2.985,0.02499999999999991
7,7,Shubik,3.01,2.985,0.02499999999999991
7,7,Stein & Rapoport: 0.05,2.975,3.0,-0.02499999999999991
7,7,GRIM,3.01,2.985,0.02499999999999991
7,7,Davis: 10,3.01,2.985,0.02499999999999991
7,7,Graaskamp: 0.05,3.455,2.13,1.3250000000000002
7,7,Downing,1.125,1.05,0.07499999999999996
7,7,"Feld: 1.0, 0.5, 200",1.585,1.835,-0.25
7,7,Joss: 0.9,1.905,2.255,-0.34999999999999987
7,7,Tullock,1.4,1.5,-0.10000000000000009
7,7,Anonymous,2.88,0.63,2.25
7,7,Random: 0.5,3.09,0.615,2.4749999999999996
7,8,Cu,3.01,2.985,0.02499999999999991
7,8,Du,0.975,1.1,-0.1250000000000001
7,8,Tit For Tat,3.01,2.985,0.02499999999999991
7,8,spiteful,3.01,2.985,0.02499999999999991
7,8,soft_majo,3.01,2.985,0.02499999999999991
7,8,hard_majo,2.99,2.99,0.0
7,8,per_cd,2.685,1.31,1.375
7,8,per_ccd,3.29,1.19,2.1
7,8,per_ddc,2.29,0.765,1.525
7,8,mistrust,2.99,2.99,0.0
7,8,WSLS,3.01,2.985,0.02499999999999991
7,8,TFTT,3.01,2.985,0.02499999999999991
7,8,hard_tft,3.01,2.985,0.02499999999999991
7,8,slow_tft,3.01,2.985,0.02499999999999991
7,8,GrdTFT,3.01,2.985,0.02499999999999991
7,8,prober,3.005,2.98,0.02499999999999991
7,8,mem2,3.01,2.985,0.02499999999999991
7,8,grok:grok-3-mini,3.01,2.985,0.02499999999999991
7,8,Tideman & Chieruzzi,2.975,3.0,-0.02499999999999991
7,8,Nydegger,3.01,2.985,0.02499999999999991
7,8,Grofman,3.01,2.985,0.02499999999999991
7,8,Shubik,3.01,2.985,0.02499999999999991
7,8,Stein & Rapoport: 0.05,2.975,3.0,-0.02499999999999991
7,8,GRIM,3.01,2.985,0.02499999999999991
7,8,Davis: 10,3.01,2.985,0.02499999999999991
7,8,Graaskamp: 0.05,3.37,2.27,1.1
7,8,Downing,1.125,1.05,0.07499999999999996
7,8,"Feld: 1.0, 0.5, 200",1.565,1.865,-0.30000000000000004
7,8,Joss: 0.9,1.945,2.32,-0.3749999999999998
7,8,Tullock,1.19,1.29,-0.10000000000000009
7,8,Anonymous,3.01,0.635,2.375
7,8,Random: 0.5,2.93,0.605,2.325
7,9,Cu,3.01,2.985,0.02499999999999991
7,9,Du,0.975,1.1,-0.1250000000000001
7,9,Tit For Tat,3.01,2.985,0.02499999999999991
7,9,spiteful,3.01,2.985,0.02499999999999991
7,9,soft_majo,3.01,2.985,0.02499999999999991
7,9,hard_majo,2.99,2.99,0.0
7,9,per_cd,2.685,1.31,1.375
7,9,per_ccd,3.29,1.19,2.1
7,9,per_ddc,2.29,0.765,1.525
7,9,mistrust,2.99,2.99,0.0
7,9,WSLS,3.01,2.985,0.02499999999999991
7,9,TFTT,3.01,2.985,0.02499999999999991
7,9,hard_tft,3.01,2.985,0.02499999999999991
7,9,slow_tft,3.01,2.985,0.02499999999999991
7,9,GrdTFT,3.01,2.985,0.02499999999999991
7,9,prober,3.005,2.98,0.02499999999999991
7,9,mem2,3.01,2.985,0.02499999999999991
7,9,grok:grok-3-mini,3.01,2.985,0.02499999999999991
7,9,Tideman & Chieruzzi,2.975,3.0,-0.02499999999999991
7,9,Nydegger,3.01,2.985,0.02499999999999991
7,9,Grofman,3.01,2.985,0.02499999999999991
7,9,Shubik,3.01,2.985,0.02499999999999991
7,9,Stein & Rapoport: 0.05,2.975,3.0,-0.02499999999999991
7,9,GRIM,3.01,2.985,0.02499999999999991
7,9,Davis: 10,3.01,2.985,0.02499999999999991
7,9,Graaskamp: 0.05,3.43,2.13,1.3000000000000003
7,9,Downing,1.125,1.05,0.07499999999999996
7,9,"Feld: 1.0, 0.5, 200",1.615,1.89,-0.2749999999999999
7,9,Joss: 0.9,2.165,2.465,-0.2999999999999998
7,9,Tullock,1.54,1.565,-0.02499999999999991
7,9,Anonymous,2.96,0.685,2.275
7,9,Random: 0.5,2.9,0.625,2.275
7,10,Cu,3.01,2.985,0.02499999999999991
7,10,Du,0.975,1.1,-0.1250000000000001
7,10,Tit For Tat,3.01,2.985,0.02499999999999991
7,10,spiteful,3.01,2.985,0.02499999999999991
7,10,soft_majo,3.01,2.985,0.02499999999999991
7,10,hard_majo,2.99,2.99,0.0
7,10,per_cd,2.685,1.31,1.375
7,10,per_ccd,3.29,1.19,2.1
7,10,per_ddc,2.29,0.765,1.525
7,10,mistrust,2.99,2.99,0.0
7,10,WSLS,3.01,2.985,0.02499999999999991
7,10,TFTT,3.01,2.985,0.02499999999999991
7,10,hard_tft,3.01,2.985,0.02499999999999991
7,10,slow_tft,3.01,2.985,0.02499999999999991
7,10,GrdTFT,3.01,2.985,0.02499999999999991
7,10,prober,3.005,2.98,0.02499999999999991
7,10,mem2,3.01,2.985,0.02499999999999991
7,10,grok:grok-3-mini,3.01,2.985,0.02499999999999991
7,10,Tideman & Chieruzzi,2.975,3.0,-0.02499999999999991
7,10,Nydegger,3.01,2.985,0.02499999999999991
7,10,Grofman,3.01,2.985,0.02499999999999991
7,10,Shubik,3.01,2.985,0.02499999999999991
7,10,Stein & Rapoport: 0.05,2.975,3.0,-0.02499999999999991
7,10,GRIM,3.01,2.985,0.02499999999999991
7,10,Davis: 10,3.01,2.985,0.02499999999999991
7,10,Graaskamp: 0.05,3.45,2.125,1.3250000000000002
7,10,Downing,1.125,1.05,0.07499999999999996
7,10,"Feld: 1.0, 0.5, 200",1.515,1.715,-0.20000000000000018
7,10,Joss: 0.9,1.875,2.175,-0.2999999999999998
7,10,Tullock,1.49,1.515,-0.02499999999999991
7,10,Anonymous,2.74,0.665,2.075
7,10,Random: 0.5,2.775,0.8,1.9749999999999999
7,11,Cu,3.01,2.985,0.02499999999999991
7,11,Du,0.975,1.1,-0.1250000000000001
7,11,Tit For Tat,3.01,2.985,0.02499999999999991
7,11,spiteful,3.01,2.985,0.02499999999999991
7,11,soft_majo,3.01,2.985,0.02499999999999991
7,11,hard_majo,2.99,2.99,0.0
7,11,per_cd,2.685,1.31,1.375
7,11,per_ccd,3.29,1.19,2.1
7,11,per_ddc,2.29,0.765,1.525
7,11,mistrust,2.99,2.99,0.0
7,11,WSLS,3.01,2.985,0.02499999999999991
7,11,TFTT,3.01,2.985,0.02499999999999991
7,11,hard_tft,3.01,2.985,0.02499999999999991
7,11,slow_tft,3.01,2.985,0.02499999999999991
7,11,GrdTFT,3.01,2.985,0.02499999999999991
7,11,prober,3.005,2.98,0.02499999999999991
7,11,mem2,3.01,2.985,0.02499999999999991
7,11,grok:grok-3-mini,3.01,2.985,0.02499999999999991
7,11,Tideman & Chieruzzi,2.975,3.0,-0.02499999999999991
7,11,Nydegger,3.01,2.985,0.02499999999999991
7,11,Grofman,3.01,2.985,0.02499999999999991
7,11,Shubik,3.01,2.985,0.02499999999999991
7,11,Stein & Rapoport: 0.05,2.975,3.0,-0.02499999999999991
7,11,GRIM,3.01,2.985,0.02499999999999991
7,11,Davis: 10,3.01,2.985,0.02499999999999991
7,11,Graaskamp: 0.05,3.305,2.305,1.0
7,11,Downing,1.125,1.05,0.07499999999999996
7,11,"Feld: 1.0, 0.5, 200",1.615,1.865,-0.25
7,11,Joss: 0.9,1.405,1.63,-0.22499999999999987
7,11,Tullock,1.39,1.39,0.0
7,11,Anonymous,2.865,0.615,2.25
7,11,Random: 0.5,2.825,0.675,2.1500000000000004
7,12,Cu,3.01,2.985,0.02499999999999991
7,12,Du,0.975,1.1,-0.1250000000000001
7,12,Tit For Tat,3.01,2.985,0.02499999999999991
7,12,spiteful,3.01,2.985,0.02499999999999991
7,12,soft_majo,3.01,2.985,0.02499999999999991
7,12,hard_majo,2.99,2.99,0.0
7,12,per_cd,2.685,1.31,1.375
7,12,per_ccd,3.29,1.19,2.1
7,12,per_ddc,2.29,0.765,1.525
7,12,mistrust,2.99,2.99,0.0
7,12,WSLS,3.01,2.985,0.02499999999999991
7,12,TFTT,3.01,2.985,0.02499999999999991
7,12,hard_tft,3.01,2.985,0.02499999999999991
7,12,slow_tft,3.01,2.985,0.02499999999999991
7,12,GrdTFT,3.01,2.985,0.02499999999999991
7,12,prober,3.005,2.98,0.02499999999999991
7,12,mem2,3.01,2.985,0.02499999999999991
7,12,grok:grok-3-mini,3.01,2.985,0.02499999999999991
7,12,Tideman & Chieruzzi,2.975,3.0,-0.02499999999999991
7,12,Nydegger,3.01,2.985,0.02499999999999991
7,12,Grofman,3.01,2.985,0.02499999999999991
7,12,Shubik,3.01,2.985,0.02499999999999991
7,12,Stein & Rapoport: 0.05,2.975,3.0,-0.02499999999999991
7,12,GRIM,3.01,2.985,0.02499999999999991
7,12,Davis: 10,3.01,2.985,0.02499999999999991
7,12,Graaskamp: 0.05,3.475,2.075,1.4
7,12,Downing,1.125,1.05,0.07499999999999996
7,12,"Feld: 1.0, 0.5, 200",1.765,2.14,-0.3750000000000002
7,12,Joss: 0.9,2.415,2.665,-0.25
7,12,Tullock,1.54,1.565,-0.02499999999999991
7,12,Anonymous,2.845,0.945,1.9000000000000004
7,12,Random: 0.5,2.845,0.62,2.225
7,13,Cu,3.01,2.985,0.02499999999999991
7,13,Du,0.975,1.1,-0.1250000000000001
7,13,Tit For Tat,3.01,2.985,0.02499999999999991
7,13,spiteful,3.01,2.985,0.02499999999999991
7,13,soft_majo,3.01,2.985,0.02499999999999991
7,13,hard_majo,2.99,2.99,0.0
7,13,per_cd,2.685,1.31,1.375
7,13,per_ccd,3.29,1.19,2.1
7,13,per_ddc,2.29,0.765,1.525
7,13,mistrust,2.99,2.99,0.0
7,13,WSLS,3.01,2.985,0.02499999999999991
7,13,TFTT,3.01,2.985,0.02499999999999991
7,13,hard_tft,3.01,2.985,0.02499999999999991
7,13,slow_tft,3.01,2.985,0.02499999999999991
7,13,GrdTFT,3.01,2.985,0.02499999999999991
7,13,prober,3.005,2.98,0.02499999999999991
7,13,mem2,3.01,2.985,0.02499999999999991
7,13,grok:grok-3-mini,3.01,2.985,0.02499999999999991
7,13,Tideman & Chieruzzi,2.975,3.0,-0.02499999999999991
7,13,Nydegger,3.01,2.985,0.02499999999999991
7,13,Grofman,3.01,2.985,0.02499999999999991
7,13,Shubik,3.01,2.985,0.02499999999999991
7,13,Stein & Rapoport: 0.05,2.975,3.0,-0.02499999999999991
7,13,GRIM,3.01,2.985,0.02499999999999991
7,13,Davis: 10,3.01,2.985,0.02499999999999991
7,13,Graaskamp: 0.05,3.345,2.295,1.0500000000000003
7,13,Downing,1.125,1.05,0.07499999999999996
7,13,"Feld: 1.0, 0.5, 200",1.725,2.0,-0.2749999999999999
7,13,Joss: 0.9,2.445,2.67,-0.2250000000000001
7,13,Tullock,1.505,1.555,-0.050000000000000044
7,13,Anonymous,3.005,0.58,2.425
7,13,Random: 0.5,3.115,0.615,2.5
7,14,Cu,3.01,2.985,0.02499999999999991
7,14,Du,0.975,1.1,-0.1250000000000001
7,14,Tit For Tat,3.01,2.985,0.02499999999999991
7,14,spiteful,3.01,2.985,0.02499999999999991
7,14,soft_majo,3.01,2.985,0.02499999999999991
7,14,hard_majo,2.99,2.99,0.0
7,14,per_cd,2.685,1.31,1.375
7,14,per_ccd,3.29,1.19,2.1
7,14,per_ddc,2.29,0.765,1.525
7,14,mistrust,2.99,2.99,0.0
7,14,WSLS,3.01,2.985,0.02499999999999991
7,14,TFTT,3.01,2.985,0.02499999999999991
7,14,hard_tft,3.01,2.985,0.02499999999999991
7,14,slow_tft,3.01,2.985,0.02499999999999991
7,14,GrdTFT,3.01,2.985,0.02499999999999991
7,14,prober,3.005,2.98,0.02499999999999991
7,14,mem2,3.01,2.985,0.02499999999999991
7,14,grok:grok-3-mini,3.01,2.985,0.02499999999999991
7,14,Tideman & Chieruzzi,2.975,3.0,-0.02499999999999991
7,14,Nydegger,3.01,2.985,0.02499999999999991
7,14,Grofman,3.01,2.985,0.02499999999999991
7,14,Shubik,3.01,2.985,0.02499999999999991
7,14,Stein & Rapoport: 0.05,2.975,3.0,-0.02499999999999991
7,14,GRIM,3.01,2.985,0.02499999999999991
7,14,Davis: 10,3.01,2.985,0.02499999999999991
7,14,Graaskamp: 0.05,3.43,2.13,1.3000000000000003
7,14,Downing,1.125,1.05,0.07499999999999996
7,14,"Feld: 1.0, 0.5, 200",1.795,2.145,-0.3500000000000001
7,14,Joss: 0.9,2.235,2.56,-0.3250000000000002
7,14,Tullock,1.59,1.59,0.0
7,14,Anonymous,2.865,0.615,2.25
7,14,Random: 0.5,3.11,0.56,2.55
7,15,Cu,3.01,2.985,0.02499999999999991
7,15,Du,0.975,1.1,-0.1250000000000001
7,15,Tit For Tat,3.01,2.985,0.02499999999999991
7,15,spiteful,3.01,2.985,0.02499999999999991
7,15,soft_majo,3.01,2.985,0.02499999999999991
7,15,hard_majo,2.99,2.99,0.0
7,15,per_cd,2.685,1.31,1.375
7,15,per_ccd,3.29,1.19,2.1
7,15,per_ddc,2.29,0.765,1.525
7,15,mistrust,2.99,2.99,0.0
7,15,WSLS,3.01,2.985,0.02499999999999991
7,15,TFTT,3.01,2.985,0.02499999999999991
7,15,hard_tft,3.01,2.985,0.02499999999999991
7,15,slow_tft,3.01,2.985,0.02499999999999991
7,15,GrdTFT,3.01,2.985,0.02499999999999991
7,15,prober,3.005,2.98,0.02499999999999991
7,15,mem2,3.01,2.985,0.02499999999999991
7,15,grok:grok-3-mini,3.01,2.985,0.02499999999999991
7,15,Tideman & Chieruzzi,2.975,3.0,-0.02499999999999991
7,15,Nydegger,3.01,2.985,0.02499999999999991
7,15,Grofman,3.01,2.985,0.02499999999999991
7,15,Shubik,3.01,2.985,0.02499999999999991
7,15,Stein & Rapoport: 0.05,2.975,3.0,-0.02499999999999991
7,15,GRIM,3.01,2.985,0.02499999999999991
7,15,Davis: 10,3.01,2.985,0.02499999999999991
7,15,Graaskamp: 0.05,3.43,2.13,1.3000000000000003
7,15,Downing,1.125,1.05,0.07499999999999996
7,15,"Feld: 1.0, 0.5, 200",1.675,2.025,-0.34999999999999987
7,15,Joss: 0.9,2.36,2.585,-0.2250000000000001
7,15,Tullock,1.585,1.66,-0.07499999999999996
7,15,Anonymous,2.895,0.82,2.075
7,15,Random: 0.5,2.94,0.84,2.1
7,16,Cu,3.01,2.985,0.02499999999999991
7,16,Du,0.975,1.1,-0.1250000000000001
7,16,Tit For Tat,3.01,2.985,0.02499999999999991
7,16,spiteful,3.01,2.985,0.02499999999999991
7,16,soft_majo,3.01,2.985,0.02499999999999991
7,16,hard_majo,2.99,2.99,0.0
7,16,per_cd,2.685,1.31,1.375
7,16,per_ccd,3.29,1.19,2.1
7,16,per_ddc,2.29,0.765,1.525
7,16,mistrust,2.99,2.99,0.0
7,16,WSLS,3.01,2.985,0.02499999999999991
7,16,TFTT,3.01,2.985,0.02499999999999991
7,16,hard_tft,3.01,2.985,0.02499999999999991
7,16,slow_tft,3.01,2.985,0.02499999999999991
7,16,GrdTFT,3.01,2.985,0.02499999999999991
7,16,prober,3.005,2.98,0.02499999999999991
7,16,mem2,3.01,2.985,0.02499999999999991
7,16,grok:grok-3-mini,3.01,2.985,0.02499999999999991
7,16,Tideman & Chieruzzi,2.975,3.0,-0.02499999999999991
7,16,Nydegger,3.01,2.985,0.02499999999999991
7,16,Grofman,3.01,2.985,0.02499999999999991
7,16,Shubik,3.01,2.985,0.02499999999999991
7,16,Stein & Rapoport: 0.05,2.975,3.0,-0.02499999999999991
7,16,GRIM,3.01,2.985,0.02499999999999991
7,16,Davis: 10,3.01,2.985,0.02499999999999991
7,16,Graaskamp: 0.05,3.515,1.99,1.5250000000000001
7,16,Downing,1.125,1.05,0.07499999999999996
7,16,"Feld: 1.0, 0.5, 200",1.615,1.865,-0.25
7,16,Joss: 0.9,1.725,2.0,-0.2749999999999999
7,16,Tullock,1.53,1.605,-0.07499999999999996
7,16,Anonymous,3.155,0.58,2.5749999999999997
7,16,Random: 0.5,2.69,0.74,1.95
7,17,Cu,3.01,2.985,0.02499999999999991
7,17,Du,0.975,1.1,-0.1250000000000001
7,17,Tit For Tat,3.01,2.985,0.02499999999999991
7,17,spiteful,3.01,2.985,0.02499999999999991
7,17,soft_majo,3.01,2.985,0.02499999999999991
7,17,hard_majo,2.99,2.99,0.0
7,17,per_cd,2.685,1.31,1.375
7,17,per_ccd,3.29,1.19,2.1
7,17,per_ddc,2.29,0.765,1.525
7,17,mistrust,2.99,2.99,0.0
7,17,WSLS,3.01,2.985,0.02499999999999991
7,17,TFTT,3.01,2.985,0.02499999999999991
7,17,hard_tft,3.01,2.985,0.02499999999999991
7,17,slow_tft,3.01,2.985,0.02499999999999991
7,17,GrdTFT,3.01,2.985,0.02499999999999991
7,17,prober,3.005,2.98,0.02499999999999991
7,17,mem2,3.01,2.985,0.02499999999999991
7,17,grok:grok-3-mini,3.01,2.985,0.02499999999999991
7,17,Tideman & Chieruzzi,2.975,3.0,-0.02499999999999991
7,17,Nydegger,3.01,2.985,0.02499999999999991
7,17,Grofman,3.01,2.985,0.02499999999999991
7,17,Shubik,3.01,2.985,0.02499999999999991
7,17,Stein & Rapoport: 0.05,2.975,3.0,-0.02499999999999991
7,17,GRIM,3.01,2.985,0.02499999999999991
7,17,Davis: 10,3.01,2.985,0.02499999999999991
7,17,Graaskamp: 0.05,3.445,2.12,1.3249999999999997
7,17,Downing,1.125,1.05,0.07499999999999996
7,17,"Feld: 1.0, 0.5, 200",1.865,2.14,-0.27500000000000013
7,17,Joss: 0.9,2.45,2.675,-0.22499999999999964
7,17,Tullock,1.49,1.515,-0.02499999999999991
7,17,Anonymous,2.525,1.475,1.0499999999999998
7,17,Random: 0.5,2.785,0.635,2.1500000000000004
7,18,Cu,3.01,2.985,0.02499999999999991
7,18,Du,0.975,1.1,-0.1250000000000001
7,18,Tit For Tat,3.01,2.985,0.02499999999999991
7,18,spiteful,3.01,2.985,0.02499999999999991
7,18,soft_majo,3.01,2.985,0.02499999999999991
7,18,hard_majo,2.99,2.99,0.0
7,18,per_cd,2.685,1.31,1.375
7,18,per_ccd,3.29,1.19,2.1
7,18,per_ddc,2.29,0.765,1.525
7,18,mistrust,2.99,2.99,0.0
7,18,WSLS,3.01,2.985,0.02499999999999991
7,18,TFTT,3.01,2.985,0.02499999999999991
7,18,hard_tft,3.01,2.985,0.02499999999999991
7,18,slow_tft,3.01,2.985,0.02499999999999991
7,18,GrdTFT,3.01,2.985,0.02499999999999991
7,18,prober,3.005,2.98,0.02499999999999991
7,18,mem2,3.01,2.985,0.02499999999999991
7,18,grok:grok-3-mini,3.01,2.985,0.02499999999999991
7,18,Tideman & Chieruzzi,2.975,3.0,-0.02499999999999991
7,18,Nydegger,3.01,2.985,0.02499999999999991
7,18,Grofman,3.01,2.985,0.02499999999999991
7,18,Shubik,3.01,2.985,0.02499999999999991
7,18,Stein & Rapoport: 0.05,2.975,3.0,-0.02499999999999991
7,18,GRIM,3.01,2.985,0.02499999999999991
7,18,Davis: 10,3.01,2.985,0.02499999999999991
7,18,Graaskamp: 0.05,3.385,2.185,1.1999999999999997
7,18,Downing,1.125,1.05,0.07499999999999996
7,18,"Feld: 1.0, 0.5, 200",1.805,2.105,-0.30000000000000004
7,18,Joss: 0.9,1.09,1.165,-0.07499999999999996
7,18,Tullock,1.39,1.44,-0.050000000000000044
7,18,Anonymous,2.91,0.635,2.2750000000000004
7,18,Random: 0.5,2.95,1.25,1.7000000000000002
7,19,Cu,3.01,2.985,0.02499999999999991
7,19,Du,0.975,1.1,-0.1250000000000001
7,19,Tit For Tat,3.01,2.985,0.02499999999999991
7,19,spiteful,3.01,2.985,0.02499999999999991
7,19,soft_majo,3.01,2.985,0.02499999999999991
7,19,hard_majo,2.99,2.99,0.0
7,19,per_cd,2.685,1.31,1.375
7,19,per_ccd,3.29,1.19,2.1
7,19,per_ddc,2.29,0.765,1.525
7,19,mistrust,2.99,2.99,0.0
7,19,WSLS,3.01,2.985,0.02499999999999991
7,19,TFTT,3.01,2.985,0.02499999999999991
7,19,hard_tft,3.01,2.985,0.02499999999999991
7,19,slow_tft,3.01,2.985,0.02499999999999991
7,19,GrdTFT,3.01,2.985,0.02499999999999991
7,19,prober,3.005,2.98,0.02499999999999991
7,19,mem2,3.01,2.985,0.02499999999999991
7,19,grok:grok-3-mini,3.01,2.985,0.02499999999999991
7,19,Tideman & Chieruzzi,2.975,3.0,-0.02499999999999991
7,19,Nydegger,3.01,2.985,0.02499999999999991
7,19,Grofman,3.01,2.985,0.02499999999999991
7,19,Shubik,3.01,2.985,0.02499999999999991
7,19,Stein & Rapoport: 0.05,2.975,3.0,-0.02499999999999991
7,19,GRIM,3.01,2.985,0.02499999999999991
7,19,Davis: 10,3.01,2.985,0.02499999999999991
7,19,Graaskamp: 0.05,3.46,2.01,1.4500000000000002
7,19,Downing,1.125,1.05,0.07499999999999996
7,19,"Feld: 1.0, 0.5, 200",2.045,2.445,-0.3999999999999999
7,19,Joss: 0.9,2.155,2.43,-0.27500000000000036
7,19,Tullock,1.39,1.44,-0.050000000000000044
7,19,Anonymous,3.11,0.61,2.5
7,19,Random: 0.5,2.835,1.41,1.425
8,0,Cu,3.01,2.985,0.02499999999999991
8,0,Du,0.975,1.1,-0.1250000000000001
8,0,Tit For Tat,3.01,2.985,0.02499999999999991
8,0,spiteful,3.01,2.985,0.02499999999999991
8,0,soft_majo,3.01,2.985,0.02499999999999991
8,0,hard_majo,2.99,2.99,0.0
8,0,per_cd,2.685,1.31,1.375
8,0,per_ccd,3.29,1.19,2.1
8,0,per_ddc,2.29,0.765,1.525
8,0,mistrust,2.99,2.99,0.0
8,0,WSLS,3.01,2.985,0.02499999999999991
8,0,TFTT,3.01,2.985,0.02499999999999991
8,0,hard_tft,3.01,2.985,0.02499999999999991
8,0,slow_tft,3.01,2.985,0.02499999999999991
8,0,GrdTFT,3.01,2.985,0.02499999999999991
8,0,prober,3.005,2.98,0.02499999999999991
8,0,mem2,3.01,2.985,0.02499999999999991
8,0,grok:grok-3-mini,3.01,2.985,0.02499999999999991
8,0,Tideman & Chieruzzi,2.975,3.0,-0.02499999999999991
8,0,Nydegger,3.01,2.985,0.02499999999999991
8,0,Grofman,3.01,2.985,0.02499999999999991
8,0,Shubik,3.01,2.985,0.02499999999999991
8,0,Stein & Rapoport: 0.05,2.975,3.0,-0.02499999999999991
8,0,GRIM,3.01,2.985,0.02499999999999991
8,0,Davis: 10,3.01,2.985,0.02499999999999991
8,0,Graaskamp: 0.05,3.455,2.105,1.35
8,0,Downing,1.125,1.05,0.07499999999999996
8,0,"Feld: 1.0, 0.5, 200",1.615,1.865,-0.25
8,0,Joss: 0.9,2.07,2.395,-0.3250000000000002
8,0,Tullock,1.62,1.77,-0.1499999999999999
8,0,Anonymous,2.715,0.665,2.05
8,0,Random: 0.5,2.625,1.175,1.45
8,1,Cu,3.01,2.985,0.02499999999999991
8,1,Du,0.975,1.1,-0.1250000000000001
8,1,Tit For Tat,3.01,2.985,0.02499999999999991
8,1,spiteful,3.01,2.985,0.02499999999999991
8,1,soft_majo,3.01,2.985,0.02499999999999991
8,1,hard_majo,2.99,2.99,0.0
8,1,per_cd,2.685,1.31,1.375
8,1,per_ccd,3.29,1.19,2.1
8,1,per_ddc,2.29,0.765,1.525
8,1,mistrust,2.99,2.99,0.0
8,1,WSLS,3.01,2.985,0.02499999999999991
8,1,TFTT,3.01,2.985,0.02499999999999991
8,1,hard_tft,3.01,2.985,0.02499999999999991
8,1,slow_tft,3.01,2.985,0.02499999999999991
8,1,GrdTFT,3.01,2.985,0.02499999999999991
8,1,prober,3.005,2.98,0.02499999999999991
8,1,mem2,3.01,2.985,0.02499999999999991
8,1,grok:grok-3-mini,3.01,2.985,0.02499999999999991
8,1,Tideman & Chieruzzi,2.975,3.0,-0.02499999999999991
8,1,Nydegger,3.01,2.985,0.02499999999999991
8,1,Grofman,3.01,2.985,0.02499999999999991
8,1,Shubik,3.01,2.985,0.02499999999999991
8,1,Stein & Rapoport: 0.05,2.975,3.0,-0.02499999999999991
8,1,GRIM,3.01,2.985,0.02499999999999991
8,1,Davis: 10,3.01,2.985,0.02499999999999991
8,1,Graaskamp: 0.05,3.265,2.315,0.9500000000000002
8,1,Downing,1.125,1.05,0.07499999999999996
8,1,"Feld: 1.0, 0.5, 200",1.925,2.375,-0.44999999999999996
8,1,Joss: 0.9,2.34,2.59,-0.25
8,1,Tullock,1.615,1.865,-0.25
8,1,Anonymous,3.085,0.56,2.525
8,1,Random: 0.5,2.755,0.855,1.9
8,2,Cu,3.01,2.985,0.02499999999999991
8,2,Du,0.975,1.1,-0.1250000000000001
8,2,Tit For Tat,3.01,2.985,0.02499999999999991
8,2,spiteful,3.01,2.985,0.02499999999999991
8,2,soft_majo,3.01,2.985,0.02499999999999991
8,2,hard_majo,2.99,2.99,0.0
8,2,per_cd,2.685,1.31,1.375
8,2,per_ccd,3.29,1.19,2.1
8,2,per_ddc,2.29,0.765,1.525
8,2,mistrust,2.99,2.99,0.0
8,2,WSLS,3.01,2.985,0.02499999999999991
8,2,TFTT,3.01,2.985,0.02499999999999991
8,2,hard_tft,3.01,2.985,0.02499999999999991
8,2,slow_tft,3.01,2.985,0.02499999999999991
8,2,GrdTFT,3.01,2.985,0.02499999999999991
8,2,prober,3.005,2.98,0.02499999999999991
8,2,mem2,3.01,2.985,0.02499999999999991
8,2,grok:grok-3-mini,3.01,2.985,0.02499999999999991
8,2,Tideman & Chieruzzi,2.975,3.0,-0.02499999999999991
8,2,Nydegger,3.01,2.985,0.02499999999999991
8,2,Grofman,3.01,2.985,0.02499999999999991
8,2,Shubik,3.01,2.985,0.02499999999999991
8,2,Stein & Rapoport: 0.05,2.975,3.0,-0.02499999999999991
8,2,GRIM,3.01,2.985,0.02499999999999991
8,2,Davis: 10,3.01,2.985,0.02499999999999991
8,2,Graaskamp: 0.05,3.345,2.295,1.0500000000000003
8,2,Downing,1.125,1.05,0.07499999999999996
8,2,"Feld: 1.0, 0.5, 200",1.735,2.085,-0.34999999999999987
8,2,Joss: 0.9,2.045,2.345,-0.30000000000000027
8,2,Tullock,1.575,1.525,0.050000000000000044
8,2,Anonymous,3.23,0.53,2.7
8,2,Random: 0.5,2.785,0.91,1.875
8,3,Cu,3.01,2.985,0.02499999999999991
8,3,Du,0.975,1.1,-0.1250000000000001
8,3,Tit For Tat,3.01,2.985,0.02499999999999991
8,3,spiteful,3.01,2.985,0.02499999999999991
8,3,soft_majo,3.01,2.985,0.02499999999999991
8,3,hard_majo,2.99,2.99,0.0
8,3,per_cd,2.685,1.31,1.375
8,3,per_ccd,3.29,1.19,2.1
8,3,per_ddc,2.29,0.765,1.525
8,3,mistrust,2.99,2.99,0.0
8,3,WSLS,3.01,2.985,0.02499999999999991
8,3,TFTT,3.01,2.985,0.02499999999999991
8,3,hard_tft,3.01,2.985,0.02499999999999991
8,3,slow_tft,3.01,2.985,0.02499999999999991
8,3,GrdTFT,3.01,2.985,0.02499999999999991
8,3,prober,3.005,2.98,0.02499999999999991
8,3,mem2,3.01,2.985,0.02499999999999991
8,3,grok:grok-3-mini,3.01,2.985,0.02499999999999991
8,3,Tideman & Chieruzzi,2.975,3.0,-0.02499999999999991
8,3,Nydegger,3.01,2.985,0.02499999999999991
8,3,Grofman,3.01,2.985,0.02499999999999991
8,3,Shubik,3.01,2.985,0.02499999999999991
8,3,Stein & Rapoport: 0.05,2.975,3.0,-0.02499999999999991
8,3,GRIM,3.01,2.985,0.02499999999999991
8,3,Davis: 10,3.01,2.985,0.02499999999999991
8,3,Graaskamp: 0.05,3.455,2.105,1.35
8,3,Downing,1.125,1.05,0.07499999999999996
8,3,"Feld: 1.0, 0.5, 200",1.865,2.215,-0.34999999999999987
8,3,Joss: 0.9,2.24,2.49,-0.25
8,3,Tullock,1.45,1.475,-0.025000000000000133
8,3,Anonymous,2.825,0.625,2.2
8,3,Random: 0.5,2.875,0.9,1.975
8,4,Cu,3.01,2.985,0.02499999999999991
8,4,Du,0.975,1.1,-0.1250000000000001
8,4,Tit For Tat,3.01,2.985,0.02499999999999991
8,4,spiteful,3.01,2.985,0.02499999999999991
8,4,soft_majo,3.01,2.985,0.02499999999999991
8,4,hard_majo,2.99,2.99,0.0
8,4,per_cd,2.685,1.31,1.375
8,4,per_ccd,3.29,1.19,2.1
8,4,per_ddc,2.29,0.765,1.525
8,4,mistrust,2.99,2.99,0.0
8,4,WSLS,3.01,2.985,0.02499999999999991
8,4,TFTT,3.01,2.985,0.02499999999999991
8,4,hard_tft,3.01,2.985,0.02499999999999991
8,4,slow_tft,3.01,2.985,0.02499999999999991
8,4,GrdTFT,3.01,2.985,0.02499999999999991
8,4,prober,3.005,2.98,0.02499999999999991
8,4,mem2,3.01,2.985,0.02499999999999991
8,4,grok:grok-3-mini,3.01,2.985,0.02499999999999991
8,4,Tideman & Chieruzzi,2.975,3.0,-0.02499999999999991
8,4,Nydegger,3.01,2.985,0.02499999999999991
8,4,Grofman,3.01,2.985,0.02499999999999991
8,4,Shubik,3.01,2.985,0.02499999999999991
8,4,Stein & Rapoport: 0.05,2.975,3.0,-0.02499999999999991
8,4,GRIM,3.01,2.985,0.02499999999999991
8,4,Davis: 10,3.01,2.985,0.02499999999999991
8,4,Graaskamp: 0.05,3.445,2.095,1.3499999999999996
8,4,Downing,1.125,1.05,0.07499999999999996
8,4,"Feld: 1.0, 0.5, 200",1.795,2.145,-0.3500000000000001
8,4,Joss: 0.9,1.09,1.14,-0.04999999999999982
8,4,Tullock,1.85,1.775,0.07500000000000018
8,4,Anonymous,2.99,0.59,2.4000000000000004
8,4,Random: 0.5,2.535,1.36,1.175
8,5,Cu,3.01,2.985,0.02499999999999991
8,5,Du,0.975,1.1,-0.1250000000000001
8,5,Tit For Tat,3.01,2.985,0.02499999999999991
8,5,spiteful,3.01,2.985,0.02499999999999991
8,5,soft_majo,3.01,2.985,0.02499999999999991
8,5,hard_majo,2.99,2.99,0.0
8,5,per_cd,2.685,1.31,1.375
8,5,per_ccd,3.29,1.19,2.1
8,5,per_ddc,2.29,0.765,1.525
8,5,mistrust,2.99,2.99,0.0
8,5,WSLS,3.01,2.985,0.02499999999999991
8,5,TFTT,3.01,2.985,0.02499999999999991
8,5,hard_tft,3.01,2.985,0.02499999999999991
8,5,slow_tft,3.01,2.985,0.02499999999999991
8,5,GrdTFT,3.01,2.985,0.02499999999999991
8,5,prober,3.005,2.98,0.02499999999999991
8,5,mem2,3.01,2.985,0.02499999999999991
8,5,grok:grok-3-mini,3.01,2.985,0.02499999999999991
8,5,Tideman & Chieruzzi,2.975,3.0,-0.02499999999999991
8,5,Nydegger,3.01,2.985,0.02499999999999991
8,5,Grofman,3.01,2.985,0.02499999999999991
8,5,Shubik,3.01,2.985,0.02499999999999991
8,5,Stein & Rapoport: 0.05,2.975,3.0,-0.02499999999999991
8,5,GRIM,3.01,2.985,0.02499999999999991
8,5,Davis: 10,3.01,2.985,0.02499999999999991
8,5,Graaskamp: 0.05,3.535,1.96,1.5750000000000002
8,5,Downing,1.125,1.05,0.07499999999999996
8,5,"Feld: 1.0, 0.5, 200",1.725,2.025,-0.2999999999999998
8,5,Joss: 0.9,1.975,2.325,-0.3500000000000001
8,5,Tullock,1.47,1.545,-0.07499999999999996
8,5,Anonymous,2.995,0.645,2.35
8,5,Random: 0.5,2.865,0.665,2.2
8,6,Cu,3.01,2.985,0.02499999999999991
8,6,Du,0.975,1.1,-0.1250000000000001
8,6,Tit For Tat,3.01,2.985,0.02499999999999991
8,6,spiteful,3.01,2.985,0.02499999999999991
8,6,soft_majo,3.01,2.985,0.02499999999999991
8,6,hard_majo,2.99,2.99,0.0
8,6,per_cd,2.685,1.31,1.375
8,6,per_ccd,3.29,1.19,2.1
8,6,per_ddc,2.29,0.765,1.525
8,6,mistrust,2.99,2.99,0.0
8,6,WSLS,3.01,2.985,0.02499999999999991
8,6,TFTT,3.01,2.985,0.02499999999999991
8,6,hard_tft,3.01,2.985,0.02499999999999991
8,6,slow_tft,3.01,2.985,0.02499999999999991
8,6,GrdTFT,3.01,2.985,0.02499999999999991
8,6,prober,3.005,2.98,0.02499999999999991
8,6,mem2,3.01,2.985,0.02499999999999991
8,6,grok:grok-3-mini,3.01,2.985,0.02499999999999991
8,6,Tideman & Chieruzzi,2.975,3.0,-0.02499999999999991
8,6,Nydegger,3.01,2.985,0.02499999999999991
8,6,Grofman,3.01,2.985,0.02499999999999991
8,6,Shubik,3.01,2.985,0.02499999999999991
8,6,Stein & Rapoport: 0.05,2.975,3.0,-0.02499999999999991
8,6,GRIM,3.01,2.985,0.02499999999999991
8,6,Davis: 10,3.01,2.985,0.02499999999999991
8,6,Graaskamp: 0.05,3.36,2.26,1.1
8,6,Downing,1.125,1.05,0.07499999999999996
8,6,"Feld: 1.0, 0.5, 200",1.735,2.01,-0.2749999999999997
8,6,Joss: 0.9,2.2,2.5,-0.2999999999999998
8,6,Tullock,1.4,1.4,0.0
8,6,Anonymous,2.87,0.62,2.25
8,6,Random: 0.5,2.73,0.955,1.775
8,7,Cu,3.01,2.985,0.02499999999999991
8,7,Du,0.975,1.1,-0.1250000000000001
8,7,Tit For Tat,3.01,2.985,0.02499999999999991
8,7,spiteful,3.01,2.985,0.02499999999999991
8,7,soft_majo,3.01,2.985,0.02499999999999991
8,7,hard_majo,2.99,2.99,0.0
8,7,per_cd,2.685,1.31,1.375
8,7,per_ccd,3.29,1.19,2.1
8,7,per_ddc,2.29,0.765,1.525
8,7,mistrust,2.99,2.99,0.0
8,7,WSLS,3.01,2.985,0.02499999999999991
8,7,TFTT,3.01,2.985,0.02499999999999991
8,7,hard_tft,3.01,2.985,0.02499999999999991
8,7,slow_tft,3.01,2.985,0.02499999999999991
8,7,GrdTFT,3.01,2.985,0.02499999999999991
8,7,prober,3.005,2.98,0.02499999999999991
8,7,mem2,3.01,2.985,0.02499999999999991
8,7,grok:grok-3-mini,3.01,2.985,0.02499999999999991
8,7,Tideman & Chieruzzi,2.975,3.0,-0.02499999999999991
8,7,Nydegger,3.01,2.985,0.02499999999999991
8,7,Grofman,3.01,2.985,0.02499999999999991
8,7,Shubik,3.01,2.985,0.02499999999999991
8,7,Stein & Rapoport: 0.05,2.975,3.0,-0.02499999999999991
8,7,GRIM,3.01,2.985,0.02499999999999991
8,7,Davis: 10,3.01,2.985,0.02499999999999991
8,7,Graaskamp: 0.05,3.485,1.985,1.4999999999999998
8,7,Downing,1.125,1.05,0.07499999999999996
8,7,"Feld: 1.0, 0.5, 200",1.945,2.32,-0.3749999999999998
8,7,Joss: 0.9,2.115,2.415,-0.2999999999999998
8,7,Tullock,1.225,1.3,-0.07499999999999996
8,7,Anonymous,2.765,0.64,2.125
8,7,Random: 0.5,3.01,0.585,2.425
8,8,Cu,3.01,2.985,0.02499999999999991
8,8,Du,0.975,1.1,-0.1250000000000001
8,8,Tit For Tat,3.01,2.985,0.02499999999999991
8,8,spiteful,3.01,2.985,0.02499999999999991
8,8,soft_majo,3.01,2.985,0.02499999999999991
8,8,hard_majo,2.99,2.99,0.0
8,8,per_cd,2.685,1.31,1.375
8,8,per_ccd,3.29,1.19,2.1
8,8,per_ddc,2.29,0.765,1.525
8,8,mistrust,2.99,2.99,0.0
8,8,WSLS,3.01,2.985,0.02499999999999991
8,8,TFTT,3.01,2.985,0.02499999999999991
8,8,hard_tft,3.01,2.985,0.02499999999999991
8,8,slow_tft,3.01,2.985,0.02499999999999991
8,8,GrdTFT,3.01,2.985,0.02499999999999991
8,8,prober,3.005,2.98,0.02499999999999991
8,8,mem2,3.01,2.985,0.02499999999999991
8,8,grok:grok-3-mini,3.01,2.985,0.02499999999999991
8,8,Tideman & Chieruzzi,2.975,3.0,-0.02499999999999991
8,8,Nydegger,3.01,2.985,0.02499999999999991
8,8,Grofman,3.01,2.985,0.02499999999999991
8,8,Shubik,3.01,2.985,0.02499999999999991
8,8,Stein & Rapoport: 0.05,2.975,3.0,-0.02499999999999991
8,8,GRIM,3.01,2.985,0.02499999999999991
8,8,Davis: 10,3.01,2.985,0.02499999999999991
8,8,Graaskamp: 0.05,3.4,2.15,1.25
8,8,Downing,1.125,1.05,0.07499999999999996
8,8,"Feld: 1.0, 0.5, 200",1.775,2.15,-0.375
8,8,Joss: 0.9,2.135,2.485,-0.3500000000000001
8,8,Tullock,1.705,1.78,-0.07499999999999996
8,8,Anonymous,2.645,1.42,1.225
8,8,Random: 0.5,2.705,1.43,1.2750000000000001
8,9,Cu,3.01,2.985,0.02499999999999991
8,9,Du,0.975,1.1,-0.1250000000000001
8,9,Tit For Tat,3.01,2.985,0.02499999999999991
8,9,spiteful,3.01,2.985,0.02499999999999991
8,9,soft_majo,3.01,2.985,0.02499999999999991
8,9,hard_majo,2.99,2.99,0.0
8,9,per_cd,2.685,1.31,1.375
8,9,per_ccd,3.29,1.19,2.1
8,9,per_ddc,2.29,0.765,1.525
8,9,mistrust,2.99,2.99,0.0
8,9,WSLS,3.01,2.985,0.02499999999999991
8,9,TFTT,3.01,2.985,0.02499999999999991
8,9,hard_tft,3.01,2.985,0.02499999999999991
8,9,slow_tft,3.01,2.985,0.02499999999999991
8,9,GrdTFT,3.01,2.985,0.02499999999999991
8,9,prober,3.005,2.98,0.02499999999999991
8,9,mem2,3.01,2.985,0.02499999999999991
8,9,grok:grok-3-mini,3.01,2.985,0.02499999999999991
8,9,Tideman & Chieruzzi,2.975,3.0,-0.02499999999999991
8,9,Nydegger,3.01,2.985,0.02499999999999991
8,9,Grofman,3.01,2.985,0.02499999999999991
8,9,Shubik,3.01,2.985,0.02499999999999991
8,9,Stein & Rapoport: 0.05,2.975,3.0,-0.02499999999999991
8,9,GRIM,3.01,2.985,0.02499999999999991
8,9,Davis: 10,3.01,2.985,0.02499999999999991
8,9,Graaskamp: 0.05,3.455,2.13,1.3250000000000002
8,9,Downing,1.125,1.05,0.07499999999999996
8,9,"Feld: 1.0, 0.5, 200",1.975,2.3,-0.32499999999999973
8,9,Joss: 0.9,2.065,2.39,-0.3250000000000002
8,9,Tullock,1.33,1.405,-0.07499999999999996
8,9,Anonymous,3.065,0.565,2.5
8,9,Random: 0.5,2.95,0.675,2.2750000000000004
8,10,Cu,3.01,2.985,0.02499999999999991
8,10,Du,0.975,1.1,-0.1250000000000001
8,10,Tit For Tat,3.01,2.985,0.02499999999999991
8,10,spiteful,3.01,2.985,0.02499999999999991
8,10,soft_majo,3.01,2.985,0.02499999999999991
8,10,hard_majo,2.99,2.99,0.0
8,10,per_cd,2.685,1.31,1.375
8,10,per_ccd,3.29,1.19,2.1
8,10,per_ddc,2.29,0.765,1.525
8,10,mistrust,2.99,2.99,0.0
8,10,WSLS,3.01,2.985,0.02499999999999991
8,10,TFTT,3.01,2.985,0.02499999999999991
8,10,hard_tft,3.01,2.985,0.02499999999999991
8,10,slow_tft,3.01,2.985,0.02499999999999991
8,10,GrdTFT,3.01,2.985,0.02499999999999991
8,10,prober,3.005,2.98,0.02499999999999991
8,10,mem2,3.01,2.985,0.02499999999999991
8,10,grok:grok-3-mini,3.01,2.985,0.02499999999999991
8,10,Tideman & Chieruzzi,2.975,3.0,-0.02499999999999991
8,10,Nydegger,3.01,2.985,0.02499999999999991
8,10,Grofman,3.01,2.985,0.02499999999999991
8,10,Shubik,3.01,2.985,0.02499999999999991
8,10,Stein & Rapoport: 0.05,2.975,3.0,-0.02499999999999991
8,10,GRIM,3.01,2.985,0.02499999999999991
8,10,Davis: 10,3.01,2.985,0.02499999999999991
8,10,Graaskamp: 0.05,3.32,2.295,1.025
8,10,Downing,1.125,1.05,0.07499999999999996
8,10,"Feld: 1.0, 0.5, 200",1.785,2.135,-0.34999999999999987
8,10,Joss: 0.9,1.77,2.045,-0.2749999999999999
8,10,Tullock,1.405,1.48,-0.07499999999999996
8,10,Anonymous,2.805,1.38,1.4250000000000003
8,10,Random: 0.5,2.945,0.595,2.3499999999999996
8,11,Cu,3.01,2.985,0.02499999999999991
8,11,Du,0.975,1.1,-0.1250000000000001
8,11,Tit For Tat,3.01,2.985,0.02499999999999991
8,11,spiteful,3.01,2.985,0.02499999999999991
8,11,soft_majo,3.01,2.985,0.02499999999999991
8,11,hard_majo,2.99,2.99,0.0
8,11,per_cd,2.685,1.31,1.375
8,11,per_ccd,3.29,1.19,2.1
8,11,per_ddc,2.29,0.765,1.525
8,11,mistrust,2.99,2.99,0.0
8,11,WSLS,3.01,2.985,0.02499999999999991
8,11,TFTT,3.01,2.985,0.02499999999999991
8,11,hard_tft,3.01,2.985,0.02499999999999991
8,11,slow_tft,3.01,2.985,0.02499999999999991
8,11,GrdTFT,3.01,2.985,0.02499999999999991
8,11,prober,3.005,2.98,0.02499999999999991
8,11,mem2,3.01,2.985,0.02499999999999991
8,11,grok:grok-3-mini,3.01,2.985,0.02499999999999991
8,11,Tideman & Chieruzzi,2.975,3.0,-0.02499999999999991
8,11,Nydegger,3.01,2.985,0.02499999999999991
8,11,Grofman,3.01,2.985,0.02499999999999991
8,11,Shubik,3.01,2.985,0.02499999999999991
8,11,Stein & Rapoport: 0.05,2.975,3.0,-0.02499999999999991
8,11,GRIM,3.01,2.985,0.02499999999999991
8,11,Davis: 10,3.01,2.985,0.02499999999999991
8,11,Graaskamp: 0.05,3.515,2.015,1.5
8,11,Downing,1.125,1.05,0.07499999999999996
8,11,"Feld: 1.0, 0.5, 200",1.835,2.21,-0.375
8,11,Joss: 0.9,1.725,2.0,-0.2749999999999999
8,11,Tullock,1.8,2.0,-0.19999999999999996
8,11,Anonymous,3.045,0.645,2.4
8,11,Random: 0.5,2.66,0.685,1.975
8,12,Cu,3.01,2.985,0.02499999999999991
8,12,Du,0.975,1.1,-0.1250000000000001
8,12,Tit For Tat,3.01,2.985,0.02499999999999991
8,12,spiteful,3.01,2.985,0.02499999999999991
8,12,soft_majo,3.01,2.985,0.02499999999999991
8,12,hard_majo,2.99,2.99,0.0
8,12,per_cd,2.685,1.31,1.375
8,12,per_ccd,3.29,1.19,2.1
8,12,per_ddc,2.29,0.765,1.525
8,12,mistrust,2.99,2.99,0.0
8,12,WSLS,3.01,2.985,0.02499999999999991
8,12,TFTT,3.01,2.985,0.02499999999999991
8,12,hard_tft,3.01,2.985,0.02499999999999991
8,12,slow_tft,3.01,2.985,0.02499999999999991
8,12,GrdTFT,3.01,2.985,0.02499999999999991
8,12,prober,3.005,2.98,0.02499999999999991
8,12,mem2,3.01,2.985,0.02499999999999991
8,12,grok:grok-3-mini,3.01,2.985,0.02499999999999991
8,12,Tideman & Chieruzzi,2.975,3.0,-0.02499999999999991
8,12,Nydegger,3.01,2.985,0.02499999999999991
8,12,Grofman,3.01,2.985,0.02499999999999991
8,12,Shubik,3.01,2.985,0.02499999999999991
8,12,Stein & Rapoport: 0.05,2.975,3.0,-0.02499999999999991
8,12,GRIM,3.01,2.985,0.02499999999999991
8,12,Davis: 10,3.01,2.985,0.02499999999999991
8,12,Graaskamp: 0.05,3.52,2.02,1.5
8,12,Downing,1.125,1.05,0.07499999999999996
8,12,"Feld: 1.0, 0.5, 200",2.05,2.4,-0.3500000000000001
8,12,Joss: 0.9,2.175,2.525,-0.3500000000000001
8,12,Tullock,1.465,1.465,0.0
8,12,Anonymous,2.955,0.605,2.35
8,12,Random: 0.5,2.945,0.645,2.3
8,13,Cu,3.01,2.985,0.02499999999999991
8,13,Du,0.975,1.1,-0.1250000000000001
8,13,Tit For Tat,3.01,2.985,0.02499999999999991
8,13,spiteful,3.01,2.985,0.02499999999999991
8,13,soft_majo,3.01,2.985,0.02499999999999991
8,13,hard_majo,2.99,2.99,0.0
8,13,per_cd,2.685,1.31,1.375
8,13,per_ccd,3.29,1.19,2.1
8,13,per_ddc,2.29,0.765,1.525
8,13,mistrust,2.99,2.99,0.0
8,13,WSLS,3.01,2.985,0.02499999999999991
8,13,TFTT,3.01,2.985,0.02499999999999991
8,13,hard_tft,3.01,2.985,0.02499999999999991
8,13,slow_tft,3.01,2.985,0.02499999999999991
8,13,GrdTFT,3.01,2.985,0.02499999999999991
8,13,prober,3.005,2.98,0.02499999999999991
8,13,mem2,3.01,2.985,0.02499999999999991
8,13,grok:grok-3-mini,3.01,2.985,0.02499999999999991
8,13,Tideman & Chieruzzi,2.975,3.0,-0.02499999999999991
8,13,Nydegger,3.01,2.985,0.02499999999999991
8,13,Grofman,3.01,2.985,0.02499999999999991
8,13,Shubik,3.01,2.985,0.02499999999999991
8,13,Stein & Rapoport: 0.05,2.975,3.0,-0.02499999999999991
8,13,GRIM,3.01,2.985,0.02499999999999991
8,13,Davis: 10,3.01,2.985,0.02499999999999991
8,13,Graaskamp: 0.05,3.46,2.135,1.3250000000000002
8,13,Downing,1.125,1.05,0.07499999999999996
8,13,"Feld: 1.0, 0.5, 200",1.585,1.96,-0.375
8,13,Joss: 0.9,2.34,2.59,-0.25
8,13,Tullock,1.32,1.42,-0.09999999999999987
8,13,Anonymous,3.225,0.525,2.7
8,13,Random: 0.5,3.15,0.55,2.5999999999999996
8,14,Cu,3.01,2.985,0.02499999999999991
8,14,Du,0.975,1.1,-0.1250000000000001
8,14,Tit For Tat,3.01,2.985,0.02499999999999991
8,14,spiteful,3.01,2.985,0.02499999999999991
8,14,soft_majo,3.01,2.985,0.02499999999999991
8,14,hard_majo,2.99,2.99,0.0
8,14,per_cd,2.685,1.31,1.375
8,14,per_ccd,3.29,1.19,2.1
8,14,per_ddc,2.29,0.765,1.525
8,14,mistrust,2.99,2.99,0.0
8,14,WSLS,3.01,2.985,0.02499999999999991
8,14,TFTT,3.01,2.985,0.02499999999999991
8,14,hard_tft,3.01,2.985,0.02499999999999991
8,14,slow_tft,3.01,2.985,0.02499999999999991
8,14,GrdTFT,3.01,2.985,0.02499999999999991
8,14,prober,3.005,2.98,0.02499999999999991
8,14,mem2,3.01,2.985,0.02499999999999991
8,14,grok:grok-3-mini,3.01,2.985,0.02499999999999991
8,14,Tideman & Chieruzzi,2.975,3.0,-0.02499999999999991
8,14,Nydegger,3.01,2.985,0.02499999999999991
8,14,Grofman,3.01,2.985,0.02499999999999991
8,14,Shubik,3.01,2.985,0.02499999999999991
8,14,Stein & Rapoport: 0.05,2.975,3.0,-0.02499999999999991
8,14,GRIM,3.01,2.985,0.02499999999999991
8,14,Davis: 10,3.01,2.985,0.02499999999999991
8,14,Graaskamp: 0.05,3.4,2.15,1.25
8,14,Downing,1.125,1.05,0.07499999999999996
8,14,"Feld: 1.0, 0.5, 200",1.645,1.945,-0.30000000000000004
8,14,Joss: 0.9,2.105,2.405,-0.2999999999999998
8,14,Tullock,1.66,1.785,-0.125
8,14,Anonymous,2.81,1.46,1.35
8,14,Random: 0.5,2.935,0.66,2.275
8,15,Cu,3.01,2.985,0.02499999999999991
8,15,Du,0.975,1.1,-0.1250000000000001
8,15,Tit For Tat,3.01,2.985,0.02499999999999991
8,15,spiteful,3.01,2.985,0.02499999999999991
8,15,soft_majo,3.01,2.985,0.02499999999999991
8,15,hard_majo,2.99,2.99,0.0
8,15,per_cd,2.685,1.31,1.375
8,15,per_ccd,3.29,1.19,2.1
8,15,per_ddc,2.29,0.765,1.525
8,15,mistrust,2.99,2.99,0.0
8,15,WSLS,3.01,2.985,0.02499999999999991
8,15,TFTT,3.01,2.985,0.02499999999999991
8,15,hard_tft,3.01,2.985,0.02499999999999991
8,15,slow_tft,3.01,2.985,0.02499999999999991
8,15,GrdTFT,3.01,2.985,0.02499999999999991
8,15,prober,3.005,2.98,0.02499999999999991
8,15,mem2,3.01,2.985,0.02499999999999991
8,15,grok:grok-3-mini,3.01,2.985,0.02499999999999991
8,15,Tideman & Chieruzzi,2.975,3.0,-0.02499999999999991
8,15,Nydegger,3.01,2.985,0.02499999999999991
8,15,Grofman,3.01,2.985,0.02499999999999991
8,15,Shubik,3.01,2.985,0.02499999999999991
8,15,Stein & Rapoport: 0.05,2.975,3.0,-0.02499999999999991
8,15,GRIM,3.01,2.985,0.02499999999999991
8,15,Davis: 10,3.01,2.985,0.02499999999999991
8,15,Graaskamp: 0.05,3.43,2.13,1.3000000000000003
8,15,Downing,1.125,1.05,0.07499999999999996
8,15,"Feld: 1.0, 0.5, 200",1.595,1.87,-0.27500000000000013
8,15,Joss: 0.9,2.18,2.505,-0.32499999999999973
8,15,Tullock,1.6,1.55,0.050000000000000044
8,15,Anonymous,2.76,0.635,2.125
8,15,Random: 0.5,2.65,1.475,1.1749999999999998
8,16,Cu,3.01,2.985,0.02499999999999991
8,16,Du,0.975,1.1,-0.1250000000000001
8,16,Tit For Tat,3.01,2.985,0.02499999999999991
8,16,spiteful,3.01,2.985,0.02499999999999991
8,16,soft_majo,3.01,2.985,0.02499999999999991
8,16,hard_majo,2.99,2.99,0.0
8,16,per_cd,2.685,1.31,1.375
8,16,per_ccd,3.29,1.19,2.1
8,16,per_ddc,2.29,0.765,1.525
8,16,mistrust,2.99,2.99,0.0
8,16,WSLS,3.01,2.985,0.02499999999999991
8,16,TFTT,3.01,2.985,0.02499999999999991
8,16,hard_tft,3.01,2.985,0.02499999999999991
8,16,slow_tft,3.01,2.985,0.02499999999999991
8,16,GrdTFT,3.01,2.985,0.02499999999999991
8,16,prober,3.005,2.98,0.02499999999999991
8,16,mem2,3.01,2.985,0.02499999999999991
8,16,grok:grok-3-mini,3.01,2.985,0.02499999999999991
8,16,Tideman & Chieruzzi,2.975,3.0,-0.02499999999999991
8,16,Nydegger,3.01,2.985,0.02499999999999991
8,16,Grofman,3.01,2.985,0.02499999999999991
8,16,Shubik,3.01,2.985,0.02499999999999991
8,16,Stein & Rapoport: 0.05,2.975,3.0,-0.02499999999999991
8,16,GRIM,3.01,2.985,0.02499999999999991
8,16,Davis: 10,3.01,2.985,0.02499999999999991
8,16,Graaskamp: 0.05,3.43,2.13,1.3000000000000003
8,16,Downing,1.125,1.05,0.07499999999999996
8,16,"Feld: 1.0, 0.5, 200",1.555,1.83,-0.27500000000000013
8,16,Joss: 0.9,1.965,2.315,-0.34999999999999987
8,16,Tullock,1.315,1.365,-0.050000000000000044
8,16,Anonymous,2.98,0.605,2.375
8,16,Random: 0.5,2.93,0.605,2.325
8,17,Cu,3.01,2.985,0.02499999999999991
8,17,Du,0.975,1.1,-0.1250000000000001
8,17,Tit For Tat,3.01,2.985,0.02499999999999991
8,17,spiteful,3.01,2.985,0.02499999999999991
8,17,soft_majo,3.01,2.985,0.02499999999999991
8,17,hard_majo,2.99,2.99,0.0
8,17,per_cd,2.685,1.31,1.375
8,17,per_ccd,3.29,1.19,2.1
8,17,per_ddc,2.29,0.765,1.525
8,17,mistrust,2.99,2.99,0.0
8,17,WSLS,3.01,2.985,0.02499999999999991
8,17,TFTT,3.01,2.985,0.02499999999999991
8,17,hard_tft,3.01,2.985,0.02499999999999991
8,17,slow_tft,3.01,2.985,0.02499999999999991
8,17,GrdTFT,3.01,2.985,0.02499999999999991
8,17,prober,3.005,2.98,0.02499999999999991
8,17,mem2,3.01,2.985,0.02499999999999991
8,17,grok:grok-3-mini,3.01,2.985,0.02499999999999991
8,17,Tideman & Chieruzzi,2.975,3.0,-0.02499999999999991
8,17,Nydegger,3.01,2.985,0.02499999999999991
8,17,Grofman,3.01,2.985,0.02499999999999991
8,17,Shubik,3.01,2.985,0.02499999999999991
8,17,Stein & Rapoport: 0.05,2.975,3.0,-0.02499999999999991
8,17,GRIM,3.01,2.985,0.02499999999999991
8,17,Davis: 10,3.01,2.985,0.02499999999999991
8,17,Graaskamp: 0.05,3.42,2.145,1.275
8,17,Downing,1.125,1.05,0.07499999999999996
8,17,"Feld: 1.0, 0.5, 200",1.835,2.21,-0.375
8,17,Joss: 0.9,1.055,1.105,-0.050000000000000044
8,17,Tullock,1.435,1.535,-0.09999999999999987
8,17,Anonymous,2.855,0.63,2.225
8,17,Random: 0.5,2.845,0.62,2.225
8,18,Cu,3.01,2.985,0.02499999999999991
8,18,Du,0.975,1.1,-0.1250000000000001
8,18,Tit For Tat,3.01,2.985,0.02499999999999991
8,18,spiteful,3.01,2.985,0.02499999999999991
8,18,soft_majo,3.01,2.985,0.02499999999999991
8,18,hard_majo,2.99,2.99,0.0
8,18,per_cd,2.685,1.31,1.375
8,18,per_ccd,3.29,1.19,2.1
8,18,per_ddc,2.29,0.765,1.525
8,18,mistrust,2.99,2.99,0.0
8,18,WSLS,3.01,2.985,0.02499999999999991
8,18,TFTT,3.01,2.985,0.02499999999999991
8,18,hard_tft,3.01,2.985,0.02499999999999991
8,18,slow_tft,3.01,2.985,0.02499999999999991
8,18,GrdTFT,3.01,2.985,0.02499999999999991
8,18,prober,3.005,2.98,0.02499999999999991
8,18,mem2,3.01,2.985,0.02499999999999991
8,18,grok:grok-3-mini,3.01,2.985,0.02499999999999991
8,18,Tideman & Chieruzzi,2.975,3.0,-0.02499999999999991
8,18,Nydegger,3.01,2.985,0.02499999999999991
8,18,Grofman,3.01,2.985,0.02499999999999991
8,18,Shubik,3.01,2.985,0.02499999999999991
8,18,Stein & Rapoport: 0.05,2.975,3.0,-0.02499999999999991
8,18,GRIM,3.01,2.985,0.02499999999999991
8,18,Davis: 10,3.01,2.985,0.02499999999999991
8,18,Graaskamp: 0.05,3.51,2.035,1.4749999999999996
8,18,Downing,1.125,1.05,0.07499999999999996
8,18,"Feld: 1.0, 0.5, 200",1.795,2.12,-0.3250000000000002
8,18,Joss: 0.9,1.685,1.985,-0.30000000000000004
8,18,Tullock,1.875,2.1,-0.2250000000000001
8,18,Anonymous,3.115,0.565,2.5500000000000003
8,18,Random: 0.5,2.75,1.3,1.45
8,19,Cu,3.01,2.985,0.02499999999999991
8,19,Du,0.975,1.1,-0.1250000000000001
8,19,Tit For Tat,3.01,2.985,0.02499999999999991
8,19,spiteful,3.01,2.985,0.02499999999999991
8,19,soft_majo,3.01,2.985,0.02499999999999991
8,19,hard_majo,2.99,2.99,0.0
8,19,per_cd,2.685,1.31,1.375
8,19,per_ccd,3.29,1.19,2.1
8,19,per_ddc,2.29,0.765,1.525
8,19,mistrust,2.99,2.99,0.0
8,19,WSLS,3.01,2.985,0.02499999999999991
8,19,TFTT,3.01,2.985,0.02499999999999991
8,19,hard_tft,3.01,2.985,0.02499999999999991
8,19,slow_tft,3.01,2.985,0.02499999999999991
8,19,GrdTFT,3.01,2.985,0.02499999999999991
8,19,prober,3.005,2.98,0.02499999999999991
8,19,mem2,3.01,2.985,0.02499999999999991
8,19,grok:grok-3-mini,3.01,2.985,0.02499999999999991
8,19,Tideman & Chieruzzi,2.975,3.0,-0.02499999999999991
8,19,Nydegger,3.01,2.985,0.02499999999999991
8,19,Grofman,3.01,2.985,0.02499999999999991
8,19,Shubik,3.01,2.985,0.02499999999999991
8,19,Stein & Rapoport: 0.05,2.975,3.0,-0.02499999999999991
8,19,GRIM,3.01,2.985,0.02499999999999991
8,19,Davis: 10,3.01,2.985,0.02499999999999991
8,19,Graaskamp: 0.05,3.395,2.22,1.1749999999999998
8,19,Downing,1.125,1.05,0.07499999999999996
8,19,"Feld: 1.0, 0.5, 200",2.005,2.38,-0.375
8,19,Joss: 0.9,2.255,2.53,-0.2749999999999999
8,19,Tullock,1.6,1.575,0.025000000000000133
8,19,Anonymous,2.875,0.65,2.225
8,19,Random: 0.5,2.7,1.375,1.3250000000000002
9,0,Cu,3.01,2.985,0.02499999999999991
9,0,Du,0.975,1.1,-0.1250000000000001
9,0,Tit For Tat,3.01,2.985,0.02499999999999991
9,0,spiteful,3.01,2.985,0.02499999999999991
9,0,soft_majo,3.01,2.985,0.02499999999999991
9,0,hard_majo,2.99,2.99,0.0
9,0,per_cd,2.685,1.31,1.375
9,0,per_ccd,3.29,1.19,2.1
9,0,per_ddc,2.29,0.765,1.525
9,0,mistrust,2.99,2.99,0.0
9,0,WSLS,3.01,2.985,0.02499999999999991
9,0,TFTT,3.01,2.985,0.02499999999999991
9,0,hard_tft,3.01,2.985,0.02499999999999991
9,0,slow_tft,3.01,2.985,0.02499999999999991
9,0,GrdTFT,3.01,2.985,0.02499999999999991
9,0,prober,3.005,2.98,0.02499999999999991
9,0,mem2,3.01,2.985,0.02499999999999991
9,0,grok:grok-3-mini,3.01,2.985,0.02499999999999991
9,0,Tideman & Chieruzzi,2.975,3.0,-0.02499999999999991
9,0,Nydegger,3.01,2.985,0.02499999999999991
9,0,Grofman,3.01,2.985,0.02499999999999991
9,0,Shubik,3.01,2.985,0.02499999999999991
9,0,Stein & Rapoport: 0.05,2.975,3.0,-0.02499999999999991
9,0,GRIM,3.01,2.985,0.02499999999999991
9,0,Davis: 10,3.01,2.985,0.02499999999999991
9,0,Graaskamp: 0.05,3.42,2.145,1.275
9,0,Downing,1.125,1.05,0.07499999999999996
9,0,"Feld: 1.0, 0.5, 200",1.995,2.345,-0.3500000000000001
9,0,Joss: 0.9,1.745,2.02,-0.2749999999999999
9,0,Tullock,1.38,1.505,-0.125
9,0,Anonymous,3.11,0.56,2.55
9,0,Random: 0.5,2.82,0.695,2.125
9,1,Cu,3.01,2.985,0.02499999999999991
9,1,Du,0.975,1.1,-0.1250000000000001
9,1,Tit For Tat,3.01,2.985,0.02499999999999991
9,1,spiteful,3.01,2.985,0.02499999999999991
9,1,soft_majo,3.01,2.985,0.02499999999999991
9,1,hard_majo,2.99,2.99,0.0
9,1,per_cd,2.685,1.31,1.375
9,1,per_ccd,3.29,1.19,2.1
9,1,per_ddc,2.29,0.765,1.525
9,1,mistrust,2.99,2.99,0.0
9,1,WSLS,3.01,2.985,0.02499999999999991
9,1,TFTT,3.01,2.985,0.02499999999999991
9,1,hard_tft,3.01,2.985,0.02499999999999991
9,1,slow_tft,3.01,2.985,0.02499999999999991
9,1,GrdTFT,3.01,2.985,0.02499999999999991
9,1,prober,3.005,2.98,0.02499999999999991
9,1,mem2,3.01,2.985,0.02499999999999991
9,1,grok:grok-3-mini,3.01,2.985,0.02499999999999991
9,1,Tideman & Chieruzzi,2.975,3.0,-0.02499999999999991
9,1,Nydegger,3.01,2.985,0.02499999999999991
9,1,Grofman,3.01,2.985,0.02499999999999991
9,1,Shubik,3.01,2.985,0.02499999999999991
9,1,Stein & Rapoport: 0.05,2.975,3.0,-0.02499999999999991
9,1,GRIM,3.01,2.985,0.02499999999999991
9,1,Davis: 10,3.01,2.985,0.02499999999999991
9,1,Graaskamp: 0.05,3.465,2.065,1.4
9,1,Downing,1.125,1.05,0.07499999999999996
9,1,"Feld: 1.0, 0.5, 200",1.795,2.12,-0.3250000000000002
9,1,Joss: 0.9,2.165,2.465,-0.2999999999999998
9,1,Tullock,1.505,1.455,0.04999999999999982
9,1,Anonymous,2.905,0.705,2.1999999999999997
9,1,Random: 0.5,3.015,0.615,2.4000000000000004
9,2,Cu,3.01,2.985,0.02499999999999991
9,2,Du,0.975,1.1,-0.1250000000000001
9,2,Tit For Tat,3.01,2.985,0.02499999999999991
9,2,spiteful,3.01,2.985,0.02499999999999991
9,2,soft_majo,3.01,2.985,0.02499999999999991
9,2,hard_majo,2.99,2.99,0.0
9,2,per_cd,2.685,1.31,1.375
9,2,per_ccd,3.29,1.19,2.1
9,2,per_ddc,2.29,0.765,1.525
9,2,mistrust,2.99,2.99,0.0
9,2,WSLS,3.01,2.985,0.02499999999999991
9,2,TFTT,3.01,2.985,0.02499999999999991
9,2,hard_tft,3.01,2.985,0.02499999999999991
9,2,slow_tft,3.01,2.985,0.02499999999999991
9,2,GrdTFT,3.01,2.985,0.02499999999999991
9,2,prober,3.005,2.98,0.02499999999999991
9,2,mem2,3.01,2.985,0.02499999999999991
9,2,grok:grok-3-mini,3.01,2.985,0.02499999999999991
9,2,Tideman & Chieruzzi,2.975,3.0,-0.02499999999999991
9,2,Nydegger,3.01,2.985,0.02499999999999991
9,2,Grofman,3.01,2.985,0.02499999999999991
9,2,Shubik,3.01,2.985,0.02499999999999991
9,2,Stein & Rapoport: 0.05,2.975,3.0,-0.02499999999999991
9,2,GRIM,3.01,2.985,0.02499999999999991
9,2,Davis: 10,3.01,2.985,0.02499999999999991
9,2,Graaskamp: 0.05,3.42,2.145,1.275
9,2,Downing,1.125,1.05,0.07499999999999996
9,2,"Feld: 1.0, 0.5, 200",1.865,2.19,-0.32499999999999996
9,2,Joss: 0.9,2.055,2.355,-0.2999999999999998
9,2,Tullock,1.535,1.635,-0.10000000000000009
9,2,Anonymous,3.27,0.52,2.75
9,2,Random: 0.5,3.19,0.54,2.65
9,3,Cu,3.01,2.985,0.02499999999999991
9,3,Du,0.975,1.1,-0.1250000000000001
9,3,Tit For Tat,3.01,2.985,0.02499999999999991
9,3,spiteful,3.01,2.985,0.02499999999999991
9,3,soft_majo,3.01,2.985,0.02499999999999991
9,3,hard_majo,2.99,2.99,0.0
9,3,per_cd,2.685,1.31,1.375
9,3,per_ccd,3.29,1.19,2.1
9,3,per_ddc,2.29,0.765,1.525
9,3,mistrust,2.99,2.99,0.0
9,3,WSLS,3.01,2.985,0.02499999999999991
9,3,TFTT,3.01,2.985,0.02499999999999991
9,3,hard_tft,3.01,2.985,0.02499999999999991
9,3,slow_tft,3.01,2.985,0.02499999999999991
9,3,GrdTFT,3.01,2.985,0.02499999999999991
9,3,prober,3.005,2.98,0.02499999999999991
9,3,mem2,3.01,2.985,0.02499999999999991
9,3,grok:grok-3-mini,3.01,2.985,0.02499999999999991
9,3,Tideman & Chieruzzi,2.975,3.0,-0.02499999999999991
9,3,Nydegger,3.01,2.985,0.02499999999999991
9,3,Grofman,3.01,2.985,0.02499999999999991
9,3,Shubik,3.01,2.985,0.02499999999999991
9,3,Stein & Rapoport: 0.05,2.975,3.0,-0.02499999999999991
9,3,GRIM,3.01,2.985,0.02499999999999991
9,3,Davis: 10,3.01,2.985,0.02499999999999991
9,3,Graaskamp: 0.05,3.44,2.165,1.275
9,3,Downing,1.125,1.05,0.07499999999999996
9,3,"Feld: 1.0, 0.5, 200",1.705,1.98,-0.2749999999999999
9,3,Joss: 0.9,1.445,1.67,-0.22499999999999987
9,3,Tullock,1.635,1.735,-0.10000000000000009
9,3,Anonymous,2.845,1.395,1.4500000000000002
9,3,Random: 0.5,2.74,1.39,1.3500000000000003
9,4,Cu,3.01,2.985,0.02499999999999991
9,4,Du,0.975,1.1,-0.1250000000000001
9,4,Tit For Tat,3.01,2.985,0.02499999999999991
9,4,spiteful,3.01,2.985,0.02499999999999991
9,4,soft_majo,3.01,2.985,0.02499999999999991
9,4,hard_majo,2.99,2.99,0.0
9,4,per_cd,2.685,1.31,1.375
9,4,per_ccd,3.29,1.19,2.1
9,4,per_ddc,2.29,0.765,1.525
9,4,mistrust,2.99,2.99,0.0
9,4,WSLS,3.01,2.985,0.02499999999999991
9,4,TFTT,3.01,2.985,0.02499999999999991
9,4,hard_tft,3.01,2.985,0.02499999999999991
9,4,slow_tft,3.01,2.985,0.02499999999999991
9,4,GrdTFT,3.01,2.985,0.02499999999999991
9,4,prober,3.005,2.98,0.02499999999999991
9,4,mem2,3.01,2.985,0.02499999999999991
9,4,grok:grok-3-mini,3.01,2.985,0.02499999999999991
9,4,Tideman & Chieruzzi,2.975,3.0,-0.02499999999999991
9,4,Nydegger,3.01,2.985,0.02499999999999991
9,4,Grofman,3.01,2.985,0.02499999999999991
9,4,Shubik,3.01,2.985,0.02499999999999991
9,4,Stein & Rapoport: 0.05,2.975,3.0,-0.02499999999999991
9,4,GRIM,3.01,2.985,0.02499999999999991
9,4,Davis: 10,3.01,2.985,0.02499999999999991
9,4,Graaskamp: 0.05,3.325,2.3,1.0250000000000004
9,4,Downing,1.125,1.05,0.07499999999999996
9,4,"Feld: 1.0, 0.5, 200",1.865,2.24,-0.3750000000000002
9,4,Joss: 0.9,2.385,2.635,-0.25
9,4,Tullock,1.395,1.47,-0.07499999999999996
9,4,Anonymous,2.855,0.78,2.075
9,4,Random: 0.5,2.735,0.96,1.775
9,5,Cu,3.01,2.985,0.02499999999999991
9,5,Du,0.975,1.1,-0.1250000000000001
9,5,Tit For Tat,3.01,2.985,0.02499999999999991
9,5,spiteful,3.01,2.985,0.02499999999999991
9,5,soft_majo,3.01,2.985,0.02499999999999991
9,5,hard_majo,2.99,2.99,0.0
9,5,per_cd,2.685,1.31,1.375
9,5,per_ccd,3.29,1.19,2.1
9,5,per_ddc,2.29,0.765,1.525
9,5,mistrust,2.99,2.99,0.0
9,5,WSLS,3.01,2.985,0.02499999999999991
9,5,TFTT,3.01,2.985,0.02499999999999991
9,5,hard_tft,3.01,2.985,0.02499999999999991
9,5,slow_tft,3.01,2.985,0.02499999999999991
9,5,GrdTFT,3.01,2.985,0.02499999999999991
9,5,prober,3.005,2.98,0.02499999999999991
9,5,mem2,3.01,2.985,0.02499999999999991
9,5,grok:grok-3-mini,3.01,2.985,0.02499999999999991
9,5,Tideman & Chieruzzi,2.975,3.0,-0.02499999999999991
9,5,Nydegger,3.01,2.985,0.02499999999999991
9,5,Grofman,3.01,2.985,0.02499999999999991
9,5,Shubik,3.01,2.985,0.02499999999999991
9,5,Stein & Rapoport: 0.05,2.975,3.0,-0.02499999999999991
9,5,GRIM,3.01,2.985,0.02499999999999991
9,5,Davis: 10,3.01,2.985,0.02499999999999991
9,5,Graaskamp: 0.05,3.34,2.24,1.0999999999999996
9,5,Downing,1.125,1.05,0.07499999999999996
9,5,"Feld: 1.0, 0.5, 200",1.935,2.285,-0.3500000000000001
9,5,Joss: 0.9,1.375,1.6,-0.2250000000000001
9,5,Tullock,1.77,1.995,-0.2250000000000001
9,5,Anonymous,2.97,0.595,2.375
9,5,Random: 0.5,2.965,0.59,2.375
9,6,Cu,3.01,2.985,0.02499999999999991
9,6,Du,0.975,1.1,-0.1250000000000001
9,6,Tit For Tat,3.01,2.985,0.02499999999999991
9,6,spiteful,3.01,2.985,0.02499999999999991
9,6,soft_majo,3.01,2.985,0.02499999999999991
9,6,hard_majo,2.99,2.99,0.0
9,6,per_cd,2.685,1.31,1.375
9,6,per_ccd,3.29,1.19,2.1
9,6,per_ddc,2.29,0.765,1.525
9,6,mistrust,2.99,2.99,0.0
9,6,WSLS,3.01,2.985,0.02499999999999991
9,6,TFTT,3.01,2.985,0.02499999999999991
9,6,hard_tft,3.01,2.985,0.02499999999999991
9,6,slow_tft,3.01,2.985,0.02499999999999991
9,6,GrdTFT,3.01,2.985,0.02499999999999991
9,6,prober,3.005,2.98,0.02499999999999991
9,6,mem2,3.01,2.985,0.02499999999999991
9,6,grok:grok-3-mini,3.01,2.985,0.02499999999999991
9,6,Tideman & Chieruzzi,2.975,3.0,-0.02499999999999991
9,6,Nydegger,3.01,2.985,0.02499999999999991
9,6,Grofman,3.01,2.985,0.02499999999999991
9,6,Shubik,3.01,2.985,0.02499999999999991
9,6,Stein & Rapoport: 0.05,2.975,3.0,-0.02499999999999991
9,6,GRIM,3.01,2.985,0.02499999999999991
9,6,Davis: 10,3.01,2.985,0.02499999999999991
9,6,Graaskamp: 0.05,3.415,2.14,1.275
9,6,Downing,1.125,1.05,0.07499999999999996
9,6,"Feld: 1.0, 0.5, 200",2.025,2.375,-0.3500000000000001
9,6,Joss: 0.9,2.385,2.61,-0.2250000000000001
9,6,Tullock,1.61,1.71,-0.09999999999999987
9,6,Anonymous,3.015,0.59,2.4250000000000003
9,6,Random: 0.5,2.83,1.33,1.5
9,7,Cu,3.01,2.985,0.02499999999999991
9,7,Du,0.975,1.1,-0.1250000000000001
9,7,Tit For Tat,3.01,2.985,0.02499999999999991
9,7,spiteful,3.01,2.985,0.02499999999999991
9,7,soft_majo,3.01,2.985,0.02499999999999991
9,7,hard_majo,2.99,2.99,0.0
9,7,per_cd,2.685,1.31,1.375
9,7,per_ccd,3.29,1.19,2.1
9,7,per_ddc,2.29,0.765,1.525
9,7,mistrust,2.99,2.99,0.0
9,7,WSLS,3.01,2.985,0.02499999999999991
9,7,TFTT,3.01,2.985,0.02499999999999991
9,7,hard_tft,3.01,2.985,0.02499999999999991
9,7,slow_tft,3.01,2.985,0.02499999999999991
9,7,GrdTFT,3.01,2.985,0.02499999999999991
9,7,prober,3.005,2.98,0.02499999999999991
9,7,mem2,3.01,2.985,0.02499999999999991
9,7,grok:grok-3-mini,3.01,2.985,0.02499999999999991
9,7,Tideman & Chieruzzi,2.975,3.0,-0.02499999999999991
9,7,Nydegger,3.01,2.985,0.02499999999999991
9,7,Grofman,3.01,2.985,0.02499999999999991
9,7,Shubik,3.01,2.985,0.02499999999999991
9,7,Stein & Rapoport: 0.05,2.975,3.0,-0.02499999999999991
9,7,GRIM,3.01,2.985,0.02499999999999991
9,7,Davis: 10,3.01,2.985,0.02499999999999991
9,7,Graaskamp: 0.05,3.515,1.99,1.5250000000000001
9,7,Downing,1.125,1.05,0.07499999999999996
9,7,"Feld: 1.0, 0.5, 200",1.765,2.115,-0.3500000000000003
9,7,Joss: 0.9,2.24,2.49,-0.25
9,7,Tullock,1.56,1.61,-0.050000000000000044
9,7,Anonymous,2.675,1.0,1.6749999999999998
9,7,Random: 0.5,2.97,0.67,2.3000000000000003
9,8,Cu,3.01,2.985,0.02499999999999991
9,8,Du,0.975,1.1,-0.1250000000000001
9,8,Tit For Tat,3.01,2.985,0.02499999999999991
9,8,spiteful,3.01,2.985,0.02499999999999991
9,8,soft_majo,3.01,2.985,0.02499999999999991
9,8,hard_majo,2.99,2.99,0.0
9,8,per_cd,2.685,1.31,1.375
9,8,per_ccd,3.29,1.19,2.1
9,8,per_ddc,2.29,0.765,1.525
9,8,mistrust,2.99,2.99,0.0
9,8,WSLS,3.01,2.985,0.02499999999999991
9,8,TFTT,3.01,2.985,0.02499999999999991
9,8,hard_tft,3.01,2.985,0.02499999999999991
9,8,slow_tft,3.01,2.985,0.02499999999999991
9,8,GrdTFT,3.01,2.985,0.02499999999999991
9,8,prober,3.005,2.98,0.02499999999999991
9,8,mem2,3.01,2.985,0.02499999999999991
9,8,grok:grok-3-mini,3.01,2.985,0.02499999999999991
9,8,Tideman & Chieruzzi,2.975,3.0,-0.02499999999999991
9,8,Nydegger,3.01,2.985,0.02499999999999991
9,8,Grofman,3.01,2.985,0.02499999999999991
9,8,Shubik,3.01,2.985,0.02499999999999991
9,8,Stein & Rapoport: 0.05,2.975,3.0,-0.02499999999999991
9,8,GRIM,3.01,2.985,0.02499999999999991
9,8,Davis: 10,3.01,2.985,0.02499999999999991
9,8,Graaskamp: 0.05,3.465,2.015,1.4499999999999997
9,8,Downing,1.125,1.05,0.07499999999999996
9,8,"Feld: 1.0, 0.5, 200",2.015,2.315,-0.2999999999999998
9,8,Joss: 0.9,2.24,2.49,-0.25
9,8,Tullock,1.41,1.535,-0.125
9,8,Anonymous,2.865,0.615,2.25
9,8,Random: 0.5,3.085,0.56,2.525
9,9,Cu,3.01,2.985,0.02499999999999991
9,9,Du,0.975,1.1,-0.1250000000000001
9,9,Tit For Tat,3.01,2.985,0.02499999999999991
9,9,spiteful,3.01,2.985,0.02499999999999991
9,9,soft_majo,3.01,2.985,0.02499999999999991
9,9,hard_majo,2.99,2.99,0.0
9,9,per_cd,2.685,1.31,1.375
9,9,per_ccd,3.29,1.19,2.1
9,9,per_ddc,2.29,0.765,1.525
9,9,mistrust,2.99,2.99,0.0
9,9,WSLS,3.01,2.985,0.02499999999999991
9,9,TFTT,3.01,2.985,0.02499999999999991
9,9,hard_tft,3.01,2.985,0.02499999999999991
9,9,slow_tft,3.01,2.985,0.02499999999999991
9,9,GrdTFT,3.01,2.985,0.02499999999999991
9,9,prober,3.005,2.98,0.02499999999999991
9,9,mem2,3.01,2.985,0.02499999999999991
9,9,grok:grok-3-mini,3.01,2.985,0.02499999999999991
9,9,Tideman & Chieruzzi,2.975,3.0,-0.02499999999999991
9,9,Nydegger,3.01,2.985,0.02499999999999991
9,9,Grofman,3.01,2.985,0.02499999999999991
9,9,Shubik,3.01,2.985,0.02499999999999991
9,9,Stein & Rapoport: 0.05,2.975,3.0,-0.02499999999999991
9,9,GRIM,3.01,2.985,0.02499999999999991
9,9,Davis: 10,3.01,2.985,0.02499999999999991
9,9,Graaskamp: 0.05,3.405,2.205,1.1999999999999997
9,9,Downing,1.125,1.05,0.07499999999999996
9,9,"Feld: 1.0, 0.5, 200",1.935,2.285,-0.3500000000000001
9,9,Joss: 0.9,2.315,2.59,-0.2749999999999999
9,9,Tullock,1.88,2.105,-0.2250000000000001
9,9,Anonymous,3.005,0.58,2.425
9,9,Random: 0.5,2.665,0.965,1.7000000000000002
9,10,Cu,3.01,2.985,0.02499999999999991
9,10,Du,0.975,1.1,-0.1250000000000001
9,10,Tit For Tat,3.01,2.985,0.02499999999999991
9,10,spiteful,3.01,2.985,0.02499999999999991
9,10,soft_majo,3.01,2.985,0.02499999999999991
9,10,hard_majo,2.99,2.99,0.0
9,10,per_cd,2.685,1.31,1.375
9,10,per_ccd,3.29,1.19,2.1
9,10,per_ddc,2.29,0.765,1.525
9,10,mistrust,2.99,2.99,0.0
9,10,WSLS,3.01,2.985,0.02499999999999991
9,10,TFTT,3.01,2.985,0.02499999999999991
9,10,hard_tft,3.01,2.985,0.02499999999999991
9,10,slow_tft,3.01,2.985,0.02499999999999991
9,10,GrdTFT,3.01,2.985,0.02499999999999991
9,10,prober,3.005,2.98,0.02499999999999991
9,10,mem2,3.01,2.985,0.02499999999999991
9,10,grok:grok-3-mini,3.01,2.985,0.02499999999999991
9,10,Tideman & Chieruzzi,2.975,3.0,-0.02499999999999991
9,10,Nydegger,3.01,2.985,0.02499999999999991
9,10,Grofman,3.01,2.985,0.02499999999999991
9,10,Shubik,3.01,2.985,0.02499999999999991
9,10,Stein & Rapoport: 0.05,2.975,3.0,-0.02499999999999991
9,10,GRIM,3.01,2.985,0.02499999999999991
9,10,Davis: 10,3.01,2.985,0.02499999999999991
9,10,Graaskamp: 0.05,3.43,2.155,1.2750000000000004
9,10,Downing,1.125,1.05,0.07499999999999996
9,10,"Feld: 1.0, 0.5, 200",1.645,1.995,-0.3500000000000001
9,10,Joss: 0.9,1.695,1.97,-0.2749999999999999
9,10,Tullock,1.41,1.535,-0.125
9,10,Anonymous,3.135,0.56,2.5749999999999997
9,10,Random: 0.5,2.76,0.685,2.0749999999999997
9,11,Cu,3.01,2.985,0.02499999999999991
9,11,Du,0.975,1.1,-0.1250000000000001
9,11,Tit For Tat,3.01,2.985,0.02499999999999991
9,11,spiteful,3.01,2.985,0.02499999999999991
9,11,soft_majo,3.01,2.985,0.02499999999999991
9,11,hard_majo,2.99,2.99,0.0
9,11,per_cd,2.685,1.31,1.375
9,11,per_ccd,3.29,1.19,2.1
9,11,per_ddc,2.29,0.765,1.525
9,11,mistrust,2.99,2.99,0.0
9,11,WSLS,3.01,2.985,0.02499999999999991
9,11,TFTT,3.01,2.985,0.02499999999999991
9,11,hard_tft,3.01,2.985,0.02499999999999991
9,11,slow_tft,3.01,2.985,0.02499999999999991
9,11,GrdTFT,3.01,2.985,0.02499999999999991
9,11,prober,3.005,2.98,0.02499999999999991
9,11,mem2,3.01,2.985,0.02499999999999991
9,11,grok:grok-3-mini,3.01,2.985,0.02499999999999991
9,11,Tideman & Chieruzzi,2.975,3.0,-0.02499999999999991
9,11,Nydegger,3.01,2.985,0.02499999999999991
9,11,Grofman,3.01,2.985,0.02499999999999991
9,11,Shubik,3.01,2.985,0.02499999999999991
9,11,Stein & Rapoport: 0.05,2.975,3.0,-0.02499999999999991
9,11,GRIM,3.01,2.985,0.02499999999999991
9,11,Davis: 10,3.01,2.985,0.02499999999999991
9,11,Graaskamp: 0.05,3.495,1.97,1.5250000000000001
9,11,Downing,1.125,1.05,0.07499999999999996
9,11,"Feld: 1.0, 0.5, 200",1.835,2.16,-0.3250000000000002
9,11,Joss: 0.9,1.09,1.165,-0.07499999999999996
9,11,Tullock,1.36,1.435,-0.07499999999999996
9,11,Anonymous,2.865,0.615,2.25
9,11,Random: 0.5,2.965,0.59,2.375
9,12,Cu,3.01,2.985,0.02499999999999991
9,12,Du,0.975,1.1,-0.1250000000000001
9,12,Tit For Tat,3.01,2.985,0.02499999999999991
9,12,spiteful,3.01,2.985,0.02499999999999991
9,12,soft_majo,3.01,2.985,0.02499999999999991
9,12,hard_majo,2.99,2.99,0.0
9,12,per_cd,2.685,1.31,1.375
9,12,per_ccd,3.29,1.19,2.1
9,12,per_ddc,2.29,0.765,1.525
9,12,mistrust,2.99,2.99,0.0
9,12,WSLS,3.01,2.985,0.02499999999999991
9,12,TFTT,3.01,2.985,0.02499999999999991
9,12,hard_tft,3.01,2.985,0.02499999999999991
9,12,slow_tft,3.01,2.985,0.02499999999999991
9,12,GrdTFT,3.01,2.985,0.02499999999999991
9,12,prober,3.005,2.98,0.02499999999999991
9,12,mem2,3.01,2.985,0.02499999999999991
9,12,grok:grok-3-mini,3.01,2.985,0.02499999999999991
9,12,Tideman & Chieruzzi,2.975,3.0,-0.02499999999999991
9,12,Nydegger,3.01,2.985,0.02499999999999991
9,12,Grofman,3.01,2.985,0.02499999999999991
9,12,Shubik,3.01,2.985,0.02499999999999991
9,12,Stein & Rapoport: 0.05,2.975,3.0,-0.02499999999999991
9,12,GRIM,3.01,2.985,0.02499999999999991
9,12,Davis: 10,3.01,2.985,0.02499999999999991
9,12,Graaskamp: 0.05,3.525,1.975,1.5499999999999998
9,12,Downing,1.125,1.05,0.07499999999999996
9,12,"Feld: 1.0, 0.5, 200",1.795,2.07,-0.2749999999999999
9,12,Joss: 0.9,1.105,1.23,-0.125
9,12,Tullock,1.305,1.305,0.0
9,12,Anonymous,2.79,1.215,1.575
9,12,Random: 0.5,2.65,1.525,1.125
9,13,Cu,3.01,2.985,0.02499999999999991
9,13,Du,0.975,1.1,-0.1250000000000001
9,13,Tit For Tat,3.01,2.985,0.02499999999999991
9,13,spiteful,3.01,2.985,0.02499999999999991
9,13,soft_majo,3.01,2.985,0.02499999999999991
9,13,hard_majo,2.99,2.99,0.0
9,13,per_cd,2.685,1.31,1.375
9,13,per_ccd,3.29,1.19,2.1
9,13,per_ddc,2.29,0.765,1.525
9,13,mistrust,2.99,2.99,0.0
9,13,WSLS,3.01,2.985,0.02499999999999991
9,13,TFTT,3.01,2.985,0.02499999999999991
9,13,hard_tft,3.01,2.985,0.02499999999999991
9,13,slow_tft,3.01,2.985,0.02499999999999991
9,13,GrdTFT,3.01,2.985,0.02499999999999991
9,13,prober,3.005,2.98,0.02499999999999991
9,13,mem2,3.01,2.985,0.02499999999999991
9,13,grok:grok-3-mini,3.01,2.985,0.02499999999999991
9,13,Tideman & Chieruzzi,2.975,3.0,-0.02499999999999991
9,13,Nydegger,3.01,2.985,0.02499999999999991
9,13,Grofman,3.01,2.985,0.02499999999999991
9,13,Shubik,3.01,2.985,0.02499999999999991
9,13,Stein & Rapoport: 0.05,2.975,3.0,-0.02499999999999991
9,13,GRIM,3.01,2.985,0.02499999999999991
9,13,Davis: 10,3.01,2.985,0.02499999999999991
9,13,Graaskamp: 0.05,3.405,2.18,1.2249999999999996
9,13,Downing,1.125,1.05,0.07499999999999996
9,13,"Feld: 1.0, 0.5, 200",1.9,2.3,-0.3999999999999999
9,13,Joss: 0.9,2.035,2.385,-0.34999999999999964
9,13,Tullock,1.84,1.89,-0.04999999999999982
9,13,Anonymous,2.57,0.695,1.875
9,13,Random: 0.5,2.75,0.675,2.075
9,14,Cu,3.01,2.985,0.02499999999999991
9,14,Du,0.975,1.1,-0.1250000000000001
9,14,Tit For Tat,3.01,2.985,0.02499999999999991
9,14,spiteful,3.01,2.985,0.02499999999999991
9,14,soft_majo,3.01,2.985,0.02499999999999991
9,14,hard_majo,2.99,2.99,0.0
9,14,per_cd,2.685,1.31,1.375
9,14,per_ccd,3.29,1.19,2.1
9,14,per_ddc,2.29,0.765,1.525
9,14,mistrust,2.99,2.99,0.0
9,14,WSLS,3.01,2.985,0.02499999999999991
9,14,TFTT,3.01,2.985,0.02499999999999991
9,14,hard_tft,3.01,2.985,0.02499999999999991
9,14,slow_tft,3.01,2.985,0.02499999999999991
9,14,GrdTFT,3.01,2.985,0.02499999999999991
9,14,prober,3.005,2.98,0.02499999999999991
9,14,mem2,3.01,2.985,0.02499999999999991
9,14,grok:grok-3-mini,3.01,2.985,0.02499999999999991
9,14,Tideman & Chieruzzi,2.975,3.0,-0.02499999999999991
9,14,Nydegger,3.01,2.985,0.02499999999999991
9,14,Grofman,3.01,2.985,0.02499999999999991
9,14,Shubik,3.01,2.985,0.02499999999999991
9,14,Stein & Rapoport: 0.05,2.975,3.0,-0.02499999999999991
9,14,GRIM,3.01,2.985,0.02499999999999991
9,14,Davis: 10,3.01,2.985,0.02499999999999991
9,14,Graaskamp: 0.05,3.485,2.01,1.475
9,14,Downing,1.125,1.05,0.07499999999999996
9,14,"Feld: 1.0, 0.5, 200",1.625,1.875,-0.25
9,14,Joss: 0.9,1.065,1.14,-0.07499999999999996
9,14,Tullock,1.86,1.885,-0.02499999999999991
9,14,Anonymous,3.06,0.66,2.4
9,14,Random: 0.5,2.68,0.905,1.7750000000000001
9,15,Cu,3.01,2.985,0.02499999999999991
9,15,Du,0.975,1.1,-0.1250000000000001
9,15,Tit For Tat,3.01,2.985,0.02499999999999991
9,15,spiteful,3.01,2.985,0.02499999999999991
9,15,soft_majo,3.01,2.985,0.02499999999999991
9,15,hard_majo,2.99,2.99,0.0
9,15,per_cd,2.685,1.31,1.375
9,15,per_ccd,3.29,1.19,2.1
9,15,per_ddc,2.29,0.765,1.525
9,15,mistrust,2.99,2.99,0.0
9,15,WSLS,3.01,2.985,0.02499999999999991
9,15,TFTT,3.01,2.985,0.02499999999999991
9,15,hard_tft,3.01,2.985,0.02499999999999991
9,15,slow_tft,3.01,2.985,0.02499999999999991
9,15,GrdTFT,3.01,2.985,0.02499999999999991
9,15,prober,3.005,2.98,0.02499999999999991
9,15,mem2,3.01,2.985,0.02499999999999991
9,15,grok:grok-3-mini,3.01,2.985,0.02499999999999991
9,15,Tideman & Chieruzzi,2.975,3.0,-0.02499999999999991
9,15,Nydegger,3.01,2.985,0.02499999999999991
9,15,Grofman,3.01,2.985,0.02499999999999991
9,15,Shubik,3.01,2.985,0.02499999999999991
9,15,Stein & Rapoport: 0.05,2.975,3.0,-0.02499999999999991
9,15,GRIM,3.01,2.985,0.02499999999999991
9,15,Davis: 10,3.01,2.985,0.02499999999999991
9,15,Graaskamp: 0.05,3.56,1.96,1.6
9,15,Downing,1.125,1.05,0.07499999999999996
9,15,"Feld: 1.0, 0.5, 200",1.705,2.03,-0.32499999999999973
9,15,Joss: 0.9,2.09,2.39,-0.30000000000000027
9,15,Tullock,1.36,1.535,-0.17499999999999982
9,15,Anonymous,3.035,0.585,2.45
9,15,Random: 0.5,2.99,0.59,2.4000000000000004
9,16,Cu,3.01,2.985,0.02499999999999991
9,16,Du,0.975,1.1,-0.1250000000000001
9,16,Tit For Tat,3.01,2.985,0.02499999999999991
9,16,spiteful,3.01,2.985,0.02499999999999991
9,16,soft_majo,3.01,2.985,0.02499999999999991
9,16,hard_majo,2.99,2.99,0.0
9,16,per_cd,2.685,1.31,1.375
9,16,per_ccd,3.29,1.19,2.1
9,16,per_ddc,2.29,0.765,1.525
9,16,mistrust,2.99,2.99,0.0
9,16,WSLS,3.01,2.985,0.02499999999999991
9,16,TFTT,3.01,2.985,0.02499999999999991
9,16,hard_tft,3.01,2.985,0.02499999999999991
9,16,slow_tft,3.01,2.985,0.02499999999999991
9,16,GrdTFT,3.01,2.985,0.02499999999999991
9,16,prober,3.005,2.98,0.02499999999999991
9,16,mem2,3.01,2.985,0.02499999999999991
9,16,grok:grok-3-mini,3.01,2.985,0.02499999999999991
9,16,Tideman & Chieruzzi,2.975,3.0,-0.02499999999999991
9,16,Nydegger,3.01,2.985,0.02499999999999991
9,16,Grofman,3.01,2.985,0.02499999999999991
9,16,Shubik,3.01,2.985,0.02499999999999991
9,16,Stein & Rapoport: 0.05,2.975,3.0,-0.02499999999999991
9,16,GRIM,3.01,2.985,0.02499999999999991
9,16,Davis: 10,3.01,2.985,0.02499999999999991
9,16,Graaskamp: 0.05,3.335,2.26,1.0750000000000002
9,16,Downing,1.125,1.05,0.07499999999999996
9,16,"Feld: 1.0, 0.5, 200",1.545,1.87,-0.3250000000000002
9,16,Joss: 0.9,2.24,2.49,-0.25
9,16,Tullock,1.4,1.4,0.0
9,16,Anonymous,2.91,0.61,2.3000000000000003
9,16,Random: 0.5,3.03,0.655,2.375
9,17,Cu,3.01,2.985,0.02499999999999991
9,17,Du,0.975,1.1,-0.1250000000000001
9,17,Tit For Tat,3.01,2.985,0.02499999999999991
9,17,spiteful,3.01,2.985,0.02499999999999991
9,17,soft_majo,3.01,2.985,0.02499999999999991
9,17,hard_majo,2.99,2.99,0.0
9,17,per_cd,2.685,1.31,1.375
9,17,per_ccd,3.29,1.19,2.1
9,17,per_ddc,2.29,0.765,1.525
9,17,mistrust,2.99,2.99,0.0
9,17,WSLS,3.01,2.985,0.02499999999999991
9,17,TFTT,3.01,2.985,0.02499999999999991
9,17,hard_tft,3.01,2.985,0.02499999999999991
9,17,slow_tft,3.01,2.985,0.02499999999999991
9,17,GrdTFT,3.01,2.985,0.02499999999999991
9,17,prober,3.005,2.98,0.02499999999999991
9,17,mem2,3.01,2.985,0.02499999999999991
9,17,grok:grok-3-mini,3.01,2.985,0.02499999999999991
9,17,Tideman & Chieruzzi,2.975,3.0,-0.02499999999999991
9,17,Nydegger,3.01,2.985,0.02499999999999991
9,17,Grofman,3.01,2.985,0.02499999999999991
9,17,Shubik,3.01,2.985,0.02499999999999991
9,17,Stein & Rapoport: 0.05,2.975,3.0,-0.02499999999999991
9,17,GRIM,3.01,2.985,0.02499999999999991
9,17,Davis: 10,3.01,2.985,0.02499999999999991
9,17,Graaskamp: 0.05,3.55,1.95,1.5999999999999999
9,17,Downing,1.125,1.05,0.07499999999999996
9,17,"Feld: 1.0, 0.5, 200",1.725,2.025,-0.2999999999999998
9,17,Joss: 0.9,1.955,2.28,-0.32499999999999973
9,17,Tullock,1.41,1.435,-0.025000000000000133
9,17,Anonymous,2.85,0.775,2.075
9,17,Random: 0.5,3.01,0.635,2.375
9,18,Cu,3.01,2.985,0.02499999999999991
9,18,Du,0.975,1.1,-0.1250000000000001
9,18,Tit For Tat,3.01,2.985,0.02499999999999991
9,18,spiteful,3.01,2.985,0.02499999999999991
9,18,soft_majo,3.01,2.985,0.02499999999999991
9,18,hard_majo,2.99,2.99,0.0
9,18,per_cd,2.685,1.31,1.375
9,18,per_ccd,3.29,1.19,2.1
9,18,per_ddc,2.29,0.765,1.525
9,18,mistrust,2.99,2.99,0.0
9,18,WSLS,3.01,2.985,0.02499999999999991
9,18,TFTT,3.01,2.985,0.02499999999999991
9,18,hard_tft,3.01,2.985,0.02499999999999991
9,18,slow_tft,3.01,2.985,0.02499999999999991
9,18,GrdTFT,3.01,2.985,0.02499999999999991
9,18,prober,3.005,2.98,0.02499999999999991
9,18,mem2,3.01,2.985,0.02499999999999991
9,18,grok:grok-3-mini,3.01,2.985,0.02499999999999991
9,18,Tideman & Chieruzzi,2.975,3.0,-0.02499999999999991
9,18,Nydegger,3.01,2.985,0.02499999999999991
9,18,Grofman,3.01,2.985,0.02499999999999991
9,18,Shubik,3.01,2.985,0.02499999999999991
9,18,Stein & Rapoport: 0.05,2.975,3.0,-0.02499999999999991
9,18,GRIM,3.01,2.985,0.02499999999999991
9,18,Davis: 10,3.01,2.985,0.02499999999999991
9,18,Graaskamp: 0.05,3.38,2.155,1.225
9,18,Downing,1.125,1.05,0.07499999999999996
9,18,"Feld: 1.0, 0.5, 200",1.725,2.0,-0.2749999999999999
9,18,Joss: 0.9,2.45,2.675,-0.22499999999999964
9,18,Tullock,1.56,1.66,-0.09999999999999987
9,18,Anonymous,2.865,0.615,2.25
9,18,Random: 0.5,2.84,0.665,2.175
9,19,Cu,3.01,2.985,0.02499999999999991
9,19,Du,0.975,1.1,-0.1250000000000001
9,19,Tit For Tat,3.01,2.985,0.02499999999999991
9,19,spiteful,3.01,2.985,0.02499999999999991
9,19,soft_majo,3.01,2.985,0.02499999999999991
9,19,hard_majo,2.99,2.99,0.0
9,19,per_cd,2.685,1.31,1.375
9,19,per_ccd,3.29,1.19,2.1
9,19,per_ddc,2.29,0.765,1.525
9,19,mistrust,2.99,2.99,0.0
9,19,WSLS,3.01,2.985,0.02499999999999991
9,19,TFTT,3.01,2.985,0.02499999999999991
9,19,hard_tft,3.01,2.985,0.02499999999999991
9,19,slow_tft,3.01,2.985,0.02499999999999991
9,19,GrdTFT,3.01,2.985,0.02499999999999991
9,19,prober,3.005,2.98,0.02499999999999991
9,19,mem2,3.01,2.985,0.02499999999999991
9,19,grok:grok-3-mini,3.01,2.985,0.02499999999999991
9,19,Tideman & Chieruzzi,2.975,3.0,-0.02499999999999991
9,19,Nydegger,3.01,2.985,0.02499999999999991
9,19,Grofman,3.01,2.985,0.02499999999999991
9,19,Shubik,3.01,2.985,0.02499999999999991
9,19,Stein & Rapoport: 0.05,2.975,3.0,-0.02499999999999991
9,19,GRIM,3.01,2.985,0.02499999999999991
9,19,Davis: 10,3.01,2.985,0.02499999999999991
9,19,Graaskamp: 0.05,3.43,2.13,1.3000000000000003
9,19,Downing,1.125,1.05,0.07499999999999996
9,19,"Feld: 1.0, 0.5, 200",1.575,1.875,-0.30000000000000004
9,19,Joss: 0.9,1.33,1.505,-0.17499999999999982
9,19,Tullock,1.54,1.565,-0.02499999999999991
9,19,Anonymous,2.9,0.6,2.3
9,19,Random: 0.5,2.77,0.645,2.125
