seed,repetition,opponent,eleanor_avg
0,0,Cu,3.01
0,0,Du,0.975
0,0,Tit For Tat,3.01
0,0,spiteful,3.01
0,0,soft_majo,3.01
0,0,hard_majo,2.99
0,0,per_cd,2.685
0,0,per_ccd,3.29
0,0,per_ddc,2.29
0,0,mistrust,2.99
0,0,WSLS,3.01
0,0,TFTT,3.01
0,0,hard_tft,3.01
0,0,slow_tft,3.01
0,0,GrdTFT,3.01
0,0,prober,3.005
0,0,mem2,3.01
0,0,grok:grok-3-mini,3.01
0,0,Tideman & Chieruzzi,2.975
0,0,Nydegger,3.01
0,0,Grofman,3.01
0,0,Shubik,3.01
0,0,Stein & Rapoport: 0.05,2.975
0,0,GRIM,3.01
0,0,Davis: 10,3.01
0,0,Graaskamp: 0.05,3.34
0,0,Downing,1.125
0,0,"Feld: 1.0, 0.5, 200",1.785
0,0,Joss: 0.9,1.285
0,0,Tullock,1.835
0,0,Anonymous,2.755
0,0,Random: 0.5,2.885
0,1,Cu,3.01
0,1,Du,0.975
0,1,Tit For Tat,3.01
0,1,spiteful,3.01
0,1,soft_majo,3.01
0,1,hard_majo,2.99
0,1,per_cd,2.685
0,1,per_ccd,3.29
0,1,per_ddc,2.29
0,1,mistrust,2.99
0,1,WSLS,3.01
0,1,TFTT,3.01
0,1,hard_tft,3.01
0,1,slow_tft,3.01
0,1,GrdTFT,3.01
0,1,prober,3.005
0,1,mem2,3.01
0,1,grok:grok-3-mini,3.01
0,1,Tideman & Chieruzzi,2.975
0,1,Nydegger,3.01
0,1,Grofman,3.01
0,1,Shubik,3.01
0,1,Stein & Rapoport: 0.05,2.975
0,1,GRIM,3.01
0,1,Davis: 10,3.01
0,1,Graaskamp: 0.05,3.51
0,1,Downing,1.125
0,1,"Feld: 1.0, 0.5, 200",1.965
0,1,Joss: 0.9,2.085
0,1,Tullock,1.265
0,1,Anonymous,2.585
0,1,Random: 0.5,2.69
0,2,Cu,3.01
0,2,Du,0.975
0,2,Tit For Tat,3.01
0,2,spiteful,3.01
0,2,soft_majo,3.01
0,2,hard_majo,2.99
0,2,per_cd,2.685
0,2,per_ccd,3.29
0,2,per_ddc,2.29
0,2,mistrust,2.99
0,2,WSLS,3.01
0,2,TFTT,3.01
0,2,hard_tft,3.01
0,2,slow_tft,3.01
0,2,GrdTFT,3.01
0,2,prober,3.005
0,2,mem2,3.01
0,2,grok:grok-3-mini,3.01
0,2,Tideman & Chieruzzi,2.975
0,2,Nydegger,3.01
0,2,Grofman,3.01
0,2,Shubik,3.01
0,2,Stein & Rapoport: 0.05,2.975
0,2,GRIM,3.01
0,2,Davis: 10,3.01
0,2,Graaskamp: 0.05,3.435
0,2,Downing,1.125
0,2,"Feld: 1.0, 0.5, 200",1.33
0,2,Joss: 0.9,2.36
0,2,Tullock,1.51
0,2,Anonymous,2.665
0,2,Random: 0.5,2.7
0,3,Cu,3.01
0,3,Du,0.975
0,3,Tit For Tat,3.01
0,3,spiteful,3.01
0,3,soft_majo,3.01
0,3,hard_majo,2.99
0,3,per_cd,2.685
0,3,per_ccd,3.29
0,3,per_ddc,2.29
0,3,mistrust,2.99
0,3,WSLS,3.01
0,3,TFTT,3.01
0,3,hard_tft,3.01
0,3,slow_tft,3.01
0,3,GrdTFT,3.01
0,3,prober,3.005
0,3,mem2,3.01
0,3,grok:grok-3-mini,3.01
0,3,Tideman & Chieruzzi,2.975
0,3,Nydegger,3.01
0,3,Grofman,3.01
0,3,Shubik,3.01
0,3,Stein & Rapoport: 0.05,2.975
0,3,GRIM,3.01
0,3,Davis: 10,3.01
0,3,Graaskamp: 0.05,3.46
0,3,Downing,1.125
0,3,"Feld: 1.0, 0.5, 200",1.785
0,3,Joss: 0.9,2.43
0,3,Tullock,1.44
0,3,Anonymous,3.05
0,3,Random: 0.5,2.885
0,4,Cu,3.01
0,4,Du,0.975
0,4,Tit For Tat,3.01
0,4,spiteful,3.01
0,4,soft_majo,3.01
0,4,hard_majo,2.99
0,4,per_cd,2.685
0,4,per_ccd,3.29
0,4,per_ddc,2.29
0,4,mistrust,2.99
0,4,WSLS,3.01
0,4,TFTT,3.01
0,4,hard_tft,3.01
0,4,slow_tft,3.01
0,4,GrdTFT,3.01
0,4,prober,3.005
0,4,mem2,3.01
0,4,grok:grok-3-mini,3.01
0,4,Tideman & Chieruzzi,2.975
0,4,Nydegger,3.01
0,4,Grofman,3.01
0,4,Shubik,3.01
0,4,Stein & Rapoport: 0.05,2.975
0,4,GRIM,3.01
0,4,Davis: 10,3.01
0,4,Graaskamp: 0.05,3.495
0,4,Downing,1.125
0,4,"Feld: 1.0, 0.5, 200",1.695
0,4,Joss: 0.9,2.275
0,4,Tullock,1.385
0,4,Anonymous,2.96
0,4,Random: 0.5,2.93
0,5,Cu,3.01
0,5,Du,0.975
0,5,Tit For Tat,3.01
0,5,spiteful,3.01
0,5,soft_majo,3.01
0,5,hard_majo,2.99
0,5,per_cd,2.685
0,5,per_ccd,3.29
0,5,per_ddc,2.29
0,5,mistrust,2.99
0,5,WSLS,3.01
0,5,TFTT,3.01
0,5,hard_tft,3.01
0,5,slow_tft,3.01
0,5,GrdTFT,3.01
0,5,prober,3.005
0,5,mem2,3.01
0,5,grok:grok-3-mini,3.01
0,5,Tideman & Chieruzzi,2.975
0,5,Nydegger,3.01
0,5,Grofman,3.01
0,5,Shubik,3.01
0,5,Stein & Rapoport: 0.05,2.975
0,5,GRIM,3.01
0,5,Davis: 10,3.01
0,5,Graaskamp: 0.05,3.515
0,5,Downing,1.125
0,5,"Feld: 1.0, 0.5, 200",1.675
0,5,Joss: 0.9,2.22
0,5,Tullock,1.54
0,5,Anonymous,2.825
0,5,Random: 0.5,2.995
0,6,Cu,3.01
0,6,Du,0.975
0,6,Tit For Tat,3.01
0,6,spiteful,3.01
0,6,soft_majo,3.01
0,6,hard_majo,2.99
0,6,per_cd,2.685
0,6,per_ccd,3.29
0,6,per_ddc,2.29
0,6,mistrust,2.99
0,6,WSLS,3.01
0,6,TFTT,3.01
0,6,hard_tft,3.01
0,6,slow_tft,3.01
0,6,GrdTFT,3.01
0,6,prober,3.005
0,6,mem2,3.01
0,6,grok:grok-3-mini,3.01
0,6,Tideman & Chieruzzi,2.975
0,6,Nydegger,3.01
0,6,Grofman,3.01
0,6,Shubik,3.01
0,6,Stein & Rapoport: 0.05,2.975
0,6,GRIM,3.01
0,6,Davis: 10,3.01
0,6,Graaskamp: 0.05,3.4
0,6,Downing,1.125
0,6,"Feld: 1.0, 0.5, 200",1.715
0,6,Joss: 0.9,2.305
0,6,Tullock,1.345
0,6,Anonymous,2.955
0,6,Random: 0.5,2.865
0,7,Cu,3.01
0,7,Du,0.975
0,7,Tit For Tat,3.01
0,7,spiteful,3.01
0,7,soft_majo,3.01
0,7,hard_majo,2.99
0,7,per_cd,2.685
0,7,per_ccd,3.29
0,7,per_ddc,2.29
0,7,mistrust,2.99
0,7,WSLS,3.01
0,7,TFTT,3.01
0,7,hard_tft,3.01
0,7,slow_tft,3.01
0,7,GrdTFT,3.01
0,7,prober,3.005
0,7,mem2,3.01
0,7,grok:grok-3-mini,3.01
0,7,Tideman & Chieruzzi,2.975
0,7,Nydegger,3.01
0,7,Grofman,3.01
0,7,Shubik,3.01
0,7,Stein & Rapoport: 0.05,2.975
0,7,GRIM,3.01
0,7,Davis: 10,3.01
0,7,Graaskamp: 0.05,3.41
0,7,Downing,1.125
0,7,"Feld: 1.0, 0.5, 200",2.025
0,7,Joss: 0.9,1.395
0,7,Tullock,1.485
0,7,Anonymous,2.97
0,7,Random: 0.5,3.01
0,8,Cu,3.01
0,8,Du,0.975
0,8,Tit For Tat,3.01
0,8,spiteful,3.01
0,8,soft_majo,3.01
0,8,hard_majo,2.99
0,8,per_cd,2.685
0,8,per_ccd,3.29
0,8,per_ddc,2.29
0,8,mistrust,2.99
0,8,WSLS,3.01
0,8,TFTT,3.01
0,8,hard_tft,3.01
0,8,slow_tft,3.01
0,8,GrdTFT,3.01
0,8,prober,3.005
0,8,mem2,3.01
0,8,grok:grok-3-mini,3.01
0,8,Tideman & Chieruzzi,2.975
0,8,Nydegger,3.01
0,8,Grofman,3.01
0,8,Shubik,3.01
0,8,Stein & Rapoport: 0.05,2.975
0,8,GRIM,3.01
0,8,Davis: 10,3.01
0,8,Graaskamp: 0.05,3.435
0,8,Downing,1.125
0,8,"Feld: 1.0, 0.5, 200",1.865
0,8,Joss: 0.9,2.215
0,8,Tullock,1.4
0,8,Anonymous,2.75
0,8,Random: 0.5,2.83
0,9,Cu,3.01
0,9,Du,0.975
0,9,Tit For Tat,3.01
0,9,spiteful,3.01
0,9,soft_majo,3.01
0,9,hard_majo,2.99
0,9,per_cd,2.685
0,9,per_ccd,3.29
0,9,per_ddc,2.29
0,9,mistrust,2.99
0,9,WSLS,3.01
0,9,TFTT,3.01
0,9,hard_tft,3.01
0,9,slow_tft,3.01
0,9,GrdTFT,3.01
0,9,prober,3.005
0,9,mem2,3.01
0,9,grok:grok-3-mini,3.01
0,9,Tideman & Chieruzzi,2.975
0,9,Nydegger,3.01
0,9,Grofman,3.01
0,9,Shubik,3.01
0,9,Stein & Rapoport: 0.05,2.975
0,9,GRIM,3.01
0,9,Davis: 10,3.01
0,9,Graaskamp: 0.05,3.34
0,9,Downing,1.125
0,9,"Feld: 1.0, 0.5, 200",1.65
0,9,Joss: 0.9,2.445
0,9,Tullock,1.365
0,9,Anonymous,3.07
0,9,Random: 0.5,2.76
0,10,Cu,3.01
0,10,Du,0.975
0,10,Tit For Tat,3.01
0,10,spiteful,3.01
0,10,soft_majo,3.01
0,10,hard_majo,2.99
0,10,per_cd,2.685
0,10,per_ccd,3.29
0,10,per_ddc,2.29
0,10,mistrust,2.99
0,10,WSLS,3.01
0,10,TFTT,3.01
0,10,hard_tft,3.01
0,10,slow_tft,3.01
0,10,GrdTFT,3.01
0,10,prober,3.005
0,10,mem2,3.01
0,10,grok:grok-3-mini,3.01
0,10,Tideman & Chieruzzi,2.975
0,10,Nydegger,3.01
0,10,Grofman,3.01
0,10,Shubik,3.01
0,10,Stein & Rapoport: 0.05,2.975
0,10,GRIM,3.01
0,10,Davis: 10,3.01
0,10,Graaskamp: 0.05,3.335
0,10,Downing,1.125
0,10,"Feld: 1.0, 0.5, 200",2.03
0,10,Joss: 0.9,1.485
0,10,Tullock,1.775
0,10,Anonymous,3.08
0,10,Random: 0.5,2.87
0,11,Cu,3.01
0,11,Du,0.975
0,11,Tit For Tat,3.01
0,11,spiteful,3.01
0,11,soft_majo,3.01
0,11,hard_majo,2.99
0,11,per_cd,2.685
0,11,per_ccd,3.29
0,11,per_ddc,2.29
0,11,mistrust,2.99
0,11,WSLS,3.01
0,11,TFTT,3.01
0,11,hard_tft,3.01
0,11,slow_tft,3.01
0,11,GrdTFT,3.01
0,11,prober,3.005
0,11,mem2,3.01
0,11,grok:grok-3-mini,3.01
0,11,Tideman & Chieruzzi,2.975
0,11,Nydegger,3.01
0,11,Grofman,3.01
0,11,Shubik,3.01
0,11,Stein & Rapoport: 0.05,2.975
0,11,GRIM,3.01
0,11,Davis: 10,3.01
0,11,Graaskamp: 0.05,3.48
0,11,Downing,1.125
0,11,"Feld: 1.0, 0.5, 200",1.565
0,11,Joss: 0.9,1.735
0,11,Tullock,1.605
0,11,Anonymous,2.885
0,11,Random: 0.5,2.38
0,12,Cu,3.01
0,12,Du,0.975
0,12,Tit For Tat,3.01
0,12,spiteful,3.01
0,12,soft_majo,3.01
0,12,hard_majo,2.99
0,12,per_cd,2.685
0,12,per_ccd,3.29
0,12,per_ddc,2.29
0,12,mistrust,2.99
0,12,WSLS,3.01
0,12,TFTT,3.01
0,12,hard_tft,3.01
0,12,slow_tft,3.01
0,12,GrdTFT,3.01
0,12,prober,3.005
0,12,mem2,3.01
0,12,grok:grok-3-mini,3.01
0,12,Tideman & Chieruzzi,2.975
0,12,Nydegger,3.01
0,12,Grofman,3.01
0,12,Shubik,3.01
0,12,Stein & Rapoport: 0.05,2.975
0,12,GRIM,3.01
0,12,Davis: 10,3.01
0,12,Graaskamp: 0.05,3.395
0,12,Downing,1.125
0,12,"Feld: 1.0, 0.5, 200",1.835
0,12,Joss: 0.9,1.415
0,12,Tullock,1.565
0,12,Anonymous,2.87
0,12,Random: 0.5,3.095
0,13,Cu,3.01
0,13,Du,0.975
0,13,Tit For Tat,3.01
0,13,spiteful,3.01
0,13,soft_majo,3.01
0,13,hard_majo,2.99
0,13,per_cd,2.685
0,13,per_ccd,3.29
0,13,per_ddc,2.29
0,13,mistrust,2.99
0,13,WSLS,3.01
0,13,TFTT,3.01
0,13,hard_tft,3.01
0,13,slow_tft,3.01
0,13,GrdTFT,3.01
0,13,prober,3.005
0,13,mem2,3.01
0,13,grok:grok-3-mini,3.01
0,13,Tideman & Chieruzzi,2.975
0,13,Nydegger,3.01
0,13,Grofman,3.01
0,13,Shubik,3.01
0,13,Stein & Rapoport: 0.05,2.975
0,13,GRIM,3.01
0,13,Davis: 10,3.01
0,13,Graaskamp: 0.05,3.425
0,13,Downing,1.125
0,13,"Feld: 1.0, 0.5, 200",1.645
0,13,Joss: 0.9,2.2
0,13,Tullock,1.37
0,13,Anonymous,2.685
0,13,Random: 0.5,2.905
0,14,Cu,3.01
0,14,Du,0.975
0,14,Tit For Tat,3.01
0,14,spiteful,3.01
0,14,soft_majo,3.01
0,14,hard_majo,2.99
0,14,per_cd,2.685
0,14,per_ccd,3.29
0,14,per_ddc,2.29
0,14,mistrust,2.99
0,14,WSLS,3.01
0,14,TFTT,3.01
0,14,hard_tft,3.01
0,14,slow_tft,3.01
0,14,GrdTFT,3.01
0,14,prober,3.005
0,14,mem2,3.01
0,14,grok:grok-3-mini,3.01
0,14,Tideman & Chieruzzi,2.975
0,14,Nydegger,3.01
0,14,Grofman,3.01
0,14,Shubik,3.01
0,14,Stein & Rapoport: 0.05,2.975
0,14,GRIM,3.01
0,14,Davis: 10,3.01
0,14,Graaskamp: 0.05,3.475
0,14,Downing,1.125
0,14,"Feld: 1.0, 0.5, 200",1.845
0,14,Joss: 0.9,2.225
0,14,Tullock,1.335
0,14,Anonymous,2.76
0,14,Random: 0.5,2.785
0,15,Cu,3.01
0,15,Du,0.975
0,15,Tit For Tat,3.01
0,15,spiteful,3.01
0,15,soft_majo,3.01
0,15,hard_majo,2.99
0,15,per_cd,2.685
0,15,per_ccd,3.29
0,15,per_ddc,2.29
0,15,mistrust,2.99
0,15,WSLS,3.01
0,15,TFTT,3.01
0,15,hard_tft,3.01
0,15,slow_tft,3.01
0,15,GrdTFT,3.01
0,15,prober,3.005
0,15,mem2,3.01
0,15,grok:grok-3-mini,3.01
0,15,Tideman & Chieruzzi,2.975
0,15,Nydegger,3.01
0,15,Grofman,3.01
0,15,Shubik,3.01
0,15,Stein & Rapoport: 0.05,2.975
0,15,GRIM,3.01
0,15,Davis: 10,3.01
0,15,Graaskamp: 0.05,3.435
0,15,Downing,1.125
0,15,"Feld: 1.0, 0.5, 200",1.705
0,15,Joss: 0.9,2.22
0,15,Tullock,1.31
0,15,Anonymous,2.86
0,15,Random: 0.5,2.66
0,16,Cu,3.01
0,16,Du,0.975
0,16,Tit For Tat,3.01
0,16,spiteful,3.01
0,16,soft_majo,3.01
0,16,hard_majo,2.99
0,16,per_cd,2.685
0,16,per_ccd,3.29
0,16,per_ddc,2.29
0,16,mistrust,2.99
0,16,WSLS,3.01
0,16,TFTT,3.01
0,16,hard_tft,3.01
0,16,slow_tft,3.01
0,16,GrdTFT,3.01
0,16,prober,3.005
0,16,mem2,3.01
0,16,grok:grok-3-mini,3.01
0,16,Tideman & Chieruzzi,2.975
0,16,Nydegger,3.01
0,16,Grofman,3.01
0,16,Shubik,3.01
0,16,Stein & Rapoport: 0.05,2.975
0,16,GRIM,3.01
0,16,Davis: 10,3.01
0,16,Graaskamp: 0.05,3.41
0,16,Downing,1.125
0,16,"Feld: 1.0, 0.5, 200",1.935
0,16,Joss: 0.9,1.675
0,16,Tullock,1.33
0,16,Anonymous,3.105
0,16,Random: 0.5,2.985
0,17,Cu,3.01
0,17,Du,0.975
0,17,Tit For Tat,3.01
0,17,spiteful,3.01
0,17,soft_majo,3.01
0,17,hard_majo,2.99
0,17,per_cd,2.685
0,17,per_ccd,3.29
0,17,per_ddc,2.29
0,17,mistrust,2.99
0,17,WSLS,3.01
0,17,TFTT,3.01
0,17,hard_tft,3.01
0,17,slow_tft,3.01
0,17,GrdTFT,3.01
0,17,prober,3.005
0,17,mem2,3.01
0,17,grok:grok-3-mini,3.01
0,17,Tideman & Chieruzzi,2.975
0,17,Nydegger,3.01
0,17,Grofman,3.01
0,17,Shubik,3.01
0,17,Stein & Rapoport: 0.05,2.975
0,17,GRIM,3.01
0,17,Davis: 10,3.01
0,17,Graaskamp: 0.05,3.405
0,17,Downing,1.125
0,17,"Feld: 1.0, 0.5, 200",1.9
0,17,Joss: 0.9,2.175
0,17,Tullock,1.435
0,17,Anonymous,2.815
0,17,Random: 0.5,3.075
0,18,Cu,3.01
0,18,Du,0.975
0,18,Tit For Tat,3.01
0,18,spiteful,3.01
0,18,soft_majo,3.01
0,18,hard_majo,2.99
0,18,per_cd,2.685
0,18,per_ccd,3.29
0,18,per_ddc,2.29
0,18,mistrust,2.99
0,18,WSLS,3.01
0,18,TFTT,3.01
0,18,hard_tft,3.01
0,18,slow_tft,3.01
0,18,GrdTFT,3.01
0,18,prober,3.005
0,18,mem2,3.01
0,18,grok:grok-3-mini,3.01
0,18,Tideman & Chieruzzi,2.975
0,18,Nydegger,3.01
0,18,Grofman,3.01
0,18,Shubik,3.01
0,18,Stein & Rapoport: 0.05,2.975
0,18,GRIM,3.01
0,18,Davis: 10,3.01
0,18,Graaskamp: 0.05,3.435
0,18,Downing,1.125
0,18,"Feld: 1.0, 0.5, 200",1.585
0,18,Joss: 0.9,2.24
0,18,Tullock,1.65
0,18,Anonymous,2.975
0,18,Random: 0.5,2.83
0,19,Cu,3.01
0,19,Du,0.975
0,19,Tit For Tat,3.01
0,19,spiteful,3.01
0,19,soft_majo,3.01
0,19,hard_majo,2.99
0,19,per_cd,2.685
0,19,per_ccd,3.29
0,19,per_ddc,2.29
0,19,mistrust,2.99
0,19,WSLS,3.01
0,19,TFTT,3.01
0,19,hard_tft,3.01
0,19,slow_tft,3.01
0,19,GrdTFT,3.01
0,19,prober,3.005
0,19,mem2,3.01
0,19,grok:grok-3-mini,3.01
0,19,Tideman & Chieruzzi,2.975
0,19,Nydegger,3.01
0,19,Grofman,3.01
0,19,Shubik,3.01
0,19,Stein & Rapoport: 0.05,2.975
0,19,GRIM,3.01
0,19,Davis: 10,3.01
0,19,Graaskamp: 0.05,3.54
0,19,Downing,1.125
0,19,"Feld: 1.0, 0.5, 200",1.705
0,19,Joss: 0.9,2.215
0,19,Tullock,1.24
0,19,Anonymous,2.655
0,19,Random: 0.5,2.78
1,0,Cu,3.01
1,0,Du,0.975
1,0,Tit For Tat,3.01
1,0,spiteful,3.01
1,0,soft_majo,3.01
1,0,hard_majo,2.99
1,0,per_cd,2.685
1,0,per_ccd,3.29
1,0,per_ddc,2.29
1,0,mistrust,2.99
1,0,WSLS,3.01
1,0,TFTT,3.01
1,0,hard_tft,3.01
1,0,slow_tft,3.01
1,0,GrdTFT,3.01
1,0,prober,3.005
1,0,mem2,3.01
1,0,grok:grok-3-mini,3.01
1,0,Tideman & Chieruzzi,2.975
1,0,Nydegger,3.01
1,0,Grofman,3.01
1,0,Shubik,3.01
1,0,Stein & Rapoport: 0.05,2.975
1,0,GRIM,3.01
1,0,Davis: 10,3.01
1,0,Graaskamp: 0.05,3.42
1,0,Downing,1.125
1,0,"Feld: 1.0, 0.5, 200",1.9
1,0,Joss: 0.9,1.275
1,0,Tullock,1.685
1,0,Anonymous,3.035
1,0,Random: 0.5,2.83
1,1,Cu,3.01
1,1,Du,0.975
1,1,Tit For Tat,3.01
1,1,spiteful,3.01
1,1,soft_majo,3.01
1,1,hard_majo,2.99
1,1,per_cd,2.685
1,1,per_ccd,3.29
1,1,per_ddc,2.29
1,1,mistrust,2.99
1,1,WSLS,3.01
1,1,TFTT,3.01
1,1,hard_tft,3.01
1,1,slow_tft,3.01
1,1,GrdTFT,3.01
1,1,prober,3.005
1,1,mem2,3.01
1,1,grok:grok-3-mini,3.01
1,1,Tideman & Chieruzzi,2.975
1,1,Nydegger,3.01
1,1,Grofman,3.01
1,1,Shubik,3.01
1,1,Stein & Rapoport: 0.05,2.975
1,1,GRIM,3.01
1,1,Davis: 10,3.01
1,1,Graaskamp: 0.05,3.43
1,1,Downing,1.125
1,1,"Feld: 1.0, 0.5, 200",1.945
1,1,Joss: 0.9,1.805
1,1,Tullock,1.71
1,1,Anonymous,2.725
1,1,Random: 0.5,3.065
1,2,Cu,3.01
1,2,Du,0.975
1,2,Tit For Tat,3.01
1,2,spiteful,3.01
1,2,soft_majo,3.01
1,2,hard_majo,2.99
1,2,per_cd,2.685
1,2,per_ccd,3.29
1,2,per_ddc,2.29
1,2,mistrust,2.99
1,2,WSLS,3.01
1,2,TFTT,3.01
1,2,hard_tft,3.01
1,2,slow_tft,3.01
1,2,GrdTFT,3.01
1,2,prober,3.005
1,2,mem2,3.01
1,2,grok:grok-3-mini,3.01
1,2,Tideman & Chieruzzi,2.975
1,2,Nydegger,3.01
1,2,Grofman,3.01
1,2,Shubik,3.01
1,2,Stein & Rapoport: 0.05,2.975
1,2,GRIM,3.01
1,2,Davis: 10,3.01
1,2,Graaskamp: 0.05,3.535
1,2,Downing,1.125
1,2,"Feld: 1.0, 0.5, 200",1.805
1,2,Joss: 0.9,2.34
1,2,Tullock,1.195
1,2,Anonymous,3.045
1,2,Random: 0.5,3.245
1,3,Cu,3.01
1,3,Du,0.975
1,3,Tit For Tat,3.01
1,3,spiteful,3.01
1,3,soft_majo,3.01
1,3,hard_majo,2.99
1,3,per_cd,2.685
1,3,per_ccd,3.29
1,3,per_ddc,2.29
1,3,mistrust,2.99
1,3,WSLS,3.01
1,3,TFTT,3.01
1,3,hard_tft,3.01
1,3,slow_tft,3.01
1,3,GrdTFT,3.01
1,3,prober,3.005
1,3,mem2,3.01
1,3,grok:grok-3-mini,3.01
1,3,Tideman & Chieruzzi,2.975
1,3,Nydegger,3.01
1,3,Grofman,3.01
1,3,Shubik,3.01
1,3,Stein & Rapoport: 0.05,2.975
1,3,GRIM,3.01
1,3,Davis: 10,3.01
1,3,Graaskamp: 0.05,3.435
1,3,Downing,1.125
1,3,"Feld: 1.0, 0.5, 200",1.835
1,3,Joss: 0.9,2.435
1,3,Tullock,1.455
1,3,Anonymous,3.145
1,3,Random: 0.5,2.75
1,4,Cu,3.01
1,4,Du,0.975
1,4,Tit For Tat,3.01
1,4,spiteful,3.01
1,4,soft_majo,3.01
1,4,hard_majo,2.99
1,4,per_cd,2.685
1,4,per_ccd,3.29
1,4,per_ddc,2.29
1,4,mistrust,2.99
1,4,WSLS,3.01
1,4,TFTT,3.01
1,4,hard_tft,3.01
1,4,slow_tft,3.01
1,4,GrdTFT,3.01
1,4,prober,3.005
1,4,mem2,3.01
1,4,grok:grok-3-mini,3.01
1,4,Tideman & Chieruzzi,2.975
1,4,Nydegger,3.01
1,4,Grofman,3.01
1,4,Shubik,3.01
1,4,Stein & Rapoport: 0.05,2.975
1,4,GRIM,3.01
1,4,Davis: 10,3.01
1,4,Graaskamp: 0.05,3.445
1,4,Downing,1.125
1,4,"Feld: 1.0, 0.5, 200",1.695
1,4,Joss: 0.9,2.195
1,4,Tullock,1.67
1,4,Anonymous,3.045
1,4,Random: 0.5,2.75
1,5,Cu,3.01
1,5,Du,0.975
1,5,Tit For Tat,3.01
1,5,spiteful,3.01
1,5,soft_majo,3.01
1,5,hard_majo,2.99
1,5,per_cd,2.685
1,5,per_ccd,3.29
1,5,per_ddc,2.29
1,5,mistrust,2.99
1,5,WSLS,3.01
1,5,TFTT,3.01
1,5,hard_tft,3.01
1,5,slow_tft,3.01
1,5,GrdTFT,3.01
1,5,prober,3.005
1,5,mem2,3.01
1,5,grok:grok-3-mini,3.01
1,5,Tideman & Chieruzzi,2.975
1,5,Nydegger,3.01
1,5,Grofman,3.01
1,5,Shubik,3.01
1,5,Stein & Rapoport: 0.05,2.975
1,5,GRIM,3.01
1,5,Davis: 10,3.01
1,5,Graaskamp: 0.05,3.42
1,5,Downing,1.125
1,5,"Feld: 1.0, 0.5, 200",1.715
1,5,Joss: 0.9,2.085
1,5,Tullock,1.46
1,5,Anonymous,2.905
1,5,Random: 0.5,2.685
1,6,Cu,3.01
1,6,Du,0.975
1,6,Tit For Tat,3.01
1,6,spiteful,3.01
1,6,soft_majo,3.01
1,6,hard_majo,2.99
1,6,per_cd,2.685
1,6,per_ccd,3.29
1,6,per_ddc,2.29
1,6,mistrust,2.99
1,6,WSLS,3.01
1,6,TFTT,3.01
1,6,hard_tft,3.01
1,6,slow_tft,3.01
1,6,GrdTFT,3.01
1,6,prober,3.005
1,6,mem2,3.01
1,6,grok:grok-3-mini,3.01
1,6,Tideman & Chieruzzi,2.975
1,6,Nydegger,3.01
1,6,Grofman,3.01
1,6,Shubik,3.01
1,6,Stein & Rapoport: 0.05,2.975
1,6,GRIM,3.01
1,6,Davis: 10,3.01
1,6,Graaskamp: 0.05,3.485
1,6,Downing,1.125
1,6,"Feld: 1.0, 0.5, 200",1.855
1,6,Joss: 0.9,2.265
1,6,Tullock,1.43
1,6,Anonymous,3.135
1,6,Random: 0.5,3.105
1,7,Cu,3.01
1,7,Du,0.975
1,7,Tit For Tat,3.01
1,7,spiteful,3.01
1,7,soft_majo,3.01
1,7,hard_majo,2.99
1,7,per_cd,2.685
1,7,per_ccd,3.29
1,7,per_ddc,2.29
1,7,mistrust,2.99
1,7,WSLS,3.01
1,7,TFTT,3.01
1,7,hard_tft,3.01
1,7,slow_tft,3.01
1,7,GrdTFT,3.01
1,7,prober,3.005
1,7,mem2,3.01
1,7,grok:grok-3-mini,3.01
1,7,Tideman & Chieruzzi,2.975
1,7,Nydegger,3.01
1,7,Grofman,3.01
1,7,Shubik,3.01
1,7,Stein & Rapoport: 0.05,2.975
1,7,GRIM,3.01
1,7,Davis: 10,3.01
1,7,Graaskamp: 0.05,3.545
1,7,Downing,1.125
1,7,"Feld: 1.0, 0.5, 200",1.655
1,7,Joss: 0.9,1.835
1,7,Tullock,1.575
1,7,Anonymous,2.775
1,7,Random: 0.5,2.565
1,8,Cu,3.01
1,8,Du,0.975
1,8,Tit For Tat,3.01
1,8,spiteful,3.01
1,8,soft_majo,3.01
1,8,hard_majo,2.99
1,8,per_cd,2.685
1,8,per_ccd,3.29
1,8,per_ddc,2.29
1,8,mistrust,2.99
1,8,WSLS,3.01
1,8,TFTT,3.01
1,8,hard_tft,3.01
1,8,slow_tft,3.01
1,8,GrdTFT,3.01
1,8,prober,3.005
1,8,mem2,3.01
1,8,grok:grok-3-mini,3.01
1,8,Tideman & Chieruzzi,2.975
1,8,Nydegger,3.01
1,8,Grofman,3.01
1,8,Shubik,3.01
1,8,Stein & Rapoport: 0.05,2.975
1,8,GRIM,3.01
1,8,Davis: 10,3.01
1,8,Graaskamp: 0.05,3.5
1,8,Downing,1.125
1,8,"Feld: 1.0, 0.5, 200",1.805
1,8,Joss: 0.9,1.245
1,8,Tullock,1.41
1,8,Anonymous,2.915
1,8,Random: 0.5,2.905
1,9,Cu,3.01
1,9,Du,0.975
1,9,Tit For Tat,3.01
1,9,spiteful,3.01
1,9,soft_majo,3.01
1,9,hard_majo,2.99
1,9,per_cd,2.685
1,9,per_ccd,3.29
1,9,per_ddc,2.29
1,9,mistrust,2.99
1,9,WSLS,3.01
1,9,TFTT,3.01
1,9,hard_tft,3.01
1,9,slow_tft,3.01
1,9,GrdTFT,3.01
1,9,prober,3.005
1,9,mem2,3.01
1,9,grok:grok-3-mini,3.01
1,9,Tideman & Chieruzzi,2.975
1,9,Nydegger,3.01
1,9,Grofman,3.01
1,9,Shubik,3.01
1,9,Stein & Rapoport: 0.05,2.975
1,9,GRIM,3.01
1,9,Davis: 10,3.01
1,9,Graaskamp: 0.05,3.495
1,9,Downing,1.125
1,9,"Feld: 1.0, 0.5, 200",1.715
1,9,Joss: 0.9,2.405
1,9,Tullock,1.395
1,9,Anonymous,2.52
1,9,Random: 0.5,3.03
1,10,Cu,3.01
1,10,Du,0.975
1,10,Tit For Tat,3.01
1,10,spiteful,3.01
1,10,soft_majo,3.01
1,10,hard_majo,2.99
1,10,per_cd,2.685
1,10,per_ccd,3.29
1,10,per_ddc,2.29
1,10,mistrust,2.99
1,10,WSLS,3.01
1,10,TFTT,3.01
1,10,hard_tft,3.01
1,10,slow_tft,3.01
1,10,GrdTFT,3.01
1,10,prober,3.005
1,10,mem2,3.01
1,10,grok:grok-3-mini,3.01
1,10,Tideman & Chieruzzi,2.975
1,10,Nydegger,3.01
1,10,Grofman,3.01
1,10,Shubik,3.01
1,10,Stein & Rapoport: 0.05,2.975
1,10,GRIM,3.01
1,10,Davis: 10,3.01
1,10,Graaskamp: 0.05,3.32
1,10,Downing,1.125
1,10,"Feld: 1.0, 0.5, 200",1.915
1,10,Joss: 0.9,1.615
1,10,Tullock,2.105
1,10,Anonymous,2.64
1,10,Random: 0.5,2.83
1,11,Cu,3.01
1,11,Du,0.975
1,11,Tit For Tat,3.01
1,11,spiteful,3.01
1,11,soft_majo,3.01
1,11,hard_majo,2.99
1,11,per_cd,2.685
1,11,per_ccd,3.29
1,11,per_ddc,2.29
1,11,mistrust,2.99
1,11,WSLS,3.01
1,11,TFTT,3.01
1,11,hard_tft,3.01
1,11,slow_tft,3.01
1,11,GrdTFT,3.01
1,11,prober,3.005
1,11,mem2,3.01
1,11,grok:grok-3-mini,3.01
1,11,Tideman & Chieruzzi,2.975
1,11,Nydegger,3.01
1,11,Grofman,3.01
1,11,Shubik,3.01
1,11,Stein & Rapoport: 0.05,2.975
1,11,GRIM,3.01
1,11,Davis: 10,3.01
1,11,Graaskamp: 0.05,3.445
1,11,Downing,1.125
1,11,"Feld: 1.0, 0.5, 200",2.05
1,11,Joss: 0.9,1.325
1,11,Tullock,1.41
1,11,Anonymous,2.72
1,11,Random: 0.5,2.695
1,12,Cu,3.01
1,12,Du,0.975
1,12,Tit For Tat,3.01
1,12,spiteful,3.01
1,12,soft_majo,3.01
1,12,hard_majo,2.99
1,12,per_cd,2.685
1,12,per_ccd,3.29
1,12,per_ddc,2.29
1,12,mistrust,2.99
1,12,WSLS,3.01
1,12,TFTT,3.01
1,12,hard_tft,3.01
1,12,slow_tft,3.01
1,12,GrdTFT,3.01
1,12,prober,3.005
1,12,mem2,3.01
1,12,grok:grok-3-mini,3.01
1,12,Tideman & Chieruzzi,2.975
1,12,Nydegger,3.01
1,12,Grofman,3.01
1,12,Shubik,3.01
1,12,Stein & Rapoport: 0.05,2.975
1,12,GRIM,3.01
1,12,Davis: 10,3.01
1,12,Graaskamp: 0.05,3.37
1,12,Downing,1.125
1,12,"Feld: 1.0, 0.5, 200",1.815
1,12,Joss: 0.9,2.415
1,12,Tullock,1.545
1,12,Anonymous,2.78
1,12,Random: 0.5,3.25
1,13,Cu,3.01
1,13,Du,0.975
1,13,Tit For Tat,3.01
1,13,spiteful,3.01
1,13,soft_majo,3.01
1,13,hard_majo,2.99
1,13,per_cd,2.685
1,13,per_ccd,3.29
1,13,per_ddc,2.29
1,13,mistrust,2.99
1,13,WSLS,3.01
1,13,TFTT,3.01
1,13,hard_tft,3.01
1,13,slow_tft,3.01
1,13,GrdTFT,3.01
1,13,prober,3.005
1,13,mem2,3.01
1,13,grok:grok-3-mini,3.01
1,13,Tideman & Chieruzzi,2.975
1,13,Nydegger,3.01
1,13,Grofman,3.01
1,13,Shubik,3.01
1,13,Stein & Rapoport: 0.05,2.975
1,13,GRIM,3.01
1,13,Davis: 10,3.01
1,13,Graaskamp: 0.05,3.4
1,13,Downing,1.125
1,13,"Feld: 1.0, 0.5, 200",2.015
1,13,Joss: 0.9,2.005
1,13,Tullock,1.325
1,13,Anonymous,2.74
1,13,Random: 0.5,2.81
1,14,Cu,3.01
1,14,Du,0.975
1,14,Tit For Tat,3.01
1,14,spiteful,3.01
1,14,soft_majo,3.01
1,14,hard_majo,2.99
1,14,per_cd,2.685
1,14,per_ccd,3.29
1,14,per_ddc,2.29
1,14,mistrust,2.99
1,14,WSLS,3.01
1,14,TFTT,3.01
1,14,hard_tft,3.01
1,14,slow_tft,3.01
1,14,GrdTFT,3.01
1,14,prober,3.005
1,14,mem2,3.01
1,14,grok:grok-3-mini,3.01
1,14,Tideman & Chieruzzi,2.975
1,14,Nydegger,3.01
1,14,Grofman,3.01
1,14,Shubik,3.01
1,14,Stein & Rapoport: 0.05,2.975
1,14,GRIM,3.01
1,14,Davis: 10,3.01
1,14,Graaskamp: 0.05,3.455
1,14,Downing,1.125
1,14,"Feld: 1.0, 0.5, 200",1.845
1,14,Joss: 0.9,2.43
1,14,Tullock,1.45
1,14,Anonymous,2.65
1,14,Random: 0.5,2.87
1,15,Cu,3.01
1,15,Du,0.975
1,15,Tit For Tat,3.01
1,15,spiteful,3.01
1,15,soft_majo,3.01
1,15,hard_majo,2.99
1,15,per_cd,2.685
1,15,per_ccd,3.29
1,15,per_ddc,2.29
1,15,mistrust,2.99
1,15,WSLS,3.01
1,15,TFTT,3.01
1,15,hard_tft,3.01
1,15,slow_tft,3.01
1,15,GrdTFT,3.01
1,15,prober,3.005
1,15,mem2,3.01
1,15,grok:grok-3-mini,3.01
1,15,Tideman & Chieruzzi,2.975
1,15,Nydegger,3.01
1,15,Grofman,3.01
1,15,Shubik,3.01
1,15,Stein & Rapoport: 0.05,2.975
1,15,GRIM,3.01
1,15,Davis: 10,3.01
1,15,Graaskamp: 0.05,3.43
1,15,Downing,1.125
1,15,"Feld: 1.0, 0.5, 200",2.065
1,15,Joss: 0.9,1.88
1,15,Tullock,1.76
1,15,Anonymous,2.965
1,15,Random: 0.5,2.685
1,16,Cu,3.01
1,16,Du,0.975
1,16,Tit For Tat,3.01
1,16,spiteful,3.01
1,16,soft_majo,3.01
1,16,hard_majo,2.99
1,16,per_cd,2.685
1,16,per_ccd,3.29
1,16,per_ddc,2.29
1,16,mistrust,2.99
1,16,WSLS,3.01
1,16,TFTT,3.01
1,16,hard_tft,3.01
1,16,slow_tft,3.01
1,16,GrdTFT,3.01
1,16,prober,3.005
1,16,mem2,3.01
1,16,grok:grok-3-mini,3.01
1,16,Tideman & Chieruzzi,2.975
1,16,Nydegger,3.01
1,16,Grofman,3.01
1,16,Shubik,3.01
1,16,Stein & Rapoport: 0.05,2.975
1,16,GRIM,3.01
1,16,Davis: 10,3.01
1,16,Graaskamp: 0.05,3.35
1,16,Downing,1.125
1,16,"Feld: 1.0, 0.5, 200",1.625
1,16,Joss: 0.9,1.955
1,16,Tullock,1.375
1,16,Anonymous,3.145
1,16,Random: 0.5,3.085
1,17,Cu,3.01
1,17,Du,0.975
1,17,Tit For Tat,3.01
1,17,spiteful,3.01
1,17,soft_majo,3.01
1,17,hard_majo,2.99
1,17,per_cd,2.685
1,17,per_ccd,3.29
1,17,per_ddc,2.29
1,17,mistrust,2.99
1,17,WSLS,3.01
1,17,TFTT,3.01
1,17,hard_tft,3.01
1,17,slow_tft,3.01
1,17,GrdTFT,3.01
1,17,prober,3.005
1,17,mem2,3.01
1,17,grok:grok-3-mini,3.01
1,17,Tideman & Chieruzzi,2.975
1,17,Nydegger,3.01
1,17,Grofman,3.01
1,17,Shubik,3.01
1,17,Stein & Rapoport: 0.05,2.975
1,17,GRIM,3.01
1,17,Davis: 10,3.01
1,17,Graaskamp: 0.05,3.335
1,17,Downing,1.125
1,17,"Feld: 1.0, 0.5, 200",1.695
1,17,Joss: 0.9,2.085
1,17,Tullock,1.805
1,17,Anonymous,2.825
1,17,Random: 0.5,3.01
1,18,Cu,3.01
1,18,Du,0.975
1,18,Tit For Tat,3.01
1,18,spiteful,3.01
1,18,soft_majo,3.01
1,18,hard_majo,2.99
1,18,per_cd,2.685
1,18,per_ccd,3.29
1,18,per_ddc,2.29
1,18,mistrust,2.99
1,18,WSLS,3.01
1,18,TFTT,3.01
1,18,hard_tft,3.01
1,18,slow_tft,3.01
1,18,GrdTFT,3.01
1,18,prober,3.005
1,18,mem2,3.01
1,18,grok:grok-3-mini,3.01
1,18,Tideman & Chieruzzi,2.975
1,18,Nydegger,3.01
1,18,Grofman,3.01
1,18,Shubik,3.01
1,18,Stein & Rapoport: 0.05,2.975
1,18,GRIM,3.01
1,18,Davis: 10,3.01
1,18,Graaskamp: 0.05,3.355
1,18,Downing,1.125
1,18,"Feld: 1.0, 0.5, 200",1.955
1,18,Joss: 0.9,2.155
1,18,Tullock,1.72
1,18,Anonymous,2.77
1,18,Random: 0.5,3.005
1,19,Cu,3.01
1,19,Du,0.975
1,19,Tit For Tat,3.01
1,19,spiteful,3.01
1,19,soft_majo,3.01
1,19,hard_majo,2.99
1,19,per_cd,2.685
1,19,per_ccd,3.29
1,19,per_ddc,2.29
1,19,mistrust,2.99
1,19,WSLS,3.01
1,19,TFTT,3.01
1,19,hard_tft,3.01
1,19,slow_tft,3.01
1,19,GrdTFT,3.01
1,19,prober,3.005
1,19,mem2,3.01
1,19,grok:grok-3-mini,3.01
1,19,Tideman & Chieruzzi,2.975
1,19,Nydegger,3.01
1,19,Grofman,3.01
1,19,Shubik,3.01
1,19,Stein & Rapoport: 0.05,2.975
1,19,GRIM,3.01
1,19,Davis: 10,3.01
1,19,Graaskamp: 0.05,3.35
1,19,Downing,1.125
1,19,"Feld: 1.0, 0.5, 200",1.945
1,19,Joss: 0.9,2.47
1,19,Tullock,1.565
1,19,Anonymous,2.85
1,19,Random: 0.5,2.81
2,0,Cu,3.01
2,0,Du,0.975
2,0,Tit For Tat,3.01
2,0,spiteful,3.01
2,0,soft_majo,3.01
2,0,hard_majo,2.99
2,0,per_cd,2.685
2,0,per_ccd,3.29
2,0,per_ddc,2.29
2,0,mistrust,2.99
2,0,WSLS,3.01
2,0,TFTT,3.01
2,0,hard_tft,3.01
2,0,slow_tft,3.01
2,0,GrdTFT,3.01
2,0,prober,3.005
2,0,mem2,3.01
2,0,grok:grok-3-mini,3.01
2,0,Tideman & Chieruzzi,2.975
2,0,Nydegger,3.01
2,0,Grofman,3.01
2,0,Shubik,3.01
2,0,Stein & Rapoport: 0.05,2.975
2,0,GRIM,3.01
2,0,Davis: 10,3.01
2,0,Graaskamp: 0.05,3.39
2,0,Downing,1.125
2,0,"Feld: 1.0, 0.5, 200",1.725
2,0,Joss: 0.9,2.175
2,0,Tullock,1.645
2,0,Anonymous,2.785
2,0,Random: 0.5,2.56
2,1,Cu,3.01
2,1,Du,0.975
2,1,Tit For Tat,3.01
2,1,spiteful,3.01
2,1,soft_majo,3.01
2,1,hard_majo,2.99
2,1,per_cd,2.685
2,1,per_ccd,3.29
2,1,per_ddc,2.29
2,1,mistrust,2.99
2,1,WSLS,3.01
2,1,TFTT,3.01
2,1,hard_tft,3.01
2,1,slow_tft,3.01
2,1,GrdTFT,3.01
2,1,prober,3.005
2,1,mem2,3.01
2,1,grok:grok-3-mini,3.01
2,1,Tideman & Chieruzzi,2.975
2,1,Nydegger,3.01
2,1,Grofman,3.01
2,1,Shubik,3.01
2,1,Stein & Rapoport: 0.05,2.975
2,1,GRIM,3.01
2,1,Davis: 10,3.01
2,1,Graaskamp: 0.05,3.395
2,1,Downing,1.125
2,1,"Feld: 1.0, 0.5, 200",1.785
2,1,Joss: 0.9,2.185
2,1,Tullock,1.495
2,1,Anonymous,3.385
2,1,Random: 0.5,2.895
2,2,Cu,3.01
2,2,Du,0.975
2,2,Tit For Tat,3.01
2,2,spiteful,3.01
2,2,soft_majo,3.01
2,2,hard_majo,2.99
2,2,per_cd,2.685
2,2,per_ccd,3.29
2,2,per_ddc,2.29
2,2,mistrust,2.99
2,2,WSLS,3.01
2,2,TFTT,3.01
2,2,hard_tft,3.01
2,2,slow_tft,3.01
2,2,GrdTFT,3.01
2,2,prober,3.005
2,2,mem2,3.01
2,2,grok:grok-3-mini,3.01
2,2,Tideman & Chieruzzi,2.975
2,2,Nydegger,3.01
2,2,Grofman,3.01
2,2,Shubik,3.01
2,2,Stein & Rapoport: 0.05,2.975
2,2,GRIM,3.01
2,2,Davis: 10,3.01
2,2,Graaskamp: 0.05,3.415
2,2,Downing,1.125
2,2,"Feld: 1.0, 0.5, 200",1.845
2,2,Joss: 0.9,1.305
2,2,Tullock,2.005
2,2,Anonymous,2.58
2,2,Random: 0.5,2.985
2,3,Cu,3.01
2,3,Du,0.975
2,3,Tit For Tat,3.01
2,3,spiteful,3.01
2,3,soft_majo,3.01
2,3,hard_majo,2.99
2,3,per_cd,2.685
2,3,per_ccd,3.29
2,3,per_ddc,2.29
2,3,mistrust,2.99
2,3,WSLS,3.01
2,3,TFTT,3.01
2,3,hard_tft,3.01
2,3,slow_tft,3.01
2,3,GrdTFT,3.01
2,3,prober,3.005
2,3,mem2,3.01
2,3,grok:grok-3-mini,3.01
2,3,Tideman & Chieruzzi,2.975
2,3,Nydegger,3.01
2,3,Grofman,3.01
2,3,Shubik,3.01
2,3,Stein & Rapoport: 0.05,2.975
2,3,GRIM,3.01
2,3,Davis: 10,3.01
2,3,Graaskamp: 0.05,3.555
2,3,Downing,1.125
2,3,"Feld: 1.0, 0.5, 200",1.675
2,3,Joss: 0.9,2.47
2,3,Tullock,1.285
2,3,Anonymous,2.755
2,3,Random: 0.5,2.72
2,4,Cu,3.01
2,4,Du,0.975
2,4,Tit For Tat,3.01
2,4,spiteful,3.01
2,4,soft_majo,3.01
2,4,hard_majo,2.99
2,4,per_cd,2.685
2,4,per_ccd,3.29
2,4,per_ddc,2.29
2,4,mistrust,2.99
2,4,WSLS,3.01
2,4,TFTT,3.01
2,4,hard_tft,3.01
2,4,slow_tft,3.01
2,4,GrdTFT,3.01
2,4,prober,3.005
2,4,mem2,3.01
2,4,grok:grok-3-mini,3.01
2,4,Tideman & Chieruzzi,2.975
2,4,Nydegger,3.01
2,4,Grofman,3.01
2,4,Shubik,3.01
2,4,Stein & Rapoport: 0.05,2.975
2,4,GRIM,3.01
2,4,Davis: 10,3.01
2,4,Graaskamp: 0.05,3.43
2,4,Downing,1.125
2,4,"Feld: 1.0, 0.5, 200",1.805
2,4,Joss: 0.9,1.35
2,4,Tullock,1.46
2,4,Anonymous,3.195
2,4,Random: 0.5,2.71
2,5,Cu,3.01
2,5,Du,0.975
2,5,Tit For Tat,3.01
2,5,spiteful,3.01
2,5,soft_majo,3.01
2,5,hard_majo,2.99
2,5,per_cd,2.685
2,5,per_ccd,3.29
2,5,per_ddc,2.29
2,5,mistrust,2.99
2,5,WSLS,3.01
2,5,TFTT,3.01
2,5,hard_tft,3.01
2,5,slow_tft,3.01
2,5,GrdTFT,3.01
2,5,prober,3.005
2,5,mem2,3.01
2,5,grok:grok-3-mini,3.01
2,5,Tideman & Chieruzzi,2.975
2,5,Nydegger,3.01
2,5,Grofman,3.01
2,5,Shubik,3.01
2,5,Stein & Rapoport: 0.05,2.975
2,5,GRIM,3.01
2,5,Davis: 10,3.01
2,5,Graaskamp: 0.05,3.38
2,5,Downing,1.125
2,5,"Feld: 1.0, 0.5, 200",2.01
2,5,Joss: 0.9,2.215
2,5,Tullock,1.605
2,5,Anonymous,2.91
2,5,Random: 0.5,2.94
2,6,Cu,3.01
2,6,Du,0.975
2,6,Tit For Tat,3.01
2,6,spiteful,3.01
2,6,soft_majo,3.01
2,6,hard_majo,2.99
2,6,per_cd,2.685
2,6,per_ccd,3.29
2,6,per_ddc,2.29
2,6,mistrust,2.99
2,6,WSLS,3.01
2,6,TFTT,3.01
2,6,hard_tft,3.01
2,6,slow_tft,3.01
2,6,GrdTFT,3.01
2,6,prober,3.005
2,6,mem2,3.01
2,6,grok:grok-3-mini,3.01
2,6,Tideman & Chieruzzi,2.975
2,6,Nydegger,3.01
2,6,Grofman,3.01
2,6,Shubik,3.01
2,6,Stein & Rapoport: 0.05,2.975
2,6,GRIM,3.01
2,6,Davis: 10,3.01
2,6,Graaskamp: 0.05,3.495
2,6,Downing,1.125
2,6,"Feld: 1.0, 0.5, 200",1.725
2,6,Joss: 0.9,1.2
2,6,Tullock,1.905
2,6,Anonymous,2.985
2,6,Random: 0.5,2.685
2,7,Cu,3.01
2,7,Du,0.975
2,7,Tit For Tat,3.01
2,7,spiteful,3.01
2,7,soft_majo,3.01
2,7,hard_majo,2.99
2,7,per_cd,2.685
2,7,per_ccd,3.29
2,7,per_ddc,2.29
2,7,mistrust,2.99
2,7,WSLS,3.01
2,7,TFTT,3.01
2,7,hard_tft,3.01
2,7,slow_tft,3.01
2,7,GrdTFT,3.01
2,7,prober,3.005
2,7,mem2,3.01
2,7,grok:grok-3-mini,3.01
2,7,Tideman & Chieruzzi,2.975
2,7,Nydegger,3.01
2,7,Grofman,3.01
2,7,Shubik,3.01
2,7,Stein & Rapoport: 0.05,2.975
2,7,GRIM,3.01
2,7,Davis: 10,3.01
2,7,Graaskamp: 0.05,3.485
2,7,Downing,1.125
2,7,"Feld: 1.0, 0.5, 200",1.605
2,7,Joss: 0.9,2.285
2,7,Tullock,1.995
2,7,Anonymous,2.875
2,7,Random: 0.5,2.765
2,8,Cu,3.01
2,8,Du,0.975
2,8,Tit For Tat,3.01
2,8,spiteful,3.01
2,8,soft_majo,3.01
2,8,hard_majo,2.99
2,8,per_cd,2.685
2,8,per_ccd,3.29
2,8,per_ddc,2.29
2,8,mistrust,2.99
2,8,WSLS,3.01
2,8,TFTT,3.01
2,8,hard_tft,3.01
2,8,slow_tft,3.01
2,8,GrdTFT,3.01
2,8,prober,3.005
2,8,mem2,3.01
2,8,grok:grok-3-mini,3.01
2,8,Tideman & Chieruzzi,2.975
2,8,Nydegger,3.01
2,8,Grofman,3.01
2,8,Shubik,3.01
2,8,Stein & Rapoport: 0.05,2.975
2,8,GRIM,3.01
2,8,Davis: 10,3.01
2,8,Graaskamp: 0.05,3.33
2,8,Downing,1.125
2,8,"Feld: 1.0, 0.5, 200",1.77
2,8,Joss: 0.9,1.945
2,8,Tullock,1.71
2,8,Anonymous,2.77
2,8,Random: 0.5,2.83
2,9,Cu,3.01
2,9,Du,0.975
2,9,Tit For Tat,3.01
2,9,spiteful,3.01
2,9,soft_majo,3.01
2,9,hard_majo,2.99
2,9,per_cd,2.685
2,9,per_ccd,3.29
2,9,per_ddc,2.29
2,9,mistrust,2.99
2,9,WSLS,3.01
2,9,TFTT,3.01
2,9,hard_tft,3.01
2,9,slow_tft,3.01
2,9,GrdTFT,3.01
2,9,prober,3.005
2,9,mem2,3.01
2,9,grok:grok-3-mini,3.01
2,9,Tideman & Chieruzzi,2.975
2,9,Nydegger,3.01
2,9,Grofman,3.01
2,9,Shubik,3.01
2,9,Stein & Rapoport: 0.05,2.975
2,9,GRIM,3.01
2,9,Davis: 10,3.01
2,9,Graaskamp: 0.05,3.39
2,9,Downing,1.125
2,9,"Feld: 1.0, 0.5, 200",1.645
2,9,Joss: 0.9,2.11
2,9,Tullock,1.385
2,9,Anonymous,2.925
2,9,Random: 0.5,2.915
2,10,Cu,3.01
2,10,Du,0.975
2,10,Tit For Tat,3.01
2,10,spiteful,3.01
2,10,soft_majo,3.01
2,10,hard_majo,2.99
2,10,per_cd,2.685
2,10,per_ccd,3.29
2,10,per_ddc,2.29
2,10,mistrust,2.99
2,10,WSLS,3.01
2,10,TFTT,3.01
2,10,hard_tft,3.01
2,10,slow_tft,3.01
2,10,GrdTFT,3.01
2,10,prober,3.005
2,10,mem2,3.01
2,10,grok:grok-3-mini,3.01
2,10,Tideman & Chieruzzi,2.975
2,10,Nydegger,3.01
2,10,Grofman,3.01
2,10,Shubik,3.01
2,10,Stein & Rapoport: 0.05,2.975
2,10,GRIM,3.01
2,10,Davis: 10,3.01
2,10,Graaskamp: 0.05,3.415
2,10,Downing,1.125
2,10,"Feld: 1.0, 0.5, 200",1.915
2,10,Joss: 0.9,2.595
2,10,Tullock,1.405
2,10,Anonymous,2.825
2,10,Random: 0.5,2.695
2,11,Cu,3.01
2,11,Du,0.975
2,11,Tit For Tat,3.01
2,11,spiteful,3.01
2,11,soft_majo,3.01
2,11,hard_majo,2.99
2,11,per_cd,2.685
2,11,per_ccd,3.29
2,11,per_ddc,2.29
2,11,mistrust,2.99
2,11,WSLS,3.01
2,11,TFTT,3.01
2,11,hard_tft,3.01
2,11,slow_tft,3.01
2,11,GrdTFT,3.01
2,11,prober,3.005
2,11,mem2,3.01
2,11,grok:grok-3-mini,3.01
2,11,Tideman & Chieruzzi,2.975
2,11,Nydegger,3.01
2,11,Grofman,3.01
2,11,Shubik,3.01
2,11,Stein & Rapoport: 0.05,2.975
2,11,GRIM,3.01
2,11,Davis: 10,3.01
2,11,Graaskamp: 0.05,3.435
2,11,Downing,1.125
2,11,"Feld: 1.0, 0.5, 200",1.545
2,11,Joss: 0.9,2.025
2,11,Tullock,1.295
2,11,Anonymous,3.055
2,11,Random: 0.5,2.79
2,12,Cu,3.01
2,12,Du,0.975
2,12,Tit For Tat,3.01
2,12,spiteful,3.01
2,12,soft_majo,3.01
2,12,hard_majo,2.99
2,12,per_cd,2.685
2,12,per_ccd,3.29
2,12,per_ddc,2.29
2,12,mistrust,2.99
2,12,WSLS,3.01
2,12,TFTT,3.01
2,12,hard_tft,3.01
2,12,slow_tft,3.01
2,12,GrdTFT,3.01
2,12,prober,3.005
2,12,mem2,3.01
2,12,grok:grok-3-mini,3.01
2,12,Tideman & Chieruzzi,2.975
2,12,Nydegger,3.01
2,12,Grofman,3.01
2,12,Shubik,3.01
2,12,Stein & Rapoport: 0.05,2.975
2,12,GRIM,3.01
2,12,Davis: 10,3.01
2,12,Graaskamp: 0.05,3.53
2,12,Downing,1.125
2,12,"Feld: 1.0, 0.5, 200",1.915
2,12,Joss: 0.9,2.32
2,12,Tullock,1.395
2,12,Anonymous,2.91
2,12,Random: 0.5,2.67
2,13,Cu,3.01
2,13,Du,0.975
2,13,Tit For Tat,3.01
2,13,spiteful,3.01
2,13,soft_majo,3.01
2,13,hard_majo,2.99
2,13,per_cd,2.685
2,13,per_ccd,3.29
2,13,per_ddc,2.29
2,13,mistrust,2.99
2,13,WSLS,3.01
2,13,TFTT,3.01
2,13,hard_tft,3.01
2,13,slow_tft,3.01
2,13,GrdTFT,3.01
2,13,prober,3.005
2,13,mem2,3.01
2,13,grok:grok-3-mini,3.01
2,13,Tideman & Chieruzzi,2.975
2,13,Nydegger,3.01
2,13,Grofman,3.01
2,13,Shubik,3.01
2,13,Stein & Rapoport: 0.05,2.975
2,13,GRIM,3.01
2,13,Davis: 10,3.01
2,13,Graaskamp: 0.05,3.335
2,13,Downing,1.125
2,13,"Feld: 1.0, 0.5, 200",1.905
2,13,Joss: 0.9,1.945
2,13,Tullock,1.575
2,13,Anonymous,2.735
2,13,Random: 0.5,2.92
2,14,Cu,3.01
2,14,Du,0.975
2,14,Tit For Tat,3.01
2,14,spiteful,3.01
2,14,soft_majo,3.01
2,14,hard_majo,2.99
2,14,per_cd,2.685
2,14,per_ccd,3.29
2,14,per_ddc,2.29
2,14,mistrust,2.99
2,14,WSLS,3.01
2,14,TFTT,3.01
2,14,hard_tft,3.01
2,14,slow_tft,3.01
2,14,GrdTFT,3.01
2,14,prober,3.005
2,14,mem2,3.01
2,14,grok:grok-3-mini,3.01
2,14,Tideman & Chieruzzi,2.975
2,14,Nydegger,3.01
2,14,Grofman,3.01
2,14,Shubik,3.01
2,14,Stein & Rapoport: 0.05,2.975
2,14,GRIM,3.01
2,14,Davis: 10,3.01
2,14,Graaskamp: 0.05,3.43
2,14,Downing,1.125
2,14,"Feld: 1.0, 0.5, 200",1.75
2,14,Joss: 0.9,2.11
2,14,Tullock,1.615
2,14,Anonymous,3.105
2,14,Random: 0.5,3.09
2,15,Cu,3.01
2,15,Du,0.975
2,15,Tit For Tat,3.01
2,15,spiteful,3.01
2,15,soft_majo,3.01
2,15,hard_majo,2.99
2,15,per_cd,2.685
2,15,per_ccd,3.29
2,15,per_ddc,2.29
2,15,mistrust,2.99
2,15,WSLS,3.01
2,15,TFTT,3.01
2,15,hard_tft,3.01
2,15,slow_tft,3.01
2,15,GrdTFT,3.01
2,15,prober,3.005
2,15,mem2,3.01
2,15,grok:grok-3-mini,3.01
2,15,Tideman & Chieruzzi,2.975
2,15,Nydegger,3.01
2,15,Grofman,3.01
2,15,Shubik,3.01
2,15,Stein & Rapoport: 0.05,2.975
2,15,GRIM,3.01
2,15,Davis: 10,3.01
2,15,Graaskamp: 0.05,3.425
2,15,Downing,1.125
2,15,"Feld: 1.0, 0.5, 200",1.705
2,15,Joss: 0.9,1.27
2,15,Tullock,1.56
2,15,Anonymous,2.98
2,15,Random: 0.5,3.03
2,16,Cu,3.01
2,16,Du,0.975
2,16,Tit For Tat,3.01
2,16,spiteful,3.01
2,16,soft_majo,3.01
2,16,hard_majo,2.99
2,16,per_cd,2.685
2,16,per_ccd,3.29
2,16,per_ddc,2.29
2,16,mistrust,2.99
2,16,WSLS,3.01
2,16,TFTT,3.01
2,16,hard_tft,3.01
2,16,slow_tft,3.01
2,16,GrdTFT,3.01
2,16,prober,3.005
2,16,mem2,3.01
2,16,grok:grok-3-mini,3.01
2,16,Tideman & Chieruzzi,2.975
2,16,Nydegger,3.01
2,16,Grofman,3.01
2,16,Shubik,3.01
2,16,Stein & Rapoport: 0.05,2.975
2,16,GRIM,3.01
2,16,Davis: 10,3.01
2,16,Graaskamp: 0.05,3.43
2,16,Downing,1.125
2,16,"Feld: 1.0, 0.5, 200",1.805
2,16,Joss: 0.9,2.32
2,16,Tullock,1.355
2,16,Anonymous,2.94
2,16,Random: 0.5,2.875
2,17,Cu,3.01
2,17,Du,0.975
2,17,Tit For Tat,3.01
2,17,spiteful,3.01
2,17,soft_majo,3.01
2,17,hard_majo,2.99
2,17,per_cd,2.685
2,17,per_ccd,3.29
2,17,per_ddc,2.29
2,17,mistrust,2.99
2,17,WSLS,3.01
2,17,TFTT,3.01
2,17,hard_tft,3.01
2,17,slow_tft,3.01
2,17,GrdTFT,3.01
2,17,prober,3.005
2,17,mem2,3.01
2,17,grok:grok-3-mini,3.01
2,17,Tideman & Chieruzzi,2.975
2,17,Nydegger,3.01
2,17,Grofman,3.01
2,17,Shubik,3.01
2,17,Stein & Rapoport: 0.05,2.975
2,17,GRIM,3.01
2,17,Davis: 10,3.01
2,17,Graaskamp: 0.05,3.44
2,17,Downing,1.125
2,17,"Feld: 1.0, 0.5, 200",1.705
2,17,Joss: 0.9,2.45
2,17,Tullock,1.495
2,17,Anonymous,2.75
2,17,Random: 0.5,2.605
2,18,Cu,3.01
2,18,Du,0.975
2,18,Tit For Tat,3.01
2,18,spiteful,3.01
2,18,soft_majo,3.01
2,18,hard_majo,2.99
2,18,per_cd,2.685
2,18,per_ccd,3.29
2,18,per_ddc,2.29
2,18,mistrust,2.99
2,18,WSLS,3.01
2,18,TFTT,3.01
2,18,hard_tft,3.01
2,18,slow_tft,3.01
2,18,GrdTFT,3.01
2,18,prober,3.005
2,18,mem2,3.01
2,18,grok:grok-3-mini,3.01
2,18,Tideman & Chieruzzi,2.975
2,18,Nydegger,3.01
2,18,Grofman,3.01
2,18,Shubik,3.01
2,18,Stein & Rapoport: 0.05,2.975
2,18,GRIM,3.01
2,18,Davis: 10,3.01
2,18,Graaskamp: 0.05,3.43
2,18,Downing,1.125
2,18,"Feld: 1.0, 0.5, 200",1.825
2,18,Joss: 0.9,1.705
2,18,Tullock,1.41
2,18,Anonymous,2.77
2,18,Random: 0.5,3.065
2,19,Cu,3.01
2,19,Du,0.975
2,19,Tit For Tat,3.01
2,19,spiteful,3.01
2,19,soft_majo,3.01
2,19,hard_majo,2.99
2,19,per_cd,2.685
2,19,per_ccd,3.29
2,19,per_ddc,2.29
2,19,mistrust,2.99
2,19,WSLS,3.01
2,19,TFTT,3.01
2,19,hard_tft,3.01
2,19,slow_tft,3.01
2,19,GrdTFT,3.01
2,19,prober,3.005
2,19,mem2,3.01
2,19,grok:grok-3-mini,3.01
2,19,Tideman & Chieruzzi,2.975
2,19,Nydegger,3.01
2,19,Grofman,3.01
2,19,Shubik,3.01
2,19,Stein & Rapoport: 0.05,2.975
2,19,GRIM,3.01
2,19,Davis: 10,3.01
2,19,Graaskamp: 0.05,3.425
2,19,Downing,1.125
2,19,"Feld: 1.0, 0.5, 200",1.705
2,19,Joss: 0.9,2.305
2,19,Tullock,1.28
2,19,Anonymous,3.015
2,19,Random: 0.5,2.89
3,0,Cu,3.01
3,0,Du,0.975
3,0,Tit For Tat,3.01
3,0,spiteful,3.01
3,0,soft_majo,3.01
3,0,hard_majo,2.99
3,0,per_cd,2.685
3,0,per_ccd,3.29
3,0,per_ddc,2.29
3,0,mistrust,2.99
3,0,WSLS,3.01
3,0,TFTT,3.01
3,0,hard_tft,3.01
3,0,slow_tft,3.01
3,0,GrdTFT,3.01
3,0,prober,3.005
3,0,mem2,3.01
3,0,grok:grok-3-mini,3.01
3,0,Tideman & Chieruzzi,2.975
3,0,Nydegger,3.01
3,0,Grofman,3.01
3,0,Shubik,3.01
3,0,Stein & Rapoport: 0.05,2.975
3,0,GRIM,3.01
3,0,Davis: 10,3.01
3,0,Graaskamp: 0.05,3.55
3,0,Downing,1.125
3,0,"Feld: 1.0, 0.5, 200",1.985
3,0,Joss: 0.9,1.605
3,0,Tullock,1.275
3,0,Anonymous,2.93
3,0,Random: 0.5,2.76
3,1,Cu,3.01
3,1,Du,0.975
3,1,Tit For Tat,3.01
3,1,spiteful,3.01
3,1,soft_majo,3.01
3,1,hard_majo,2.99
3,1,per_cd,2.685
3,1,per_ccd,3.29
3,1,per_ddc,2.29
3,1,mistrust,2.99
3,1,WSLS,3.01
3,1,TFTT,3.01
3,1,hard_tft,3.01
3,1,slow_tft,3.01
3,1,GrdTFT,3.01
3,1,prober,3.005
3,1,mem2,3.01
3,1,grok:grok-3-mini,3.01
3,1,Tideman & Chieruzzi,2.975
3,1,Nydegger,3.01
3,1,Grofman,3.01
3,1,Shubik,3.01
3,1,Stein & Rapoport: 0.05,2.975
3,1,GRIM,3.01
3,1,Davis: 10,3.01
3,1,Graaskamp: 0.05,3.405
3,1,Downing,1.125
3,1,"Feld: 1.0, 0.5, 200",1.475
3,1,Joss: 0.9,1.245
3,1,Tullock,1.515
3,1,Anonymous,3.09
3,1,Random: 0.5,2.975
3,2,Cu,3.01
3,2,Du,0.975
3,2,Tit For Tat,3.01
3,2,spiteful,3.01
3,2,soft_majo,3.01
3,2,hard_majo,2.99
3,2,per_cd,2.685
3,2,per_ccd,3.29
3,2,per_ddc,2.29
3,2,mistrust,2.99
3,2,WSLS,3.01
3,2,TFTT,3.01
3,2,hard_tft,3.01
3,2,slow_tft,3.01
3,2,GrdTFT,3.01
3,2,prober,3.005
3,2,mem2,3.01
3,2,grok:grok-3-mini,3.01
3,2,Tideman & Chieruzzi,2.975
3,2,Nydegger,3.01
3,2,Grofman,3.01
3,2,Shubik,3.01
3,2,Stein & Rapoport: 0.05,2.975
3,2,GRIM,3.01
3,2,Davis: 10,3.01
3,2,Graaskamp: 0.05,3.43
3,2,Downing,1.125
3,2,"Feld: 1.0, 0.5, 200",1.77
3,2,Joss: 0.9,1.865
3,2,Tullock,1.59
3,2,Anonymous,3.225
3,2,Random: 0.5,2.81
3,3,Cu,3.01
3,3,Du,0.975
3,3,Tit For Tat,3.01
3,3,spiteful,3.01
3,3,soft_majo,3.01
3,3,hard_majo,2.99
3,3,per_cd,2.685
3,3,per_ccd,3.29
3,3,per_ddc,2.29
3,3,mistrust,2.99
3,3,WSLS,3.01
3,3,TFTT,3.01
3,3,hard_tft,3.01
3,3,slow_tft,3.01
3,3,GrdTFT,3.01
3,3,prober,3.005
3,3,mem2,3.01
3,3,grok:grok-3-mini,3.01
3,3,Tideman & Chieruzzi,2.975
3,3,Nydegger,3.01
3,3,Grofman,3.01
3,3,Shubik,3.01
3,3,Stein & Rapoport: 0.05,2.975
3,3,GRIM,3.01
3,3,Davis: 10,3.01
3,3,Graaskamp: 0.05,3.41
3,3,Downing,1.125
3,3,"Feld: 1.0, 0.5, 200",1.865
3,3,Joss: 0.9,2.115
3,3,Tullock,1.425
3,3,Anonymous,2.785
3,3,Random: 0.5,2.885
3,4,Cu,3.01
3,4,Du,0.975
3,4,Tit For Tat,3.01
3,4,spiteful,3.01
3,4,soft_majo,3.01
3,4,hard_majo,2.99
3,4,per_cd,2.685
3,4,per_ccd,3.29
3,4,per_ddc,2.29
3,4,mistrust,2.99
3,4,WSLS,3.01
3,4,TFTT,3.01
3,4,hard_tft,3.01
3,4,slow_tft,3.01
3,4,GrdTFT,3.01
3,4,prober,3.005
3,4,mem2,3.01
3,4,grok:grok-3-mini,3.01
3,4,Tideman & Chieruzzi,2.975
3,4,Nydegger,3.01
3,4,Grofman,3.01
3,4,Shubik,3.01
3,4,Stein & Rapoport: 0.05,2.975
3,4,GRIM,3.01
3,4,Davis: 10,3.01
3,4,Graaskamp: 0.05,3.3
3,4,Downing,1.125
3,4,"Feld: 1.0, 0.5, 200",1.555
3,4,Joss: 0.9,2.24
3,4,Tullock,1.4
3,4,Anonymous,2.995
3,4,Random: 0.5,2.765
3,5,Cu,3.01
3,5,Du,0.975
3,5,Tit For Tat,3.01
3,5,spiteful,3.01
3,5,soft_majo,3.01
3,5,hard_majo,2.99
3,5,per_cd,2.685
3,5,per_ccd,3.29
3,5,per_ddc,2.29
3,5,mistrust,2.99
3,5,WSLS,3.01
3,5,TFTT,3.01
3,5,hard_tft,3.01
3,5,slow_tft,3.01
3,5,GrdTFT,3.01
3,5,prober,3.005
3,5,mem2,3.01
3,5,grok:grok-3-mini,3.01
3,5,Tideman & Chieruzzi,2.975
3,5,Nydegger,3.01
3,5,Grofman,3.01
3,5,Shubik,3.01
3,5,Stein & Rapoport: 0.05,2.975
3,5,GRIM,3.01
3,5,Davis: 10,3.01
3,5,Graaskamp: 0.05,3.64
3,5,Downing,1.125
3,5,"Feld: 1.0, 0.5, 200",1.805
3,5,Joss: 0.9,2.545
3,5,Tullock,1.285
3,5,Anonymous,3.115
3,5,Random: 0.5,3.145
3,6,Cu,3.01
3,6,Du,0.975
3,6,Tit For Tat,3.01
3,6,spiteful,3.01
3,6,soft_majo,3.01
3,6,hard_majo,2.99
3,6,per_cd,2.685
3,6,per_ccd,3.29
3,6,per_ddc,2.29
3,6,mistrust,2.99
3,6,WSLS,3.01
3,6,TFTT,3.01
3,6,hard_tft,3.01
3,6,slow_tft,3.01
3,6,GrdTFT,3.01
3,6,prober,3.005
3,6,mem2,3.01
3,6,grok:grok-3-mini,3.01
3,6,Tideman & Chieruzzi,2.975
3,6,Nydegger,3.01
3,6,Grofman,3.01
3,6,Shubik,3.01
3,6,Stein & Rapoport: 0.05,2.975
3,6,GRIM,3.01
3,6,Davis: 10,3.01
3,6,Graaskamp: 0.05,3.465
3,6,Downing,1.125
3,6,"Feld: 1.0, 0.5, 200",1.705
3,6,Joss: 0.9,2.205
3,6,Tullock,1.525
3,6,Anonymous,2.975
3,6,Random: 0.5,2.695
3,7,Cu,3.01
3,7,Du,0.975
3,7,Tit For Tat,3.01
3,7,spiteful,3.01
3,7,soft_majo,3.01
3,7,hard_majo,2.99
3,7,per_cd,2.685
3,7,per_ccd,3.29
3,7,per_ddc,2.29
3,7,mistrust,2.99
3,7,WSLS,3.01
3,7,TFTT,3.01
3,7,hard_tft,3.01
3,7,slow_tft,3.01
3,7,GrdTFT,3.01
3,7,prober,3.005
3,7,mem2,3.01
3,7,grok:grok-3-mini,3.01
3,7,Tideman & Chieruzzi,2.975
3,7,Nydegger,3.01
3,7,Grofman,3.01
3,7,Shubik,3.01
3,7,Stein & Rapoport: 0.05,2.975
3,7,GRIM,3.01
3,7,Davis: 10,3.01
3,7,Graaskamp: 0.05,3.41
3,7,Downing,1.125
3,7,"Feld: 1.0, 0.5, 200",1.725
3,7,Joss: 0.9,2.07
3,7,Tullock,1.565
3,7,Anonymous,3.06
3,7,Random: 0.5,3.045
3,8,Cu,3.01
3,8,Du,0.975
3,8,Tit For Tat,3.01
3,8,spiteful,3.01
3,8,soft_majo,3.01
3,8,hard_majo,2.99
3,8,per_cd,2.685
3,8,per_ccd,3.29
3,8,per_ddc,2.29
3,8,mistrust,2.99
3,8,WSLS,3.01
3,8,TFTT,3.01
3,8,hard_tft,3.01
3,8,slow_tft,3.01
3,8,GrdTFT,3.01
3,8,prober,3.005
3,8,mem2,3.01
3,8,grok:grok-3-mini,3.01
3,8,Tideman & Chieruzzi,2.975
3,8,Nydegger,3.01
3,8,Grofman,3.01
3,8,Shubik,3.01
3,8,Stein & Rapoport: 0.05,2.975
3,8,GRIM,3.01
3,8,Davis: 10,3.01
3,8,Graaskamp: 0.05,3.305
3,8,Downing,1.125
3,8,"Feld: 1.0, 0.5, 200",1.965
3,8,Joss: 0.9,2.205
3,8,Tullock,1.595
3,8,Anonymous,2.735
3,8,Random: 0.5,2.87
3,9,Cu,3.01
3,9,Du,0.975
3,9,Tit For Tat,3.01
3,9,spiteful,3.01
3,9,soft_majo,3.01
3,9,hard_majo,2.99
3,9,per_cd,2.685
3,9,per_ccd,3.29
3,9,per_ddc,2.29
3,9,mistrust,2.99
3,9,WSLS,3.01
3,9,TFTT,3.01
3,9,hard_tft,3.01
3,9,slow_tft,3.01
3,9,GrdTFT,3.01
3,9,prober,3.005
3,9,mem2,3.01
3,9,grok:grok-3-mini,3.01
3,9,Tideman & Chieruzzi,2.975
3,9,Nydegger,3.01
3,9,Grofman,3.01
3,9,Shubik,3.01
3,9,Stein & Rapoport: 0.05,2.975
3,9,GRIM,3.01
3,9,Davis: 10,3.01
3,9,Graaskamp: 0.05,3.46
3,9,Downing,1.125
3,9,"Feld: 1.0, 0.5, 200",1.825
3,9,Joss: 0.9,1.875
3,9,Tullock,1.46
3,9,Anonymous,3.37
3,9,Random: 0.5,2.785
3,10,Cu,3.01
3,10,Du,0.975
3,10,Tit For Tat,3.01
3,10,spiteful,3.01
3,10,soft_majo,3.01
3,10,hard_majo,2.99
3,10,per_cd,2.685
3,10,per_ccd,3.29
3,10,per_ddc,2.29
3,10,mistrust,2.99
3,10,WSLS,3.01
3,10,TFTT,3.01
3,10,hard_tft,3.01
3,10,slow_tft,3.01
3,10,GrdTFT,3.01
3,10,prober,3.005
3,10,mem2,3.01
3,10,grok:grok-3-mini,3.01
3,10,Tideman & Chieruzzi,2.975
3,10,Nydegger,3.01
3,10,Grofman,3.01
3,10,Shubik,3.01
3,10,Stein & Rapoport: 0.05,2.975
3,10,GRIM,3.01
3,10,Davis: 10,3.01
3,10,Graaskamp: 0.05,3.495
3,10,Downing,1.125
3,10,"Feld: 1.0, 0.5, 200",1.715
3,10,Joss: 0.9,2.115
3,10,Tullock,1.5
3,10,Anonymous,2.89
3,10,Random: 0.5,3.03
3,11,Cu,3.01
3,11,Du,0.975
3,11,Tit For Tat,3.01
3,11,spiteful,3.01
3,11,soft_majo,3.01
3,11,hard_majo,2.99
3,11,per_cd,2.685
3,11,per_ccd,3.29
3,11,per_ddc,2.29
3,11,mistrust,2.99
3,11,WSLS,3.01
3,11,TFTT,3.01
3,11,hard_tft,3.01
3,11,slow_tft,3.01
3,11,GrdTFT,3.01
3,11,prober,3.005
3,11,mem2,3.01
3,11,grok:grok-3-mini,3.01
3,11,Tideman & Chieruzzi,2.975
3,11,Nydegger,3.01
3,11,Grofman,3.01
3,11,Shubik,3.01
3,11,Stein & Rapoport: 0.05,2.975
3,11,GRIM,3.01
3,11,Davis: 10,3.01
3,11,Graaskamp: 0.05,3.555
3,11,Downing,1.125
3,11,"Feld: 1.0, 0.5, 200",1.745
3,11,Joss: 0.9,2.24
3,11,Tullock,1.65
3,11,Anonymous,2.78
3,11,Random: 0.5,3.01
3,12,Cu,3.01
3,12,Du,0.975
3,12,Tit For Tat,3.01
3,12,spiteful,3.01
3,12,soft_majo,3.01
3,12,hard_majo,2.99
3,12,per_cd,2.685
3,12,per_ccd,3.29
3,12,per_ddc,2.29
3,12,mistrust,2.99
3,12,WSLS,3.01
3,12,TFTT,3.01
3,12,hard_tft,3.01
3,12,slow_tft,3.01
3,12,GrdTFT,3.01
3,12,prober,3.005
3,12,mem2,3.01
3,12,grok:grok-3-mini,3.01
3,12,Tideman & Chieruzzi,2.975
3,12,Nydegger,3.01
3,12,Grofman,3.01
3,12,Shubik,3.01
3,12,Stein & Rapoport: 0.05,2.975
3,12,GRIM,3.01
3,12,Davis: 10,3.01
3,12,Graaskamp: 0.05,3.395
3,12,Downing,1.125
3,12,"Feld: 1.0, 0.5, 200",1.775
3,12,Joss: 0.9,1.855
3,12,Tullock,1.55
3,12,Anonymous,2.835
3,12,Random: 0.5,2.92
3,13,Cu,3.01
3,13,Du,0.975
3,13,Tit For Tat,3.01
3,13,spiteful,3.01
3,13,soft_majo,3.01
3,13,hard_majo,2.99
3,13,per_cd,2.685
3,13,per_ccd,3.29
3,13,per_ddc,2.29
3,13,mistrust,2.99
3,13,WSLS,3.01
3,13,TFTT,3.01
3,13,hard_tft,3.01
3,13,slow_tft,3.01
3,13,GrdTFT,3.01
3,13,prober,3.005
3,13,mem2,3.01
3,13,grok:grok-3-mini,3.01
3,13,Tideman & Chieruzzi,2.975
3,13,Nydegger,3.01
3,13,Grofman,3.01
3,13,Shubik,3.01
3,13,Stein & Rapoport: 0.05,2.975
3,13,GRIM,3.01
3,13,Davis: 10,3.01
3,13,Graaskamp: 0.05,3.56
3,13,Downing,1.125
3,13,"Feld: 1.0, 0.5, 200",1.555
3,13,Joss: 0.9,1.515
3,13,Tullock,1.365
3,13,Anonymous,2.78
3,13,Random: 0.5,2.745
3,14,Cu,3.01
3,14,Du,0.975
3,14,Tit For Tat,3.01
3,14,spiteful,3.01
3,14,soft_majo,3.01
3,14,hard_majo,2.99
3,14,per_cd,2.685
3,14,per_ccd,3.29
3,14,per_ddc,2.29
3,14,mistrust,2.99
3,14,WSLS,3.01
3,14,TFTT,3.01
3,14,hard_tft,3.01
3,14,slow_tft,3.01
3,14,GrdTFT,3.01
3,14,prober,3.005
3,14,mem2,3.01
3,14,grok:grok-3-mini,3.01
3,14,Tideman & Chieruzzi,2.975
3,14,Nydegger,3.01
3,14,Grofman,3.01
3,14,Shubik,3.01
3,14,Stein & Rapoport: 0.05,2.975
3,14,GRIM,3.01
3,14,Davis: 10,3.01
3,14,Graaskamp: 0.05,3.35
3,14,Downing,1.125
3,14,"Feld: 1.0, 0.5, 200",1.855
3,14,Joss: 0.9,2.09
3,14,Tullock,1.495
3,14,Anonymous,2.79
3,14,Random: 0.5,2.865
3,15,Cu,3.01
3,15,Du,0.975
3,15,Tit For Tat,3.01
3,15,spiteful,3.01
3,15,soft_majo,3.01
3,15,hard_majo,2.99
3,15,per_cd,2.685
3,15,per_ccd,3.29
3,15,per_ddc,2.29
3,15,mistrust,2.99
3,15,WSLS,3.01
3,15,TFTT,3.01
3,15,hard_tft,3.01
3,15,slow_tft,3.01
3,15,GrdTFT,3.01
3,15,prober,3.005
3,15,mem2,3.01
3,15,grok:grok-3-mini,3.01
3,15,Tideman & Chieruzzi,2.975
3,15,Nydegger,3.01
3,15,Grofman,3.01
3,15,Shubik,3.01
3,15,Stein & Rapoport: 0.05,2.975
3,15,GRIM,3.01
3,15,Davis: 10,3.01
3,15,Graaskamp: 0.05,3.365
3,15,Downing,1.125
3,15,"Feld: 1.0, 0.5, 200",1.575
3,15,Joss: 0.9,1.455
3,15,Tullock,1.5
3,15,Anonymous,3.25
3,15,Random: 0.5,2.775
3,16,Cu,3.01
3,16,Du,0.975
3,16,Tit For Tat,3.01
3,16,spiteful,3.01
3,16,soft_majo,3.01
3,16,hard_majo,2.99
3,16,per_cd,2.685
3,16,per_ccd,3.29
3,16,per_ddc,2.29
3,16,mistrust,2.99
3,16,WSLS,3.01
3,16,TFTT,3.01
3,16,hard_tft,3.01
3,16,slow_tft,3.01
3,16,GrdTFT,3.01
3,16,prober,3.005
3,16,mem2,3.01
3,16,grok:grok-3-mini,3.01
3,16,Tideman & Chieruzzi,2.975
3,16,Nydegger,3.01
3,16,Grofman,3.01
3,16,Shubik,3.01
3,16,Stein & Rapoport: 0.05,2.975
3,16,GRIM,3.01
3,16,Davis: 10,3.01
3,16,Graaskamp: 0.05,3.41
3,16,Downing,1.125
3,16,"Feld: 1.0, 0.5, 200",1.945
3,16,Joss: 0.9,2.275
3,16,Tullock,1.405
3,16,Anonymous,2.93
3,16,Random: 0.5,3.055
3,17,Cu,3.01
3,17,Du,0.975
3,17,Tit For Tat,3.01
3,17,spiteful,3.01
3,17,soft_majo,3.01
3,17,hard_majo,2.99
3,17,per_cd,2.685
3,17,per_ccd,3.29
3,17,per_ddc,2.29
3,17,mistrust,2.99
3,17,WSLS,3.01
3,17,TFTT,3.01
3,17,hard_tft,3.01
3,17,slow_tft,3.01
3,17,GrdTFT,3.01
3,17,prober,3.005
3,17,mem2,3.01
3,17,grok:grok-3-mini,3.01
3,17,Tideman & Chieruzzi,2.975
3,17,Nydegger,3.01
3,17,Grofman,3.01
3,17,Shubik,3.01
3,17,Stein & Rapoport: 0.05,2.975
3,17,GRIM,3.01
3,17,Davis: 10,3.01
3,17,Graaskamp: 0.05,3.41
3,17,Downing,1.125
3,17,"Feld: 1.0, 0.5, 200",1.955
3,17,Joss: 0.9,1.215
3,17,Tullock,1.285
3,17,Anonymous,2.9
3,17,Random: 0.5,2.685
3,18,Cu,3.01
3,18,Du,0.975
3,18,Tit For Tat,3.01
3,18,spiteful,3.01
3,18,soft_majo,3.01
3,18,hard_majo,2.99
3,18,per_cd,2.685
3,18,per_ccd,3.29
3,18,per_ddc,2.29
3,18,mistrust,2.99
3,18,WSLS,3.01
3,18,TFTT,3.01
3,18,hard_tft,3.01
3,18,slow_tft,3.01
3,18,GrdTFT,3.01
3,18,prober,3.005
3,18,mem2,3.01
3,18,grok:grok-3-mini,3.01
3,18,Tideman & Chieruzzi,2.975
3,18,Nydegger,3.01
3,18,Grofman,3.01
3,18,Shubik,3.01
3,18,Stein & Rapoport: 0.05,2.975
3,18,GRIM,3.01
3,18,Davis: 10,3.01
3,18,Graaskamp: 0.05,3.48
3,18,Downing,1.125
3,18,"Feld: 1.0, 0.5, 200",1.955
3,18,Joss: 0.9,2.34
3,18,Tullock,1.52
3,18,Anonymous,2.73
3,18,Random: 0.5,2.89
3,19,Cu,3.01
3,19,Du,0.975
3,19,Tit For Tat,3.01
3,19,spiteful,3.01
3,19,soft_majo,3.01
3,19,hard_majo,2.99
3,19,per_cd,2.685
3,19,per_ccd,3.29
3,19,per_ddc,2.29
3,19,mistrust,2.99
3,19,WSLS,3.01
3,19,TFTT,3.01
3,19,hard_tft,3.01
3,19,slow_tft,3.01
3,19,GrdTFT,3.01
3,19,prober,3.005
3,19,mem2,3.01
3,19,grok:grok-3-mini,3.01
3,19,Tideman & Chieruzzi,2.975
3,19,Nydegger,3.01
3,19,Grofman,3.01
3,19,Shubik,3.01
3,19,Stein & Rapoport: 0.05,2.975
3,19,GRIM,3.01
3,19,Davis: 10,3.01
3,19,Graaskamp: 0.05,3.455
3,19,Downing,1.125
3,19,"Feld: 1.0, 0.5, 200",1.825
3,19,Joss: 0.9,2.24
3,19,Tullock,1.3
3,19,Anonymous,2.895
3,19,Random: 0.5,2.93
4,0,Cu,3.01
4,0,Du,0.975
4,0,Tit For Tat,3.01
4,0,spiteful,3.01
4,0,soft_majo,3.01
4,0,hard_majo,2.99
4,0,per_cd,2.685
4,0,per_ccd,3.29
4,0,per_ddc,2.29
4,0,mistrust,2.99
4,0,WSLS,3.01
4,0,TFTT,3.01
4,0,hard_tft,3.01
4,0,slow_tft,3.01
4,0,GrdTFT,3.01
4,0,prober,3.005
4,0,mem2,3.01
4,0,grok:grok-3-mini,3.01
4,0,Tideman & Chieruzzi,2.975
4,0,Nydegger,3.01
4,0,Grofman,3.01
4,0,Shubik,3.01
4,0,Stein & Rapoport: 0.05,2.975
4,0,GRIM,3.01
4,0,Davis: 10,3.01
4,0,Graaskamp: 0.05,3.425
4,0,Downing,1.125
4,0,"Feld: 1.0, 0.5, 200",2.095
4,0,Joss: 0.9,2.2
4,0,Tullock,1.27
4,0,Anonymous,2.605
4,0,Random: 0.5,3.22
4,1,Cu,3.01
4,1,Du,0.975
4,1,Tit For Tat,3.01
4,1,spiteful,3.01
4,1,soft_majo,3.01
4,1,hard_majo,2.99
4,1,per_cd,2.685
4,1,per_ccd,3.29
4,1,per_ddc,2.29
4,1,mistrust,2.99
4,1,WSLS,3.01
4,1,TFTT,3.01
4,1,hard_tft,3.01
4,1,slow_tft,3.01
4,1,GrdTFT,3.01
4,1,prober,3.005
4,1,mem2,3.01
4,1,grok:grok-3-mini,3.01
4,1,Tideman & Chieruzzi,2.975
4,1,Nydegger,3.01
4,1,Grofman,3.01
4,1,Shubik,3.01
4,1,Stein & Rapoport: 0.05,2.975
4,1,GRIM,3.01
4,1,Davis: 10,3.01
4,1,Graaskamp: 0.05,3.445
4,1,Downing,1.125
4,1,"Feld: 1.0, 0.5, 200",1.785
4,1,Joss: 0.9,1.875
4,1,Tullock,1.59
4,1,Anonymous,2.825
4,1,Random: 0.5,2.865
4,2,Cu,3.01
4,2,Du,0.975
4,2,Tit For Tat,3.01
4,2,spiteful,3.01
4,2,soft_majo,3.01
4,2,hard_majo,2.99
4,2,per_cd,2.685
4,2,per_ccd,3.29
4,2,per_ddc,2.29
4,2,mistrust,2.99
4,2,WSLS,3.01
4,2,TFTT,3.01
4,2,hard_tft,3.01
4,2,slow_tft,3.01
4,2,GrdTFT,3.01
4,2,prober,3.005
4,2,mem2,3.01
4,2,grok:grok-3-mini,3.01
4,2,Tideman & Chieruzzi,2.975
4,2,Nydegger,3.01
4,2,Grofman,3.01
4,2,Shubik,3.01
4,2,Stein & Rapoport: 0.05,2.975
4,2,GRIM,3.01
4,2,Davis: 10,3.01
4,2,Graaskamp: 0.05,3.495
4,2,Downing,1.125
4,2,"Feld: 1.0, 0.5, 200",1.695
4,2,Joss: 0.9,2.09
4,2,Tullock,1.47
4,2,Anonymous,2.865
4,2,Random: 0.5,2.92
4,3,Cu,3.01
4,3,Du,0.975
4,3,Tit For Tat,3.01
4,3,spiteful,3.01
4,3,soft_majo,3.01
4,3,hard_majo,2.99
4,3,per_cd,2.685
4,3,per_ccd,3.29
4,3,per_ddc,2.29
4,3,mistrust,2.99
4,3,WSLS,3.01
4,3,TFTT,3.01
4,3,hard_tft,3.01
4,3,slow_tft,3.01
4,3,GrdTFT,3.01
4,3,prober,3.005
4,3,mem2,3.01
4,3,grok:grok-3-mini,3.01
4,3,Tideman & Chieruzzi,2.975
4,3,Nydegger,3.01
4,3,Grofman,3.01
4,3,Shubik,3.01
4,3,Stein & Rapoport: 0.05,2.975
4,3,GRIM,3.01
4,3,Davis: 10,3.01
4,3,Graaskamp: 0.05,3.36
4,3,Downing,1.125
4,3,"Feld: 1.0, 0.5, 200",1.675
4,3,Joss: 0.9,2.18
4,3,Tullock,1.425
4,3,Anonymous,2.85
4,3,Random: 0.5,2.945
4,4,Cu,3.01
4,4,Du,0.975
4,4,Tit For Tat,3.01
4,4,spiteful,3.01
4,4,soft_majo,3.01
4,4,hard_majo,2.99
4,4,per_cd,2.685
4,4,per_ccd,3.29
4,4,per_ddc,2.29
4,4,mistrust,2.99
4,4,WSLS,3.01
4,4,TFTT,3.01
4,4,hard_tft,3.01
4,4,slow_tft,3.01
4,4,GrdTFT,3.01
4,4,prober,3.005
4,4,mem2,3.01
4,4,grok:grok-3-mini,3.01
4,4,Tideman & Chieruzzi,2.975
4,4,Nydegger,3.01
4,4,Grofman,3.01
4,4,Shubik,3.01
4,4,Stein & Rapoport: 0.05,2.975
4,4,GRIM,3.01
4,4,Davis: 10,3.01
4,4,Graaskamp: 0.05,3.435
4,4,Downing,1.125
4,4,"Feld: 1.0, 0.5, 200",1.785
4,4,Joss: 0.9,2.22
4,4,Tullock,1.435
4,4,Anonymous,2.925
4,4,Random: 0.5,3.18
4,5,Cu,3.01
4,5,Du,0.975
4,5,Tit For Tat,3.01
4,5,spiteful,3.01
4,5,soft_majo,3.01
4,5,hard_majo,2.99
4,5,per_cd,2.685
4,5,per_ccd,3.29
4,5,per_ddc,2.29
4,5,mistrust,2.99
4,5,WSLS,3.01
4,5,TFTT,3.01
4,5,hard_tft,3.01
4,5,slow_tft,3.01
4,5,GrdTFT,3.01
4,5,prober,3.005
4,5,mem2,3.01
4,5,grok:grok-3-mini,3.01
4,5,Tideman & Chieruzzi,2.975
4,5,Nydegger,3.01
4,5,Grofman,3.01
4,5,Shubik,3.01
4,5,Stein & Rapoport: 0.05,2.975
4,5,GRIM,3.01
4,5,Davis: 10,3.01
4,5,Graaskamp: 0.05,3.48
4,5,Downing,1.125
4,5,"Feld: 1.0, 0.5, 200",1.835
4,5,Joss: 0.9,2.145
4,5,Tullock,1.625
4,5,Anonymous,2.925
4,5,Random: 0.5,2.92
4,6,Cu,3.01
4,6,Du,0.975
4,6,Tit For Tat,3.01
4,6,spiteful,3.01
4,6,soft_majo,3.01
4,6,hard_majo,2.99
4,6,per_cd,2.685
4,6,per_ccd,3.29
4,6,per_ddc,2.29
4,6,mistrust,2.99
4,6,WSLS,3.01
4,6,TFTT,3.01
4,6,hard_tft,3.01
4,6,slow_tft,3.01
4,6,GrdTFT,3.01
4,6,prober,3.005
4,6,mem2,3.01
4,6,grok:grok-3-mini,3.01
4,6,Tideman & Chieruzzi,2.975
4,6,Nydegger,3.01
4,6,Grofman,3.01
4,6,Shubik,3.01
4,6,Stein & Rapoport: 0.05,2.975
4,6,GRIM,3.01
4,6,Davis: 10,3.01
4,6,Graaskamp: 0.05,3.43
4,6,Downing,1.125
4,6,"Feld: 1.0, 0.5, 200",1.88
4,6,Joss: 0.9,2.345
4,6,Tullock,1.23
4,6,Anonymous,2.91
4,6,Random: 0.5,2.95
4,7,Cu,3.01
4,7,Du,0.975
4,7,Tit For Tat,3.01
4,7,spiteful,3.01
4,7,soft_majo,3.01
4,7,hard_majo,2.99
4,7,per_cd,2.685
4,7,per_ccd,3.29
4,7,per_ddc,2.29
4,7,mistrust,2.99
4,7,WSLS,3.01
4,7,TFTT,3.01
4,7,hard_tft,3.01
4,7,slow_tft,3.01
4,7,GrdTFT,3.01
4,7,prober,3.005
4,7,mem2,3.01
4,7,grok:grok-3-mini,3.01
4,7,Tideman & Chieruzzi,2.975
4,7,Nydegger,3.01
4,7,Grofman,3.01
4,7,Shubik,3.01
4,7,Stein & Rapoport: 0.05,2.975
4,7,GRIM,3.01
4,7,Davis: 10,3.01
4,7,Graaskamp: 0.05,3.375
4,7,Downing,1.125
4,7,"Feld: 1.0, 0.5, 200",1.695
4,7,Joss: 0.9,1.65
4,7,Tullock,1.735
4,7,Anonymous,2.93
4,7,Random: 0.5,2.69
4,8,Cu,3.01
4,8,Du,0.975
4,8,Tit For Tat,3.01
4,8,spiteful,3.01
4,8,soft_majo,3.01
4,8,hard_majo,2.99
4,8,per_cd,2.685
4,8,per_ccd,3.29
4,8,per_ddc,2.29
4,8,mistrust,2.99
4,8,WSLS,3.01
4,8,TFTT,3.01
4,8,hard_tft,3.01
4,8,slow_tft,3.01
4,8,GrdTFT,3.01
4,8,prober,3.005
4,8,mem2,3.01
4,8,grok:grok-3-mini,3.01
4,8,Tideman & Chieruzzi,2.975
4,8,Nydegger,3.01
4,8,Grofman,3.01
4,8,Shubik,3.01
4,8,Stein & Rapoport: 0.05,2.975
4,8,GRIM,3.01
4,8,Davis: 10,3.01
4,8,Graaskamp: 0.05,3.545
4,8,Downing,1.125
4,8,"Feld: 1.0, 0.5, 200",1.625
4,8,Joss: 0.9,2.09
4,8,Tullock,1.45
4,8,Anonymous,2.975
4,8,Random: 0.5,2.99
4,9,Cu,3.01
4,9,Du,0.975
4,9,Tit For Tat,3.01
4,9,spiteful,3.01
4,9,soft_majo,3.01
4,9,hard_majo,2.99
4,9,per_cd,2.685
4,9,per_ccd,3.29
4,9,per_ddc,2.29
4,9,mistrust,2.99
4,9,WSLS,3.01
4,9,TFTT,3.01
4,9,hard_tft,3.01
4,9,slow_tft,3.01
4,9,GrdTFT,3.01
4,9,prober,3.005
4,9,mem2,3.01
4,9,grok:grok-3-mini,3.01
4,9,Tideman & Chieruzzi,2.975
4,9,Nydegger,3.01
4,9,Grofman,3.01
4,9,Shubik,3.01
4,9,Stein & Rapoport: 0.05,2.975
4,9,GRIM,3.01
4,9,Davis: 10,3.01
4,9,Graaskamp: 0.05,3.32
4,9,Downing,1.125
4,9,"Feld: 1.0, 0.5, 200",1.745
4,9,Joss: 0.9,2.135
4,9,Tullock,1.57
4,9,Anonymous,2.71
4,9,Random: 0.5,2.8
4,10,Cu,3.01
4,10,Du,0.975
4,10,Tit For Tat,3.01
4,10,spiteful,3.01
4,10,soft_majo,3.01
4,10,hard_majo,2.99
4,10,per_cd,2.685
4,10,per_ccd,3.29
4,10,per_ddc,2.29
4,10,mistrust,2.99
4,10,WSLS,3.01
4,10,TFTT,3.01
4,10,hard_tft,3.01
4,10,slow_tft,3.01
4,10,GrdTFT,3.01
4,10,prober,3.005
4,10,mem2,3.01
4,10,grok:grok-3-mini,3.01
4,10,Tideman & Chieruzzi,2.975
4,10,Nydegger,3.01
4,10,Grofman,3.01
4,10,Shubik,3.01
4,10,Stein & Rapoport: 0.05,2.975
4,10,GRIM,3.01
4,10,Davis: 10,3.01
4,10,Graaskamp: 0.05,3.42
4,10,Downing,1.125
4,10,"Feld: 1.0, 0.5, 200",1.665
4,10,Joss: 0.9,2.095
4,10,Tullock,1.515
4,10,Anonymous,2.915
4,10,Random: 0.5,3.14
4,11,Cu,3.01
4,11,Du,0.975
4,11,Tit For Tat,3.01
4,11,spiteful,3.01
4,11,soft_majo,3.01
4,11,hard_majo,2.99
4,11,per_cd,2.685
4,11,per_ccd,3.29
4,11,per_ddc,2.29
4,11,mistrust,2.99
4,11,WSLS,3.01
4,11,TFTT,3.01
4,11,hard_tft,3.01
4,11,slow_tft,3.01
4,11,GrdTFT,3.01
4,11,prober,3.005
4,11,mem2,3.01
4,11,grok:grok-3-mini,3.01
4,11,Tideman & Chieruzzi,2.975
4,11,Nydegger,3.01
4,11,Grofman,3.01
4,11,Shubik,3.01
4,11,Stein & Rapoport: 0.05,2.975
4,11,GRIM,3.01
4,11,Davis: 10,3.01
4,11,Graaskamp: 0.05,3.43
4,11,Downing,1.125
4,11,"Feld: 1.0, 0.5, 200",1.685
4,11,Joss: 0.9,2.215
4,11,Tullock,1.32
4,11,Anonymous,2.755
4,11,Random: 0.5,2.575
4,12,Cu,3.01
4,12,Du,0.975
4,12,Tit For Tat,3.01
4,12,spiteful,3.01
4,12,soft_majo,3.01
4,12,hard_majo,2.99
4,12,per_cd,2.685
4,12,per_ccd,3.29
4,12,per_ddc,2.29
4,12,mistrust,2.99
4,12,WSLS,3.01
4,12,TFTT,3.01
4,12,hard_tft,3.01
4,12,slow_tft,3.01
4,12,GrdTFT,3.01
4,12,prober,3.005
4,12,mem2,3.01
4,12,grok:grok-3-mini,3.01
4,12,Tideman & Chieruzzi,2.975
4,12,Nydegger,3.01
4,12,Grofman,3.01
4,12,Shubik,3.01
4,12,Stein & Rapoport: 0.05,2.975
4,12,GRIM,3.01
4,12,Davis: 10,3.01
4,12,Graaskamp: 0.05,3.515
4,12,Downing,1.125
4,12,"Feld: 1.0, 0.5, 200",1.955
4,12,Joss: 0.9,1.845
4,12,Tullock,1.21
4,12,Anonymous,2.83
4,12,Random: 0.5,2.935
4,13,Cu,3.01
4,13,Du,0.975
4,13,Tit For Tat,3.01
4,13,spiteful,3.01
4,13,soft_majo,3.01
4,13,hard_majo,2.99
4,13,per_cd,2.685
4,13,per_ccd,3.29
4,13,per_ddc,2.29
4,13,mistrust,2.99
4,13,WSLS,3.01
4,13,TFTT,3.01
4,13,hard_tft,3.01
4,13,slow_tft,3.01
4,13,GrdTFT,3.01
4,13,prober,3.005
4,13,mem2,3.01
4,13,grok:grok-3-mini,3.01
4,13,Tideman & Chieruzzi,2.975
4,13,Nydegger,3.01
4,13,Grofman,3.01
4,13,Shubik,3.01
4,13,Stein & Rapoport: 0.05,2.975
4,13,GRIM,3.01
4,13,Davis: 10,3.01
4,13,Graaskamp: 0.05,3.415
4,13,Downing,1.125
4,13,"Feld: 1.0, 0.5, 200",1.9
4,13,Joss: 0.9,1.445
4,13,Tullock,1.57
4,13,Anonymous,3.07
4,13,Random: 0.5,2.76
4,14,Cu,3.01
4,14,Du,0.975
4,14,Tit For Tat,3.01
4,14,spiteful,3.01
4,14,soft_majo,3.01
4,14,hard_majo,2.99
4,14,per_cd,2.685
4,14,per_ccd,3.29
4,14,per_ddc,2.29
4,14,mistrust,2.99
4,14,WSLS,3.01
4,14,TFTT,3.01
4,14,hard_tft,3.01
4,14,slow_tft,3.01
4,14,GrdTFT,3.01
4,14,prober,3.005
4,14,mem2,3.01
4,14,grok:grok-3-mini,3.01
4,14,Tideman & Chieruzzi,2.975
4,14,Nydegger,3.01
4,14,Grofman,3.01
4,14,Shubik,3.01
4,14,Stein & Rapoport: 0.05,2.975
4,14,GRIM,3.01
4,14,Davis: 10,3.01
4,14,Graaskamp: 0.05,3.45
4,14,Downing,1.125
4,14,"Feld: 1.0, 0.5, 200",1.605
4,14,Joss: 0.9,2.385
4,14,Tullock,1.42
4,14,Anonymous,2.845
4,14,Random: 0.5,2.76
4,15,Cu,3.01
4,15,Du,0.975
4,15,Tit For Tat,3.01
4,15,spiteful,3.01
4,15,soft_majo,3.01
4,15,hard_majo,2.99
4,15,per_cd,2.685
4,15,per_ccd,3.29
4,15,per_ddc,2.29
4,15,mistrust,2.99
4,15,WSLS,3.01
4,15,TFTT,3.01
4,15,hard_tft,3.01
4,15,slow_tft,3.01
4,15,GrdTFT,3.01
4,15,prober,3.005
4,15,mem2,3.01
4,15,grok:grok-3-mini,3.01
4,15,Tideman & Chieruzzi,2.975
4,15,Nydegger,3.01
4,15,Grofman,3.01
4,15,Shubik,3.01
4,15,Stein & Rapoport: 0.05,2.975
4,15,GRIM,3.01
4,15,Davis: 10,3.01
4,15,Graaskamp: 0.05,3.515
4,15,Downing,1.125
4,15,"Feld: 1.0, 0.5, 200",1.9
4,15,Joss: 0.9,2.165
4,15,Tullock,1.395
4,15,Anonymous,2.89
4,15,Random: 0.5,2.695
4,16,Cu,3.01
4,16,Du,0.975
4,16,Tit For Tat,3.01
4,16,spiteful,3.01
4,16,soft_majo,3.01
4,16,hard_majo,2.99
4,16,per_cd,2.685
4,16,per_ccd,3.29
4,16,per_ddc,2.29
4,16,mistrust,2.99
4,16,WSLS,3.01
4,16,TFTT,3.01
4,16,hard_tft,3.01
4,16,slow_tft,3.01
4,16,GrdTFT,3.01
4,16,prober,3.005
4,16,mem2,3.01
4,16,grok:grok-3-mini,3.01
4,16,Tideman & Chieruzzi,2.975
4,16,Nydegger,3.01
4,16,Grofman,3.01
4,16,Shubik,3.01
4,16,Stein & Rapoport: 0.05,2.975
4,16,GRIM,3.01
4,16,Davis: 10,3.01
4,16,Graaskamp: 0.05,3.435
4,16,Downing,1.125
4,16,"Feld: 1.0, 0.5, 200",1.595
4,16,Joss: 0.9,2.215
4,16,Tullock,1.64
4,16,Anonymous,3.105
4,16,Random: 0.5,2.87
4,17,Cu,3.01
4,17,Du,0.975
4,17,Tit For Tat,3.01
4,17,spiteful,3.01
4,17,soft_majo,3.01
4,17,hard_majo,2.99
4,17,per_cd,2.685
4,17,per_ccd,3.29
4,17,per_ddc,2.29
4,17,mistrust,2.99
4,17,WSLS,3.01
4,17,TFTT,3.01
4,17,hard_tft,3.01
4,17,slow_tft,3.01
4,17,GrdTFT,3.01
4,17,prober,3.005
4,17,mem2,3.01
4,17,grok:grok-3-mini,3.01
4,17,Tideman & Chieruzzi,2.975
4,17,Nydegger,3.01
4,17,Grofman,3.01
4,17,Shubik,3.01
4,17,Stein & Rapoport: 0.05,2.975
4,17,GRIM,3.01
4,17,Davis: 10,3.01
4,17,Graaskamp: 0.05,3.535
4,17,Downing,1.125
4,17,"Feld: 1.0, 0.5, 200",1.965
4,17,Joss: 0.9,2.45
4,17,Tullock,1.43
4,17,Anonymous,3.045
4,17,Random: 0.5,2.85
4,18,Cu,3.01
4,18,Du,0.975
4,18,Tit For Tat,3.01
4,18,spiteful,3.01
4,18,soft_majo,3.01
4,18,hard_majo,2.99
4,18,per_cd,2.685
4,18,per_ccd,3.29
4,18,per_ddc,2.29
4,18,mistrust,2.99
4,18,WSLS,3.01
4,18,TFTT,3.01
4,18,hard_tft,3.01
4,18,slow_tft,3.01
4,18,GrdTFT,3.01
4,18,prober,3.005
4,18,mem2,3.01
4,18,grok:grok-3-mini,3.01
4,18,Tideman & Chieruzzi,2.975
4,18,Nydegger,3.01
4,18,Grofman,3.01
4,18,Shubik,3.01
4,18,Stein & Rapoport: 0.05,2.975
4,18,GRIM,3.01
4,18,Davis: 10,3.01
4,18,Graaskamp: 0.05,3.565
4,18,Downing,1.125
4,18,"Feld: 1.0, 0.5, 200",1.505
4,18,Joss: 0.9,2.62
4,18,Tullock,1.53
4,18,Anonymous,2.91
4,18,Random: 0.5,3.055
4,19,Cu,3.01
4,19,Du,0.975
4,19,Tit For Tat,3.01
4,19,spiteful,3.01
4,19,soft_majo,3.01
4,19,hard_majo,2.99
4,19,per_cd,2.685
4,19,per_ccd,3.29
4,19,per_ddc,2.29
4,19,mistrust,2.99
4,19,WSLS,3.01
4,19,TFTT,3.01
4,19,hard_tft,3.01
4,19,slow_tft,3.01
4,19,GrdTFT,3.01
4,19,prober,3.005
4,19,mem2,3.01
4,19,grok:grok-3-mini,3.01
4,19,Tideman & Chieruzzi,2.975
4,19,Nydegger,3.01
4,19,Grofman,3.01
4,19,Shubik,3.01
4,19,Stein & Rapoport: 0.05,2.975
4,19,GRIM,3.01
4,19,Davis: 10,3.01
4,19,Graaskamp: 0.05,3.575
4,19,Downing,1.125
4,19,"Feld: 1.0, 0.5, 200",1.685
4,19,Joss: 0.9,2.55
4,19,Tullock,1.52
4,19,Anonymous,2.93
4,19,Random: 0.5,2.815
5,0,Cu,3.01
5,0,Du,0.975
5,0,Tit For Tat,3.01
5,0,spiteful,3.01
5,0,soft_majo,3.01
5,0,hard_majo,2.99
5,0,per_cd,2.685
5,0,per_ccd,3.29
5,0,per_ddc,2.29
5,0,mistrust,2.99
5,0,WSLS,3.01
5,0,TFTT,3.01
5,0,hard_tft,3.01
5,0,slow_tft,3.01
5,0,GrdTFT,3.01
5,0,prober,3.005
5,0,mem2,3.01
5,0,grok:grok-3-mini,3.01
5,0,Tideman & Chieruzzi,2.975
5,0,Nydegger,3.01
5,0,Grofman,3.01
5,0,Shubik,3.01
5,0,Stein & Rapoport: 0.05,2.975
5,0,GRIM,3.01
5,0,Davis: 10,3.01
5,0,Graaskamp: 0.05,3.415
5,0,Downing,1.125
5,0,"Feld: 1.0, 0.5, 200",1.655
5,0,Joss: 0.9,2.235
5,0,Tullock,1.345
5,0,Anonymous,3.055
5,0,Random: 0.5,2.905
5,1,Cu,3.01
5,1,Du,0.975
5,1,Tit For Tat,3.01
5,1,spiteful,3.01
5,1,soft_majo,3.01
5,1,hard_majo,2.99
5,1,per_cd,2.685
5,1,per_ccd,3.29
5,1,per_ddc,2.29
5,1,mistrust,2.99
5,1,WSLS,3.01
5,1,TFTT,3.01
5,1,hard_tft,3.01
5,1,slow_tft,3.01
5,1,GrdTFT,3.01
5,1,prober,3.005
5,1,mem2,3.01
5,1,grok:grok-3-mini,3.01
5,1,Tideman & Chieruzzi,2.975
5,1,Nydegger,3.01
5,1,Grofman,3.01
5,1,Shubik,3.01
5,1,Stein & Rapoport: 0.05,2.975
5,1,GRIM,3.01
5,1,Davis: 10,3.01
5,1,Graaskamp: 0.05,3.45
5,1,Downing,1.125
5,1,"Feld: 1.0, 0.5, 200",1.735
5,1,Joss: 0.9,2.035
5,1,Tullock,1.295
5,1,Anonymous,2.995
5,1,Random: 0.5,2.905
5,2,Cu,3.01
5,2,Du,0.975
5,2,Tit For Tat,3.01
5,2,spiteful,3.01
5,2,soft_majo,3.01
5,2,hard_majo,2.99
5,2,per_cd,2.685
5,2,per_ccd,3.29
5,2,per_ddc,2.29
5,2,mistrust,2.99
5,2,WSLS,3.01
5,2,TFTT,3.01
5,2,hard_tft,3.01
5,2,slow_tft,3.01
5,2,GrdTFT,3.01
5,2,prober,3.005
5,2,mem2,3.01
5,2,grok:grok-3-mini,3.01
5,2,Tideman & Chieruzzi,2.975
5,2,Nydegger,3.01
5,2,Grofman,3.01
5,2,Shubik,3.01
5,2,Stein & Rapoport: 0.05,2.975
5,2,GRIM,3.01
5,2,Davis: 10,3.01
5,2,Graaskamp: 0.05,3.52
5,2,Downing,1.125
5,2,"Feld: 1.0, 0.5, 200",1.675
5,2,Joss: 0.9,2.125
5,2,Tullock,1.96
5,2,Anonymous,2.87
5,2,Random: 0.5,2.595
5,3,Cu,3.01
5,3,Du,0.975
5,3,Tit For Tat,3.01
5,3,spiteful,3.01
5,3,soft_majo,3.01
5,3,hard_majo,2.99
5,3,per_cd,2.685
5,3,per_ccd,3.29
5,3,per_ddc,2.29
5,3,mistrust,2.99
5,3,WSLS,3.01
5,3,TFTT,3.01
5,3,hard_tft,3.01
5,3,slow_tft,3.01
5,3,GrdTFT,3.01
5,3,prober,3.005
5,3,mem2,3.01
5,3,grok:grok-3-mini,3.01
5,3,Tideman & Chieruzzi,2.975
5,3,Nydegger,3.01
5,3,Grofman,3.01
5,3,Shubik,3.01
5,3,Stein & Rapoport: 0.05,2.975
5,3,GRIM,3.01
5,3,Davis: 10,3.01
5,3,Graaskamp: 0.05,3.48
5,3,Downing,1.125
5,3,"Feld: 1.0, 0.5, 200",1.565
5,3,Joss: 0.9,1.855
5,3,Tullock,1.475
5,3,Anonymous,3.025
5,3,Random: 0.5,3.05
5,4,Cu,3.01
5,4,Du,0.975
5,4,Tit For Tat,3.01
5,4,spiteful,3.01
5,4,soft_majo,3.01
5,4,hard_majo,2.99
5,4,per_cd,2.685
5,4,per_ccd,3.29
5,4,per_ddc,2.29
5,4,mistrust,2.99
5,4,WSLS,3.01
5,4,TFTT,3.01
5,4,hard_tft,3.01
5,4,slow_tft,3.01
5,4,GrdTFT,3.01
5,4,prober,3.005
5,4,mem2,3.01
5,4,grok:grok-3-mini,3.01
5,4,Tideman & Chieruzzi,2.975
5,4,Nydegger,3.01
5,4,Grofman,3.01
5,4,Shubik,3.01
5,4,Stein & Rapoport: 0.05,2.975
5,4,GRIM,3.01
5,4,Davis: 10,3.01
5,4,Graaskamp: 0.05,3.405
5,4,Downing,1.125
5,4,"Feld: 1.0, 0.5, 200",1.825
5,4,Joss: 0.9,2.015
5,4,Tullock,1.44
5,4,Anonymous,2.975
5,4,Random: 0.5,2.775
5,5,Cu,3.01
5,5,Du,0.975
5,5,Tit For Tat,3.01
5,5,spiteful,3.01
5,5,soft_majo,3.01
5,5,hard_majo,2.99
5,5,per_cd,2.685
5,5,per_ccd,3.29
5,5,per_ddc,2.29
5,5,mistrust,2.99
5,5,WSLS,3.01
5,5,TFTT,3.01
5,5,hard_tft,3.01
5,5,slow_tft,3.01
5,5,GrdTFT,3.01
5,5,prober,3.005
5,5,mem2,3.01
5,5,grok:grok-3-mini,3.01
5,5,Tideman & Chieruzzi,2.975
5,5,Nydegger,3.01
5,5,Grofman,3.01
5,5,Shubik,3.01
5,5,Stein & Rapoport: 0.05,2.975
5,5,GRIM,3.01
5,5,Davis: 10,3.01
5,5,Graaskamp: 0.05,3.395
5,5,Downing,1.125
5,5,"Feld: 1.0, 0.5, 200",1.925
5,5,Joss: 0.9,1.445
5,5,Tullock,1.365
5,5,Anonymous,2.705
5,5,Random: 0.5,2.945
5,6,Cu,3.01
5,6,Du,0.975
5,6,Tit For Tat,3.01
5,6,spiteful,3.01
5,6,soft_majo,3.01
5,6,hard_majo,2.99
5,6,per_cd,2.685
5,6,per_ccd,3.29
5,6,per_ddc,2.29
5,6,mistrust,2.99
5,6,WSLS,3.01
5,6,TFTT,3.01
5,6,hard_tft,3.01
5,6,slow_tft,3.01
5,6,GrdTFT,3.01
5,6,prober,3.005
5,6,mem2,3.01
5,6,grok:grok-3-mini,3.01
5,6,Tideman & Chieruzzi,2.975
5,6,Nydegger,3.01
5,6,Grofman,3.01
5,6,Shubik,3.01
5,6,Stein & Rapoport: 0.05,2.975
5,6,GRIM,3.01
5,6,Davis: 10,3.01
5,6,Graaskamp: 0.05,3.445
5,6,Downing,1.125
5,6,"Feld: 1.0, 0.5, 200",1.775
5,6,Joss: 0.9,1.585
5,6,Tullock,1.405
5,6,Anonymous,2.73
5,6,Random: 0.5,2.7
5,7,Cu,3.01
5,7,Du,0.975
5,7,Tit For Tat,3.01
5,7,spiteful,3.01
5,7,soft_majo,3.01
5,7,hard_majo,2.99
5,7,per_cd,2.685
5,7,per_ccd,3.29
5,7,per_ddc,2.29
5,7,mistrust,2.99
5,7,WSLS,3.01
5,7,TFTT,3.01
5,7,hard_tft,3.01
5,7,slow_tft,3.01
5,7,GrdTFT,3.01
5,7,prober,3.005
5,7,mem2,3.01
5,7,grok:grok-3-mini,3.01
5,7,Tideman & Chieruzzi,2.975
5,7,Nydegger,3.01
5,7,Grofman,3.01
5,7,Shubik,3.01
5,7,Stein & Rapoport: 0.05,2.975
5,7,GRIM,3.01
5,7,Davis: 10,3.01
5,7,Graaskamp: 0.05,3.38
5,7,Downing,1.125
5,7,"Feld: 1.0, 0.5, 200",1.735
5,7,Joss: 0.9,2.45
5,7,Tullock,1.6
5,7,Anonymous,2.88
5,7,Random: 0.5,2.765
5,8,Cu,3.01
5,8,Du,0.975
5,8,Tit For Tat,3.01
5,8,spiteful,3.01
5,8,soft_majo,3.01
5,8,hard_majo,2.99
5,8,per_cd,2.685
5,8,per_ccd,3.29
5,8,per_ddc,2.29
5,8,mistrust,2.99
5,8,WSLS,3.01
5,8,TFTT,3.01
5,8,hard_tft,3.01
5,8,slow_tft,3.01
5,8,GrdTFT,3.01
5,8,prober,3.005
5,8,mem2,3.01
5,8,grok:grok-3-mini,3.01
5,8,Tideman & Chieruzzi,2.975
5,8,Nydegger,3.01
5,8,Grofman,3.01
5,8,Shubik,3.01
5,8,Stein & Rapoport: 0.05,2.975
5,8,GRIM,3.01
5,8,Davis: 10,3.01
5,8,Graaskamp: 0.05,3.385
5,8,Downing,1.125
5,8,"Feld: 1.0, 0.5, 200",1.655
5,8,Joss: 0.9,1.685
5,8,Tullock,1.385
5,8,Anonymous,2.795
5,8,Random: 0.5,2.73
5,9,Cu,3.01
5,9,Du,0.975
5,9,Tit For Tat,3.01
5,9,spiteful,3.01
5,9,soft_majo,3.01
5,9,hard_majo,2.99
5,9,per_cd,2.685
5,9,per_ccd,3.29
5,9,per_ddc,2.29
5,9,mistrust,2.99
5,9,WSLS,3.01
5,9,TFTT,3.01
5,9,hard_tft,3.01
5,9,slow_tft,3.01
5,9,GrdTFT,3.01
5,9,prober,3.005
5,9,mem2,3.01
5,9,grok:grok-3-mini,3.01
5,9,Tideman & Chieruzzi,2.975
5,9,Nydegger,3.01
5,9,Grofman,3.01
5,9,Shubik,3.01
5,9,Stein & Rapoport: 0.05,2.975
5,9,GRIM,3.01
5,9,Davis: 10,3.01
5,9,Graaskamp: 0.05,3.535
5,9,Downing,1.125
5,9,"Feld: 1.0, 0.5, 200",1.595
5,9,Joss: 0.9,1.835
5,9,Tullock,1.68
5,9,Anonymous,3.025
5,9,Random: 0.5,2.825
5,10,Cu,3.01
5,10,Du,0.975
5,10,Tit For Tat,3.01
5,10,spiteful,3.01
5,10,soft_majo,3.01
5,10,hard_majo,2.99
5,10,per_cd,2.685
5,10,per_ccd,3.29
5,10,per_ddc,2.29
5,10,mistrust,2.99
5,10,WSLS,3.01
5,10,TFTT,3.01
5,10,hard_tft,3.01
5,10,slow_tft,3.01
5,10,GrdTFT,3.01
5,10,prober,3.005
5,10,mem2,3.01
5,10,grok:grok-3-mini,3.01
5,10,Tideman & Chieruzzi,2.975
5,10,Nydegger,3.01
5,10,Grofman,3.01
5,10,Shubik,3.01
5,10,Stein & Rapoport: 0.05,2.975
5,10,GRIM,3.01
5,10,Davis: 10,3.01
5,10,Graaskamp: 0.05,3.52
5,10,Downing,1.125
5,10,"Feld: 1.0, 0.5, 200",1.815
5,10,Joss: 0.9,2.565
5,10,Tullock,1.34
5,10,Anonymous,2.79
5,10,Random: 0.5,2.69
5,11,Cu,3.01
5,11,Du,0.975
5,11,Tit For Tat,3.01
5,11,spiteful,3.01
5,11,soft_majo,3.01
5,11,hard_majo,2.99
5,11,per_cd,2.685
5,11,per_ccd,3.29
5,11,per_ddc,2.29
5,11,mistrust,2.99
5,11,WSLS,3.01
5,11,TFTT,3.01
5,11,hard_tft,3.01
5,11,slow_tft,3.01
5,11,GrdTFT,3.01
5,11,prober,3.005
5,11,mem2,3.01
5,11,grok:grok-3-mini,3.01
5,11,Tideman & Chieruzzi,2.975
5,11,Nydegger,3.01
5,11,Grofman,3.01
5,11,Shubik,3.01
5,11,Stein & Rapoport: 0.05,2.975
5,11,GRIM,3.01
5,11,Davis: 10,3.01
5,11,Graaskamp: 0.05,3.415
5,11,Downing,1.125
5,11,"Feld: 1.0, 0.5, 200",2.035
5,11,Joss: 0.9,2.22
5,11,Tullock,1.38
5,11,Anonymous,2.75
5,11,Random: 0.5,2.525
5,12,Cu,3.01
5,12,Du,0.975
5,12,Tit For Tat,3.01
5,12,spiteful,3.01
5,12,soft_majo,3.01
5,12,hard_majo,2.99
5,12,per_cd,2.685
5,12,per_ccd,3.29
5,12,per_ddc,2.29
5,12,mistrust,2.99
5,12,WSLS,3.01
5,12,TFTT,3.01
5,12,hard_tft,3.01
5,12,slow_tft,3.01
5,12,GrdTFT,3.01
5,12,prober,3.005
5,12,mem2,3.01
5,12,grok:grok-3-mini,3.01
5,12,Tideman & Chieruzzi,2.975
5,12,Nydegger,3.01
5,12,Grofman,3.01
5,12,Shubik,3.01
5,12,Stein & Rapoport: 0.05,2.975
5,12,GRIM,3.01
5,12,Davis: 10,3.01
5,12,Graaskamp: 0.05,3.475
5,12,Downing,1.125
5,12,"Feld: 1.0, 0.5, 200",1.925
5,12,Joss: 0.9,2.285
5,12,Tullock,1.32
5,12,Anonymous,2.85
5,12,Random: 0.5,2.725
5,13,Cu,3.01
5,13,Du,0.975
5,13,Tit For Tat,3.01
5,13,spiteful,3.01
5,13,soft_majo,3.01
5,13,hard_majo,2.99
5,13,per_cd,2.685
5,13,per_ccd,3.29
5,13,per_ddc,2.29
5,13,mistrust,2.99
5,13,WSLS,3.01
5,13,TFTT,3.01
5,13,hard_tft,3.01
5,13,slow_tft,3.01
5,13,GrdTFT,3.01
5,13,prober,3.005
5,13,mem2,3.01
5,13,grok:grok-3-mini,3.01
5,13,Tideman & Chieruzzi,2.975
5,13,Nydegger,3.01
5,13,Grofman,3.01
5,13,Shubik,3.01
5,13,Stein & Rapoport: 0.05,2.975
5,13,GRIM,3.01
5,13,Davis: 10,3.01
5,13,Graaskamp: 0.05,3.385
5,13,Downing,1.125
5,13,"Feld: 1.0, 0.5, 200",1.945
5,13,Joss: 0.9,2.345
5,13,Tullock,1.325
5,13,Anonymous,2.71
5,13,Random: 0.5,2.655
5,14,Cu,3.01
5,14,Du,0.975
5,14,Tit For Tat,3.01
5,14,spiteful,3.01
5,14,soft_majo,3.01
5,14,hard_majo,2.99
5,14,per_cd,2.685
5,14,per_ccd,3.29
5,14,per_ddc,2.29
5,14,mistrust,2.99
5,14,WSLS,3.01
5,14,TFTT,3.01
5,14,hard_tft,3.01
5,14,slow_tft,3.01
5,14,GrdTFT,3.01
5,14,prober,3.005
5,14,mem2,3.01
5,14,grok:grok-3-mini,3.01
5,14,Tideman & Chieruzzi,2.975
5,14,Nydegger,3.01
5,14,Grofman,3.01
5,14,Shubik,3.01
5,14,Stein & Rapoport: 0.05,2.975
5,14,GRIM,3.01
5,14,Davis: 10,3.01
5,14,Graaskamp: 0.05,3.315
5,14,Downing,1.125
5,14,"Feld: 1.0, 0.5, 200",1.995
5,14,Joss: 0.9,1.845
5,14,Tullock,1.24
5,14,Anonymous,2.635
5,14,Random: 0.5,3.135
5,15,Cu,3.01
5,15,Du,0.975
5,15,Tit For Tat,3.01
5,15,spiteful,3.01
5,15,soft_majo,3.01
5,15,hard_majo,2.99
5,15,per_cd,2.685
5,15,per_ccd,3.29
5,15,per_ddc,2.29
5,15,mistrust,2.99
5,15,WSLS,3.01
5,15,TFTT,3.01
5,15,hard_tft,3.01
5,15,slow_tft,3.01
5,15,GrdTFT,3.01
5,15,prober,3.005
5,15,mem2,3.01
5,15,grok:grok-3-mini,3.01
5,15,Tideman & Chieruzzi,2.975
5,15,Nydegger,3.01
5,15,Grofman,3.01
5,15,Shubik,3.01
5,15,Stein & Rapoport: 0.05,2.975
5,15,GRIM,3.01
5,15,Davis: 10,3.01
5,15,Graaskamp: 0.05,3.505
5,15,Downing,1.125
5,15,"Feld: 1.0, 0.5, 200",1.825
5,15,Joss: 0.9,1.405
5,15,Tullock,1.555
5,15,Anonymous,2.65
5,15,Random: 0.5,2.85
5,16,Cu,3.01
5,16,Du,0.975
5,16,Tit For Tat,3.01
5,16,spiteful,3.01
5,16,soft_majo,3.01
5,16,hard_majo,2.99
5,16,per_cd,2.685
5,16,per_ccd,3.29
5,16,per_ddc,2.29
5,16,mistrust,2.99
5,16,WSLS,3.01
5,16,TFTT,3.01
5,16,hard_tft,3.01
5,16,slow_tft,3.01
5,16,GrdTFT,3.01
5,16,prober,3.005
5,16,mem2,3.01
5,16,grok:grok-3-mini,3.01
5,16,Tideman & Chieruzzi,2.975
5,16,Nydegger,3.01
5,16,Grofman,3.01
5,16,Shubik,3.01
5,16,Stein & Rapoport: 0.05,2.975
5,16,GRIM,3.01
5,16,Davis: 10,3.01
5,16,Graaskamp: 0.05,3.375
5,16,Downing,1.125
5,16,"Feld: 1.0, 0.5, 200",1.815
5,16,Joss: 0.9,2.2
5,16,Tullock,1.31
5,16,Anonymous,2.92
5,16,Random: 0.5,2.68
5,17,Cu,3.01
5,17,Du,0.975
5,17,Tit For Tat,3.01
5,17,spiteful,3.01
5,17,soft_majo,3.01
5,17,hard_majo,2.99
5,17,per_cd,2.685
5,17,per_ccd,3.29
5,17,per_ddc,2.29
5,17,mistrust,2.99
5,17,WSLS,3.01
5,17,TFTT,3.01
5,17,hard_tft,3.01
5,17,slow_tft,3.01
5,17,GrdTFT,3.01
5,17,prober,3.005
5,17,mem2,3.01
5,17,grok:grok-3-mini,3.01
5,17,Tideman & Chieruzzi,2.975
5,17,Nydegger,3.01
5,17,Grofman,3.01
5,17,Shubik,3.01
5,17,Stein & Rapoport: 0.05,2.975
5,17,GRIM,3.01
5,17,Davis: 10,3.01
5,17,Graaskamp: 0.05,3.535
5,17,Downing,1.125
5,17,"Feld: 1.0, 0.5, 200",1.875
5,17,Joss: 0.9,2.34
5,17,Tullock,1.38
5,17,Anonymous,2.855
5,17,Random: 0.5,3.04
5,18,Cu,3.01
5,18,Du,0.975
5,18,Tit For Tat,3.01
5,18,spiteful,3.01
5,18,soft_majo,3.01
5,18,hard_majo,2.99
5,18,per_cd,2.685
5,18,per_ccd,3.29
5,18,per_ddc,2.29
5,18,mistrust,2.99
5,18,WSLS,3.01
5,18,TFTT,3.01
5,18,hard_tft,3.01
5,18,slow_tft,3.01
5,18,GrdTFT,3.01
5,18,prober,3.005
5,18,mem2,3.01
5,18,grok:grok-3-mini,3.01
5,18,Tideman & Chieruzzi,2.975
5,18,Nydegger,3.01
5,18,Grofman,3.01
5,18,Shubik,3.01
5,18,Stein & Rapoport: 0.05,2.975
5,18,GRIM,3.01
5,18,Davis: 10,3.01
5,18,Graaskamp: 0.05,3.36
5,18,Downing,1.125
5,18,"Feld: 1.0, 0.5, 200",1.665
5,18,Joss: 0.9,1.315
5,18,Tullock,1.48
5,18,Anonymous,2.565
5,18,Random: 0.5,2.825
5,19,Cu,3.01
5,19,Du,0.975
5,19,Tit For Tat,3.01
5,19,spiteful,3.01
5,19,soft_majo,3.01
5,19,hard_majo,2.99
5,19,per_cd,2.685
5,19,per_ccd,3.29
5,19,per_ddc,2.29
5,19,mistrust,2.99
5,19,WSLS,3.01
5,19,TFTT,3.01
5,19,hard_tft,3.01
5,19,slow_tft,3.01
5,19,GrdTFT,3.01
5,19,prober,3.005
5,19,mem2,3.01
5,19,grok:grok-3-mini,3.01
5,19,Tideman & Chieruzzi,2.975
5,19,Nydegger,3.01
5,19,Grofman,3.01
5,19,Shubik,3.01
5,19,Stein & Rapoport: 0.05,2.975
5,19,GRIM,3.01
5,19,Davis: 10,3.01
5,19,Graaskamp: 0.05,3.505
5,19,Downing,1.125
5,19,"Feld: 1.0, 0.5, 200",1.615
5,19,Joss: 0.9,2.45
5,19,Tullock,1.385
5,19,Anonymous,2.715
5,19,Random: 0.5,2.92
6,0,Cu,3.01
6,0,Du,0.975
6,0,Tit For Tat,3.01
6,0,spiteful,3.01
6,0,soft_majo,3.01
6,0,hard_majo,2.99
6,0,per_cd,2.685
6,0,per_ccd,3.29
6,0,per_ddc,2.29
6,0,mistrust,2.99
6,0,WSLS,3.01
6,0,TFTT,3.01
6,0,hard_tft,3.01
6,0,slow_tft,3.01
6,0,GrdTFT,3.01
6,0,prober,3.005
6,0,mem2,3.01
6,0,grok:grok-3-mini,3.01
6,0,Tideman & Chieruzzi,2.975
6,0,Nydegger,3.01
6,0,Grofman,3.01
6,0,Shubik,3.01
6,0,Stein & Rapoport: 0.05,2.975
6,0,GRIM,3.01
6,0,Davis: 10,3.01
6,0,Graaskamp: 0.05,3.41
6,0,Downing,1.125
6,0,"Feld: 1.0, 0.5, 200",1.665
6,0,Joss: 0.9,2.53
6,0,Tullock,1.345
6,0,Anonymous,2.63
6,0,Random: 0.5,2.895
6,1,Cu,3.01
6,1,Du,0.975
6,1,Tit For Tat,3.01
6,1,spiteful,3.01
6,1,soft_majo,3.01
6,1,hard_majo,2.99
6,1,per_cd,2.685
6,1,per_ccd,3.29
6,1,per_ddc,2.29
6,1,mistrust,2.99
6,1,WSLS,3.01
6,1,TFTT,3.01
6,1,hard_tft,3.01
6,1,slow_tft,3.01
6,1,GrdTFT,3.01
6,1,prober,3.005
6,1,mem2,3.01
6,1,grok:grok-3-mini,3.01
6,1,Tideman & Chieruzzi,2.975
6,1,Nydegger,3.01
6,1,Grofman,3.01
6,1,Shubik,3.01
6,1,Stein & Rapoport: 0.05,2.975
6,1,GRIM,3.01
6,1,Davis: 10,3.01
6,1,Graaskamp: 0.05,3.545
6,1,Downing,1.125
6,1,"Feld: 1.0, 0.5, 200",1.9
6,1,Joss: 0.9,1.865
6,1,Tullock,1.28
6,1,Anonymous,2.725
6,1,Random: 0.5,2.65
6,2,Cu,3.01
6,2,Du,0.975
6,2,Tit For Tat,3.01
6,2,spiteful,3.01
6,2,soft_majo,3.01
6,2,hard_majo,2.99
6,2,per_cd,2.685
6,2,per_ccd,3.29
6,2,per_ddc,2.29
6,2,mistrust,2.99
6,2,WSLS,3.01
6,2,TFTT,3.01
6,2,hard_tft,3.01
6,2,slow_tft,3.01
6,2,GrdTFT,3.01
6,2,prober,3.005
6,2,mem2,3.01
6,2,grok:grok-3-mini,3.01
6,2,Tideman & Chieruzzi,2.975
6,2,Nydegger,3.01
6,2,Grofman,3.01
6,2,Shubik,3.01
6,2,Stein & Rapoport: 0.05,2.975
6,2,GRIM,3.01
6,2,Davis: 10,3.01
6,2,Graaskamp: 0.05,3.44
6,2,Downing,1.125
6,2,"Feld: 1.0, 0.5, 200",1.705
6,2,Joss: 0.9,2.185
6,2,Tullock,1.51
6,2,Anonymous,2.885
6,2,Random: 0.5,2.81
6,3,Cu,3.01
6,3,Du,0.975
6,3,Tit For Tat,3.01
6,3,spiteful,3.01
6,3,soft_majo,3.01
6,3,hard_majo,2.99
6,3,per_cd,2.685
6,3,per_ccd,3.29
6,3,per_ddc,2.29
6,3,mistrust,2.99
6,3,WSLS,3.01
6,3,TFTT,3.01
6,3,hard_tft,3.01
6,3,slow_tft,3.01
6,3,GrdTFT,3.01
6,3,prober,3.005
6,3,mem2,3.01
6,3,grok:grok-3-mini,3.01
6,3,Tideman & Chieruzzi,2.975
6,3,Nydegger,3.01
6,3,Grofman,3.01
6,3,Shubik,3.01
6,3,Stein & Rapoport: 0.05,2.975
6,3,GRIM,3.01
6,3,Davis: 10,3.01
6,3,Graaskamp: 0.05,3.29
6,3,Downing,1.125
6,3,"Feld: 1.0, 0.5, 200",1.935
6,3,Joss: 0.9,2.16
6,3,Tullock,1.575
6,3,Anonymous,2.61
6,3,Random: 0.5,3.0
6,4,Cu,3.01
6,4,Du,0.975
6,4,Tit For Tat,3.01
6,4,spiteful,3.01
6,4,soft_majo,3.01
6,4,hard_majo,2.99
6,4,per_cd,2.685
6,4,per_ccd,3.29
6,4,per_ddc,2.29
6,4,mistrust,2.99
6,4,WSLS,3.01
6,4,TFTT,3.01
6,4,hard_tft,3.01
6,4,slow_tft,3.01
6,4,GrdTFT,3.01
6,4,prober,3.005
6,4,mem2,3.01
6,4,grok:grok-3-mini,3.01
6,4,Tideman & Chieruzzi,2.975
6,4,Nydegger,3.01
6,4,Grofman,3.01
6,4,Shubik,3.01
6,4,Stein & Rapoport: 0.05,2.975
6,4,GRIM,3.01
6,4,Davis: 10,3.01
6,4,Graaskamp: 0.05,3.415
6,4,Downing,1.125
6,4,"Feld: 1.0, 0.5, 200",2.045
6,4,Joss: 0.9,2.525
6,4,Tullock,1.305
6,4,Anonymous,2.965
6,4,Random: 0.5,2.985
6,5,Cu,3.01
6,5,Du,0.975
6,5,Tit For Tat,3.01
6,5,spiteful,3.01
6,5,soft_majo,3.01
6,5,hard_majo,2.99
6,5,per_cd,2.685
6,5,per_ccd,3.29
6,5,per_ddc,2.29
6,5,mistrust,2.99
6,5,WSLS,3.01
6,5,TFTT,3.01
6,5,hard_tft,3.01
6,5,slow_tft,3.01
6,5,GrdTFT,3.01
6,5,prober,3.005
6,5,mem2,3.01
6,5,grok:grok-3-mini,3.01
6,5,Tideman & Chieruzzi,2.975
6,5,Nydegger,3.01
6,5,Grofman,3.01
6,5,Shubik,3.01
6,5,Stein & Rapoport: 0.05,2.975
6,5,GRIM,3.01
6,5,Davis: 10,3.01
6,5,Graaskamp: 0.05,3.535
6,5,Downing,1.125
6,5,"Feld: 1.0, 0.5, 200",1.655
6,5,Joss: 0.9,2.345
6,5,Tullock,1.49
6,5,Anonymous,2.6
6,5,Random: 0.5,3.09
6,6,Cu,3.01
6,6,Du,0.975
6,6,Tit For Tat,3.01
6,6,spiteful,3.01
6,6,soft_majo,3.01
6,6,hard_majo,2.99
6,6,per_cd,2.685
6,6,per_ccd,3.29
6,6,per_ddc,2.29
6,6,mistrust,2.99
6,6,WSLS,3.01
6,6,TFTT,3.01
6,6,hard_tft,3.01
6,6,slow_tft,3.01
6,6,GrdTFT,3.01
6,6,prober,3.005
6,6,mem2,3.01
6,6,grok:grok-3-mini,3.01
6,6,Tideman & Chieruzzi,2.975
6,6,Nydegger,3.01
6,6,Grofman,3.01
6,6,Shubik,3.01
6,6,Stein & Rapoport: 0.05,2.975
6,6,GRIM,3.01
6,6,Davis: 10,3.01
6,6,Graaskamp: 0.05,3.385
6,6,Downing,1.125
6,6,"Feld: 1.0, 0.5, 200",1.795
6,6,Joss: 0.9,1.09
6,6,Tullock,1.235
6,6,Anonymous,2.49
6,6,Random: 0.5,3.025
6,7,Cu,3.01
6,7,Du,0.975
6,7,Tit For Tat,3.01
6,7,spiteful,3.01
6,7,soft_majo,3.01
6,7,hard_majo,2.99
6,7,per_cd,2.685
6,7,per_ccd,3.29
6,7,per_ddc,2.29
6,7,mistrust,2.99
6,7,WSLS,3.01
6,7,TFTT,3.01
6,7,hard_tft,3.01
6,7,slow_tft,3.01
6,7,GrdTFT,3.01
6,7,prober,3.005
6,7,mem2,3.01
6,7,grok:grok-3-mini,3.01
6,7,Tideman & Chieruzzi,2.975
6,7,Nydegger,3.01
6,7,Grofman,3.01
6,7,Shubik,3.01
6,7,Stein & Rapoport: 0.05,2.975
6,7,GRIM,3.01
6,7,Davis: 10,3.01
6,7,Graaskamp: 0.05,3.395
6,7,Downing,1.125
6,7,"Feld: 1.0, 0.5, 200",1.845
6,7,Joss: 0.9,2.185
6,7,Tullock,1.385
6,7,Anonymous,2.895
6,7,Random: 0.5,3.21
6,8,Cu,3.01
6,8,Du,0.975
6,8,Tit For Tat,3.01
6,8,spiteful,3.01
6,8,soft_majo,3.01
6,8,hard_majo,2.99
6,8,per_cd,2.685
6,8,per_ccd,3.29
6,8,per_ddc,2.29
6,8,mistrust,2.99
6,8,WSLS,3.01
6,8,TFTT,3.01
6,8,hard_tft,3.01
6,8,slow_tft,3.01
6,8,GrdTFT,3.01
6,8,prober,3.005
6,8,mem2,3.01
6,8,grok:grok-3-mini,3.01
6,8,Tideman & Chieruzzi,2.975
6,8,Nydegger,3.01
6,8,Grofman,3.01
6,8,Shubik,3.01
6,8,Stein & Rapoport: 0.05,2.975
6,8,GRIM,3.01
6,8,Davis: 10,3.01
6,8,Graaskamp: 0.05,3.56
6,8,Downing,1.125
6,8,"Feld: 1.0, 0.5, 200",1.825
6,8,Joss: 0.9,2.07
6,8,Tullock,1.435
6,8,Anonymous,2.945
6,8,Random: 0.5,3.21
6,9,Cu,3.01
6,9,Du,0.975
6,9,Tit For Tat,3.01
6,9,spiteful,3.01
6,9,soft_majo,3.01
6,9,hard_majo,2.99
6,9,per_cd,2.685
6,9,per_ccd,3.29
6,9,per_ddc,2.29
6,9,mistrust,2.99
6,9,WSLS,3.01
6,9,TFTT,3.01
6,9,hard_tft,3.01
6,9,slow_tft,3.01
6,9,GrdTFT,3.01
6,9,prober,3.005
6,9,mem2,3.01
6,9,grok:grok-3-mini,3.01
6,9,Tideman & Chieruzzi,2.975
6,9,Nydegger,3.01
6,9,Grofman,3.01
6,9,Shubik,3.01
6,9,Stein & Rapoport: 0.05,2.975
6,9,GRIM,3.01
6,9,Davis: 10,3.01
6,9,Graaskamp: 0.05,3.525
6,9,Downing,1.125
6,9,"Feld: 1.0, 0.5, 200",1.715
6,9,Joss: 0.9,2.55
6,9,Tullock,1.575
6,9,Anonymous,2.73
6,9,Random: 0.5,2.73
6,10,Cu,3.01
6,10,Du,0.975
6,10,Tit For Tat,3.01
6,10,spiteful,3.01
6,10,soft_majo,3.01
6,10,hard_majo,2.99
6,10,per_cd,2.685
6,10,per_ccd,3.29
6,10,per_ddc,2.29
6,10,mistrust,2.99
6,10,WSLS,3.01
6,10,TFTT,3.01
6,10,hard_tft,3.01
6,10,slow_tft,3.01
6,10,GrdTFT,3.01
6,10,prober,3.005
6,10,mem2,3.01
6,10,grok:grok-3-mini,3.01
6,10,Tideman & Chieruzzi,2.975
6,10,Nydegger,3.01
6,10,Grofman,3.01
6,10,Shubik,3.01
6,10,Stein & Rapoport: 0.05,2.975
6,10,GRIM,3.01
6,10,Davis: 10,3.01
6,10,Graaskamp: 0.05,3.31
6,10,Downing,1.125
6,10,"Feld: 1.0, 0.5, 200",1.675
6,10,Joss: 0.9,2.305
6,10,Tullock,1.515
6,10,Anonymous,3.01
6,10,Random: 0.5,2.79
6,11,Cu,3.01
6,11,Du,0.975
6,11,Tit For Tat,3.01
6,11,spiteful,3.01
6,11,soft_majo,3.01
6,11,hard_majo,2.99
6,11,per_cd,2.685
6,11,per_ccd,3.29
6,11,per_ddc,2.29
6,11,mistrust,2.99
6,11,WSLS,3.01
6,11,TFTT,3.01
6,11,hard_tft,3.01
6,11,slow_tft,3.01
6,11,GrdTFT,3.01
6,11,prober,3.005
6,11,mem2,3.01
6,11,grok:grok-3-mini,3.01
6,11,Tideman & Chieruzzi,2.975
6,11,Nydegger,3.01
6,11,Grofman,3.01
6,11,Shubik,3.01
6,11,Stein & Rapoport: 0.05,2.975
6,11,GRIM,3.01
6,11,Davis: 10,3.01
6,11,Graaskamp: 0.05,3.335
6,11,Downing,1.125
6,11,"Feld: 1.0, 0.5, 200",1.825
6,11,Joss: 0.9,2.175
6,11,Tullock,1.275
6,11,Anonymous,2.885
6,11,Random: 0.5,2.945
6,12,Cu,3.01
6,12,Du,0.975
6,12,Tit For Tat,3.01
6,12,spiteful,3.01
6,12,soft_majo,3.01
6,12,hard_majo,2.99
6,12,per_cd,2.685
6,12,per_ccd,3.29
6,12,per_ddc,2.29
6,12,mistrust,2.99
6,12,WSLS,3.01
6,12,TFTT,3.01
6,12,hard_tft,3.01
6,12,slow_tft,3.01
6,12,GrdTFT,3.01
6,12,prober,3.005
6,12,mem2,3.01
6,12,grok:grok-3-mini,3.01
6,12,Tideman & Chieruzzi,2.975
6,12,Nydegger,3.01
6,12,Grofman,3.01
6,12,Shubik,3.01
6,12,Stein & Rapoport: 0.05,2.975
6,12,GRIM,3.01
6,12,Davis: 10,3.01
6,12,Graaskamp: 0.05,3.29
6,12,Downing,1.125
6,12,"Feld: 1.0, 0.5, 200",1.705
6,12,Joss: 0.9,2.36
6,12,Tullock,1.37
6,12,Anonymous,2.765
6,12,Random: 0.5,2.945
6,13,Cu,3.01
6,13,Du,0.975
6,13,Tit For Tat,3.01
6,13,spiteful,3.01
6,13,soft_majo,3.01
6,13,hard_majo,2.99
6,13,per_cd,2.685
6,13,per_ccd,3.29
6,13,per_ddc,2.29
6,13,mistrust,2.99
6,13,WSLS,3.01
6,13,TFTT,3.01
6,13,hard_tft,3.01
6,13,slow_tft,3.01
6,13,GrdTFT,3.01
6,13,prober,3.005
6,13,mem2,3.01
6,13,grok:grok-3-mini,3.01
6,13,Tideman & Chieruzzi,2.975
6,13,Nydegger,3.01
6,13,Grofman,3.01
6,13,Shubik,3.01
6,13,Stein & Rapoport: 0.05,2.975
6,13,GRIM,3.01
6,13,Davis: 10,3.01
6,13,Graaskamp: 0.05,3.515
6,13,Downing,1.125
6,13,"Feld: 1.0, 0.5, 200",2.045
6,13,Joss: 0.9,2.24
6,13,Tullock,1.395
6,13,Anonymous,2.61
6,13,Random: 0.5,3.115
6,14,Cu,3.01
6,14,Du,0.975
6,14,Tit For Tat,3.01
6,14,spiteful,3.01
6,14,soft_majo,3.01
6,14,hard_majo,2.99
6,14,per_cd,2.685
6,14,per_ccd,3.29
6,14,per_ddc,2.29
6,14,mistrust,2.99
6,14,WSLS,3.01
6,14,TFTT,3.01
6,14,hard_tft,3.01
6,14,slow_tft,3.01
6,14,GrdTFT,3.01
6,14,prober,3.005
6,14,mem2,3.01
6,14,grok:grok-3-mini,3.01
6,14,Tideman & Chieruzzi,2.975
6,14,Nydegger,3.01
6,14,Grofman,3.01
6,14,Shubik,3.01
6,14,Stein & Rapoport: 0.05,2.975
6,14,GRIM,3.01
6,14,Davis: 10,3.01
6,14,Graaskamp: 0.05,3.465
6,14,Downing,1.125
6,14,"Feld: 1.0, 0.5, 200",1.585
6,14,Joss: 0.9,2.18
6,14,Tullock,1.38
6,14,Anonymous,3.075
6,14,Random: 0.5,2.67
6,15,Cu,3.01
6,15,Du,0.975
6,15,Tit For Tat,3.01
6,15,spiteful,3.01
6,15,soft_majo,3.01
6,15,hard_majo,2.99
6,15,per_cd,2.685
6,15,per_ccd,3.29
6,15,per_ddc,2.29
6,15,mistrust,2.99
6,15,WSLS,3.01
6,15,TFTT,3.01
6,15,hard_tft,3.01
6,15,slow_tft,3.01
6,15,GrdTFT,3.01
6,15,prober,3.005
6,15,mem2,3.01
6,15,grok:grok-3-mini,3.01
6,15,Tideman & Chieruzzi,2.975
6,15,Nydegger,3.01
6,15,Grofman,3.01
6,15,Shubik,3.01
6,15,Stein & Rapoport: 0.05,2.975
6,15,GRIM,3.01
6,15,Davis: 10,3.01
6,15,Graaskamp: 0.05,3.43
6,15,Downing,1.125
6,15,"Feld: 1.0, 0.5, 200",1.645
6,15,Joss: 0.9,2.175
6,15,Tullock,1.32
6,15,Anonymous,3.165
6,15,Random: 0.5,3.06
6,16,Cu,3.01
6,16,Du,0.975
6,16,Tit For Tat,3.01
6,16,spiteful,3.01
6,16,soft_majo,3.01
6,16,hard_majo,2.99
6,16,per_cd,2.685
6,16,per_ccd,3.29
6,16,per_ddc,2.29
6,16,mistrust,2.99
6,16,WSLS,3.01
6,16,TFTT,3.01
6,16,hard_tft,3.01
6,16,slow_tft,3.01
6,16,GrdTFT,3.01
6,16,prober,3.005
6,16,mem2,3.01
6,16,grok:grok-3-mini,3.01
6,16,Tideman & Chieruzzi,2.975
6,16,Nydegger,3.01
6,16,Grofman,3.01
6,16,Shubik,3.01
6,16,Stein & Rapoport: 0.05,2.975
6,16,GRIM,3.01
6,16,Davis: 10,3.01
6,16,Graaskamp: 0.05,3.41
6,16,Downing,1.125
6,16,"Feld: 1.0, 0.5, 200",1.615
6,16,Joss: 0.9,2.55
6,16,Tullock,1.72
6,16,Anonymous,2.95
6,16,Random: 0.5,2.975
6,17,Cu,3.01
6,17,Du,0.975
6,17,Tit For Tat,3.01
6,17,spiteful,3.01
6,17,soft_majo,3.01
6,17,hard_majo,2.99
6,17,per_cd,2.685
6,17,per_ccd,3.29
6,17,per_ddc,2.29
6,17,mistrust,2.99
6,17,WSLS,3.01
6,17,TFTT,3.01
6,17,hard_tft,3.01
6,17,slow_tft,3.01
6,17,GrdTFT,3.01
6,17,prober,3.005
6,17,mem2,3.01
6,17,grok:grok-3-mini,3.01
6,17,Tideman & Chieruzzi,2.975
6,17,Nydegger,3.01
6,17,Grofman,3.01
6,17,Shubik,3.01
6,17,Stein & Rapoport: 0.05,2.975
6,17,GRIM,3.01
6,17,Davis: 10,3.01
6,17,Graaskamp: 0.05,3.345
6,17,Downing,1.125
6,17,"Feld: 1.0, 0.5, 200",1.77
6,17,Joss: 0.9,1.065
6,17,Tullock,1.35
6,17,Anonymous,2.72
6,17,Random: 0.5,2.97
6,18,Cu,3.01
6,18,Du,0.975
6,18,Tit For Tat,3.01
6,18,spiteful,3.01
6,18,soft_majo,3.01
6,18,hard_majo,2.99
6,18,per_cd,2.685
6,18,per_ccd,3.29
6,18,per_ddc,2.29
6,18,mistrust,2.99
6,18,WSLS,3.01
6,18,TFTT,3.01
6,18,hard_tft,3.01
6,18,slow_tft,3.01
6,18,GrdTFT,3.01
6,18,prober,3.005
6,18,mem2,3.01
6,18,grok:grok-3-mini,3.01
6,18,Tideman & Chieruzzi,2.975
6,18,Nydegger,3.01
6,18,Grofman,3.01
6,18,Shubik,3.01
6,18,Stein & Rapoport: 0.05,2.975
6,18,GRIM,3.01
6,18,Davis: 10,3.01
6,18,Graaskamp: 0.05,3.39
6,18,Downing,1.125
6,18,"Feld: 1.0, 0.5, 200",1.865
6,18,Joss: 0.9,2.235
6,18,Tullock,1.535
6,18,Anonymous,2.905
6,18,Random: 0.5,2.765
6,19,Cu,3.01
6,19,Du,0.975
6,19,Tit For Tat,3.01
6,19,spiteful,3.01
6,19,soft_majo,3.01
6,19,hard_majo,2.99
6,19,per_cd,2.685
6,19,per_ccd,3.29
6,19,per_ddc,2.29
6,19,mistrust,2.99
6,19,WSLS,3.01
6,19,TFTT,3.01
6,19,hard_tft,3.01
6,19,slow_tft,3.01
6,19,GrdTFT,3.01
6,19,prober,3.005
6,19,mem2,3.01
6,19,grok:grok-3-mini,3.01
6,19,Tideman & Chieruzzi,2.975
6,19,Nydegger,3.01
6,19,Grofman,3.01
6,19,Shubik,3.01
6,19,Stein & Rapoport: 0.05,2.975
6,19,GRIM,3.01
6,19,Davis: 10,3.01
6,19,Graaskamp: 0.05,3.38
6,19,Downing,1.125
6,19,"Feld: 1.0, 0.5, 200",1.695
6,19,Joss: 0.9,1.875
6,19,Tullock,1.32
6,19,Anonymous,2.99
6,19,Random: 0.5,2.685
7,0,Cu,3.01
7,0,Du,0.975
7,0,Tit For Tat,3.01
7,0,spiteful,3.01
7,0,soft_majo,3.01
7,0,hard_majo,2.99
7,0,per_cd,2.685
7,0,per_ccd,3.29
7,0,per_ddc,2.29
7,0,mistrust,2.99
7,0,WSLS,3.01
7,0,TFTT,3.01
7,0,hard_tft,3.01
7,0,slow_tft,3.01
7,0,GrdTFT,3.01
7,0,prober,3.005
7,0,mem2,3.01
7,0,grok:grok-3-mini,3.01
7,0,Tideman & Chieruzzi,2.975
7,0,Nydegger,3.01
7,0,Grofman,3.01
7,0,Shubik,3.01
7,0,Stein & Rapoport: 0.05,2.975
7,0,GRIM,3.01
7,0,Davis: 10,3.01
7,0,Graaskamp: 0.05,3.52
7,0,Downing,1.125
7,0,"Feld: 1.0, 0.5, 200",1.9
7,0,Joss: 0.9,1.2
7,0,Tullock,1.47
7,0,Anonymous,2.76
7,0,Random: 0.5,2.96
7,1,Cu,3.01
7,1,Du,0.975
7,1,Tit For Tat,3.01
7,1,spiteful,3.01
7,1,soft_majo,3.01
7,1,hard_majo,2.99
7,1,per_cd,2.685
7,1,per_ccd,3.29
7,1,per_ddc,2.29
7,1,mistrust,2.99
7,1,WSLS,3.01
7,1,TFTT,3.01
7,1,hard_tft,3.01
7,1,slow_tft,3.01
7,1,GrdTFT,3.01
7,1,prober,3.005
7,1,mem2,3.01
7,1,grok:grok-3-mini,3.01
7,1,Tideman & Chieruzzi,2.975
7,1,Nydegger,3.01
7,1,Grofman,3.01
7,1,Shubik,3.01
7,1,Stein & Rapoport: 0.05,2.975
7,1,GRIM,3.01
7,1,Davis: 10,3.01
7,1,Graaskamp: 0.05,3.305
7,1,Downing,1.125
7,1,"Feld: 1.0, 0.5, 200",2.055
7,1,Joss: 0.9,1.875
7,1,Tullock,1.385
7,1,Anonymous,2.67
7,1,Random: 0.5,3.065
7,2,Cu,3.01
7,2,Du,0.975
7,2,Tit For Tat,3.01
7,2,spiteful,3.01
7,2,soft_majo,3.01
7,2,hard_majo,2.99
7,2,per_cd,2.685
7,2,per_ccd,3.29
7,2,per_ddc,2.29
7,2,mistrust,2.99
7,2,WSLS,3.01
7,2,TFTT,3.01
7,2,hard_tft,3.01
7,2,slow_tft,3.01
7,2,GrdTFT,3.01
7,2,prober,3.005
7,2,mem2,3.01
7,2,grok:grok-3-mini,3.01
7,2,Tideman & Chieruzzi,2.975
7,2,Nydegger,3.01
7,2,Grofman,3.01
7,2,Shubik,3.01
7,2,Stein & Rapoport: 0.05,2.975
7,2,GRIM,3.01
7,2,Davis: 10,3.01
7,2,Graaskamp: 0.05,3.52
7,2,Downing,1.125
7,2,"Feld: 1.0, 0.5, 200",1.855
7,2,Joss: 0.9,1.05
7,2,Tullock,1.385
7,2,Anonymous,2.75
7,2,Random: 0.5,2.995
7,3,Cu,3.01
7,3,Du,0.975
7,3,Tit For Tat,3.01
7,3,spiteful,3.01
7,3,soft_majo,3.01
7,3,hard_majo,2.99
7,3,per_cd,2.685
7,3,per_ccd,3.29
7,3,per_ddc,2.29
7,3,mistrust,2.99
7,3,WSLS,3.01
7,3,TFTT,3.01
7,3,hard_tft,3.01
7,3,slow_tft,3.01
7,3,GrdTFT,3.01
7,3,prober,3.005
7,3,mem2,3.01
7,3,grok:grok-3-mini,3.01
7,3,Tideman & Chieruzzi,2.975
7,3,Nydegger,3.01
7,3,Grofman,3.01
7,3,Shubik,3.01
7,3,Stein & Rapoport: 0.05,2.975
7,3,GRIM,3.01
7,3,Davis: 10,3.01
7,3,Graaskamp: 0.05,3.515
7,3,Downing,1.125
7,3,"Feld: 1.0, 0.5, 200",1.745
7,3,Joss: 0.9,2.2
7,3,Tullock,1.37
7,3,Anonymous,2.6
7,3,Random: 0.5,2.885
7,4,Cu,3.01
7,4,Du,0.975
7,4,Tit For Tat,3.01
7,4,spiteful,3.01
7,4,soft_majo,3.01
7,4,hard_majo,2.99
7,4,per_cd,2.685
7,4,per_ccd,3.29
7,4,per_ddc,2.29
7,4,mistrust,2.99
7,4,WSLS,3.01
7,4,TFTT,3.01
7,4,hard_tft,3.01
7,4,slow_tft,3.01
7,4,GrdTFT,3.01
7,4,prober,3.005
7,4,mem2,3.01
7,4,grok:grok-3-mini,3.01
7,4,Tideman & Chieruzzi,2.975
7,4,Nydegger,3.01
7,4,Grofman,3.01
7,4,Shubik,3.01
7,4,Stein & Rapoport: 0.05,2.975
7,4,GRIM,3.01
7,4,Davis: 10,3.01
7,4,Graaskamp: 0.05,3.41
7,4,Downing,1.125
7,4,"Feld: 1.0, 0.5, 200",2.125
7,4,Joss: 0.9,2.155
7,4,Tullock,1.435
7,4,Anonymous,3.025
7,4,Random: 0.5,2.93
7,5,Cu,3.01
7,5,Du,0.975
7,5,Tit For Tat,3.01
7,5,spiteful,3.01
7,5,soft_majo,3.01
7,5,hard_majo,2.99
7,5,per_cd,2.685
7,5,per_ccd,3.29
7,5,per_ddc,2.29
7,5,mistrust,2.99
7,5,WSLS,3.01
7,5,TFTT,3.01
7,5,hard_tft,3.01
7,5,slow_tft,3.01
7,5,GrdTFT,3.01
7,5,prober,3.005
7,5,mem2,3.01
7,5,grok:grok-3-mini,3.01
7,5,Tideman & Chieruzzi,2.975
7,5,Nydegger,3.01
7,5,Grofman,3.01
7,5,Shubik,3.01
7,5,Stein & Rapoport: 0.05,2.975
7,5,GRIM,3.01
7,5,Davis: 10,3.01
7,5,Graaskamp: 0.05,3.43
7,5,Downing,1.125
7,5,"Feld: 1.0, 0.5, 200",1.815
7,5,Joss: 0.9,2.425
7,5,Tullock,1.51
7,5,Anonymous,2.87
7,5,Random: 0.5,2.91
7,6,Cu,3.01
7,6,Du,0.975
7,6,Tit For Tat,3.01
7,6,spiteful,3.01
7,6,soft_majo,3.01
7,6,hard_majo,2.99
7,6,per_cd,2.685
7,6,per_ccd,3.29
7,6,per_ddc,2.29
7,6,mistrust,2.99
7,6,WSLS,3.01
7,6,TFTT,3.01
7,6,hard_tft,3.01
7,6,slow_tft,3.01
7,6,GrdTFT,3.01
7,6,prober,3.005
7,6,mem2,3.01
7,6,grok:grok-3-mini,3.01
7,6,Tideman & Chieruzzi,2.975
7,6,Nydegger,3.01
7,6,Grofman,3.01
7,6,Shubik,3.01
7,6,Stein & Rapoport: 0.05,2.975
7,6,GRIM,3.01
7,6,Davis: 10,3.01
7,6,Graaskamp: 0.05,3.505
7,6,Downing,1.125
7,6,"Feld: 1.0, 0.5, 200",1.915
7,6,Joss: 0.9,2.18
7,6,Tullock,1.565
7,6,Anonymous,2.91
7,6,Random: 0.5,2.915
7,7,Cu,3.01
7,7,Du,0.975
7,7,Tit For Tat,3.01
7,7,spiteful,3.01
7,7,soft_majo,3.01
7,7,hard_majo,2.99
7,7,per_cd,2.685
7,7,per_ccd,3.29
7,7,per_ddc,2.29
7,7,mistrust,2.99
7,7,WSLS,3.01
7,7,TFTT,3.01
7,7,hard_tft,3.01
7,7,slow_tft,3.01
7,7,GrdTFT,3.01
7,7,prober,3.005
7,7,mem2,3.01
7,7,grok:grok-3-mini,3.01
7,7,Tideman & Chieruzzi,2.975
7,7,Nydegger,3.01
7,7,Grofman,3.01
7,7,Shubik,3.01
7,7,Stein & Rapoport: 0.05,2.975
7,7,GRIM,3.01
7,7,Davis: 10,3.01
7,7,Graaskamp: 0.05,3.455
7,7,Downing,1.125
7,7,"Feld: 1.0, 0.5, 200",1.585
7,7,Joss: 0.9,1.905
7,7,Tullock,1.4
7,7,Anonymous,2.88
7,7,Random: 0.5,3.09
7,8,Cu,3.01
7,8,Du,0.975
7,8,Tit For Tat,3.01
7,8,spiteful,3.01
7,8,soft_majo,3.01
7,8,hard_majo,2.99
7,8,per_cd,2.685
7,8,per_ccd,3.29
7,8,per_ddc,2.29
7,8,mistrust,2.99
7,8,WSLS,3.01
7,8,TFTT,3.01
7,8,hard_tft,3.01
7,8,slow_tft,3.01
7,8,GrdTFT,3.01
7,8,prober,3.005
7,8,mem2,3.01
7,8,grok:grok-3-mini,3.01
7,8,Tideman & Chieruzzi,2.975
7,8,Nydegger,3.01
7,8,Grofman,3.01
7,8,Shubik,3.01
7,8,Stein & Rapoport: 0.05,2.975
7,8,GRIM,3.01
7,8,Davis: 10,3.01
7,8,Graaskamp: 0.05,3.37
7,8,Downing,1.125
7,8,"Feld: 1.0, 0.5, 200",1.565
7,8,Joss: 0.9,1.945
7,8,Tullock,1.19
7,8,Anonymous,3.01
7,8,Random: 0.5,2.93
7,9,Cu,3.01
7,9,Du,0.975
7,9,Tit For Tat,3.01
7,9,spiteful,3.01
7,9,soft_majo,3.01
7,9,hard_majo,2.99
7,9,per_cd,2.685
7,9,per_ccd,3.29
7,9,per_ddc,2.29
7,9,mistrust,2.99
7,9,WSLS,3.01
7,9,TFTT,3.01
7,9,hard_tft,3.01
7,9,slow_tft,3.01
7,9,GrdTFT,3.01
7,9,prober,3.005
7,9,mem2,3.01
7,9,grok:grok-3-mini,3.01
7,9,Tideman & Chieruzzi,2.975
7,9,Nydegger,3.01
7,9,Grofman,3.01
7,9,Shubik,3.01
7,9,Stein & Rapoport: 0.05,2.975
7,9,GRIM,3.01
7,9,Davis: 10,3.01
7,9,Graaskamp: 0.05,3.43
7,9,Downing,1.125
7,9,"Feld: 1.0, 0.5, 200",1.615
7,9,Joss: 0.9,2.165
7,9,Tullock,1.54
7,9,Anonymous,2.96
7,9,Random: 0.5,2.9
7,10,Cu,3.01
7,10,Du,0.975
7,10,Tit For Tat,3.01
7,10,spiteful,3.01
7,10,soft_majo,3.01
7,10,hard_majo,2.99
7,10,per_cd,2.685
7,10,per_ccd,3.29
7,10,per_ddc,2.29
7,10,mistrust,2.99
7,10,WSLS,3.01
7,10,TFTT,3.01
7,10,hard_tft,3.01
7,10,slow_tft,3.01
7,10,GrdTFT,3.01
7,10,prober,3.005
7,10,mem2,3.01
7,10,grok:grok-3-mini,3.01
7,10,Tideman & Chieruzzi,2.975
7,10,Nydegger,3.01
7,10,Grofman,3.01
7,10,Shubik,3.01
7,10,Stein & Rapoport: 0.05,2.975
7,10,GRIM,3.01
7,10,Davis: 10,3.01
7,10,Graaskamp: 0.05,3.45
7,10,Downing,1.125
7,10,"Feld: 1.0, 0.5, 200",1.515
7,10,Joss: 0.9,1.875
7,10,Tullock,1.49
7,10,Anonymous,2.74
7,10,Random: 0.5,2.775
7,11,Cu,3.01
7,11,Du,0.975
7,11,Tit For Tat,3.01
7,11,spiteful,3.01
7,11,soft_majo,3.01
7,11,hard_majo,2.99
7,11,per_cd,2.685
7,11,per_ccd,3.29
7,11,per_ddc,2.29
7,11,mistrust,2.99
7,11,WSLS,3.01
7,11,TFTT,3.01
7,11,hard_tft,3.01
7,11,slow_tft,3.01
7,11,GrdTFT,3.01
7,11,prober,3.005
7,11,mem2,3.01
7,11,grok:grok-3-mini,3.01
7,11,Tideman & Chieruzzi,2.975
7,11,Nydegger,3.01
7,11,Grofman,3.01
7,11,Shubik,3.01
7,11,Stein & Rapoport: 0.05,2.975
7,11,GRIM,3.01
7,11,Davis: 10,3.01
7,11,Graaskamp: 0.05,3.305
7,11,Downing,1.125
7,11,"Feld: 1.0, 0.5, 200",1.615
7,11,Joss: 0.9,1.405
7,11,Tullock,1.39
7,11,Anonymous,2.865
7,11,Random: 0.5,2.825
7,12,Cu,3.01
7,12,Du,0.975
7,12,Tit For Tat,3.01
7,12,spiteful,3.01
7,12,soft_majo,3.01
7,12,hard_majo,2.99
7,12,per_cd,2.685
7,12,per_ccd,3.29
7,12,per_ddc,2.29
7,12,mistrust,2.99
7,12,WSLS,3.01
7,12,TFTT,3.01
7,12,hard_tft,3.01
7,12,slow_tft,3.01
7,12,GrdTFT,3.01
7,12,prober,3.005
7,12,mem2,3.01
7,12,grok:grok-3-mini,3.01
7,12,Tideman & Chieruzzi,2.975
7,12,Nydegger,3.01
7,12,Grofman,3.01
7,12,Shubik,3.01
7,12,Stein & Rapoport: 0.05,2.975
7,12,GRIM,3.01
7,12,Davis: 10,3.01
7,12,Graaskamp: 0.05,3.475
7,12,Downing,1.125
7,12,"Feld: 1.0, 0.5, 200",1.765
7,12,Joss: 0.9,2.415
7,12,Tullock,1.54
7,12,Anonymous,2.845
7,12,Random: 0.5,2.845
7,13,Cu,3.01
7,13,Du,0.975
7,13,Tit For Tat,3.01
7,13,spiteful,3.01
7,13,soft_majo,3.01
7,13,hard_majo,2.99
7,13,per_cd,2.685
7,13,per_ccd,3.29
7,13,per_ddc,2.29
7,13,mistrust,2.99
7,13,WSLS,3.01
7,13,TFTT,3.01
7,13,hard_tft,3.01
7,13,slow_tft,3.01
7,13,GrdTFT,3.01
7,13,prober,3.005
7,13,mem2,3.01
7,13,grok:grok-3-mini,3.01
7,13,Tideman & Chieruzzi,2.975
7,13,Nydegger,3.01
7,13,Grofman,3.01
7,13,Shubik,3.01
7,13,Stein & Rapoport: 0.05,2.975
7,13,GRIM,3.01
7,13,Davis: 10,3.01
7,13,Graaskamp: 0.05,3.345
7,13,Downing,1.125
7,13,"Feld: 1.0, 0.5, 200",1.725
7,13,Joss: 0.9,2.445
7,13,Tullock,1.505
7,13,Anonymous,3.005
7,13,Random: 0.5,3.115
7,14,Cu,3.01
7,14,Du,0.975
7,14,Tit For Tat,3.01
7,14,spiteful,3.01
7,14,soft_majo,3.01
7,14,hard_majo,2.99
7,14,per_cd,2.685
7,14,per_ccd,3.29
7,14,per_ddc,2.29
7,14,mistrust,2.99
7,14,WSLS,3.01
7,14,TFTT,3.01
7,14,hard_tft,3.01
7,14,slow_tft,3.01
7,14,GrdTFT,3.01
7,14,prober,3.005
7,14,mem2,3.01
7,14,grok:grok-3-mini,3.01
7,14,Tideman & Chieruzzi,2.975
7,14,Nydegger,3.01
7,14,Grofman,3.01
7,14,Shubik,3.01
7,14,Stein & Rapoport: 0.05,2.975
7,14,GRIM,3.01
7,14,Davis: 10,3.01
7,14,Graaskamp: 0.05,3.43
7,14,Downing,1.125
7,14,"Feld: 1.0, 0.5, 200",1.795
7,14,Joss: 0.9,2.235
7,14,Tullock,1.59
7,14,Anonymous,2.865
7,14,Random: 0.5,3.11
7,15,Cu,3.01
7,15,Du,0.975
7,15,Tit For Tat,3.01
7,15,spiteful,3.01
7,15,soft_majo,3.01
7,15,hard_majo,2.99
7,15,per_cd,2.685
7,15,per_ccd,3.29
7,15,per_ddc,2.29
7,15,mistrust,2.99
7,15,WSLS,3.01
7,15,TFTT,3.01
7,15,hard_tft,3.01
7,15,slow_tft,3.01
7,15,GrdTFT,3.01
7,15,prober,3.005
7,15,mem2,3.01
7,15,grok:grok-3-mini,3.01
7,15,Tideman & Chieruzzi,2.975
7,15,Nydegger,3.01
7,15,Grofman,3.01
7,15,Shubik,3.01
7,15,Stein & Rapoport: 0.05,2.975
7,15,GRIM,3.01
7,15,Davis: 10,3.01
7,15,Graaskamp: 0.05,3.43
7,15,Downing,1.125
7,15,"Feld: 1.0, 0.5, 200",1.675
7,15,Joss: 0.9,2.36
7,15,Tullock,1.585
7,15,Anonymous,2.895
7,15,Random: 0.5,2.94
7,16,Cu,3.01
7,16,Du,0.975
7,16,Tit For Tat,3.01
7,16,spiteful,3.01
7,16,soft_majo,3.01
7,16,hard_majo,2.99
7,16,per_cd,2.685
7,16,per_ccd,3.29
7,16,per_ddc,2.29
7,16,mistrust,2.99
7,16,WSLS,3.01
7,16,TFTT,3.01
7,16,hard_tft,3.01
7,16,slow_tft,3.01
7,16,GrdTFT,3.01
7,16,prober,3.005
7,16,mem2,3.01
7,16,grok:grok-3-mini,3.01
7,16,Tideman & Chieruzzi,2.975
7,16,Nydegger,3.01
7,16,Grofman,3.01
7,16,Shubik,3.01
7,16,Stein & Rapoport: 0.05,2.975
7,16,GRIM,3.01
7,16,Davis: 10,3.01
7,16,Graaskamp: 0.05,3.515
7,16,Downing,1.125
7,16,"Feld: 1.0, 0.5, 200",1.615
7,16,Joss: 0.9,1.725
7,16,Tullock,1.53
7,16,Anonymous,3.155
7,16,Random: 0.5,2.69
7,17,Cu,3.01
7,17,Du,0.975
7,17,Tit For Tat,3.01
7,17,spiteful,3.01
7,17,soft_majo,3.01
7,17,hard_majo,2.99
7,17,per_cd,2.685
7,17,per_ccd,3.29
7,17,per_ddc,2.29
7,17,mistrust,2.99
7,17,WSLS,3.01
7,17,TFTT,3.01
7,17,hard_tft,3.01
7,17,slow_tft,3.01
7,17,GrdTFT,3.01
7,17,prober,3.005
7,17,mem2,3.01
7,17,grok:grok-3-mini,3.01
7,17,Tideman & Chieruzzi,2.975
7,17,Nydegger,3.01
7,17,Grofman,3.01
7,17,Shubik,3.01
7,17,Stein & Rapoport: 0.05,2.975
7,17,GRIM,3.01
7,17,Davis: 10,3.01
7,17,Graaskamp: 0.05,3.445
7,17,Downing,1.125
7,17,"Feld: 1.0, 0.5, 200",1.865
7,17,Joss: 0.9,2.45
7,17,Tullock,1.49
7,17,Anonymous,2.525
7,17,Random: 0.5,2.785
7,18,Cu,3.01
7,18,Du,0.975
7,18,Tit For Tat,3.01
7,18,spiteful,3.01
7,18,soft_majo,3.01
7,18,hard_majo,2.99
7,18,per_cd,2.685
7,18,per_ccd,3.29
7,18,per_ddc,2.29
7,18,mistrust,2.99
7,18,WSLS,3.01
7,18,TFTT,3.01
7,18,hard_tft,3.01
7,18,slow_tft,3.01
7,18,GrdTFT,3.01
7,18,prober,3.005
7,18,mem2,3.01
7,18,grok:grok-3-mini,3.01
7,18,Tideman & Chieruzzi,2.975
7,18,Nydegger,3.01
7,18,Grofman,3.01
7,18,Shubik,3.01
7,18,Stein & Rapoport: 0.05,2.975
7,18,GRIM,3.01
7,18,Davis: 10,3.01
7,18,Graaskamp: 0.05,3.385
7,18,Downing,1.125
7,18,"Feld: 1.0, 0.5, 200",1.805
7,18,Joss: 0.9,1.09
7,18,Tullock,1.39
7,18,Anonymous,2.91
7,18,Random: 0.5,2.95
7,19,Cu,3.01
7,19,Du,0.975
7,19,Tit For Tat,3.01
7,19,spiteful,3.01
7,19,soft_majo,3.01
7,19,hard_majo,2.99
7,19,per_cd,2.685
7,19,per_ccd,3.29
7,19,per_ddc,2.29
7,19,mistrust,2.99
7,19,WSLS,3.01
7,19,TFTT,3.01
7,19,hard_tft,3.01
7,19,slow_tft,3.01
7,19,GrdTFT,3.01
7,19,prober,3.005
7,19,mem2,3.01
7,19,grok:grok-3-mini,3.01
7,19,Tideman & Chieruzzi,2.975
7,19,Nydegger,3.01
7,19,Grofman,3.01
7,19,Shubik,3.01
7,19,Stein & Rapoport: 0.05,2.975
7,19,GRIM,3.01
7,19,Davis: 10,3.01
7,19,Graaskamp: 0.05,3.46
7,19,Downing,1.125
7,19,"Feld: 1.0, 0.5, 200",2.045
7,19,Joss: 0.9,2.155
7,19,Tullock,1.39
7,19,Anonymous,3.11
7,19,Random: 0.5,2.835
8,0,Cu,3.01
8,0,Du,0.975
8,0,Tit For Tat,3.01
8,0,spiteful,3.01
8,0,soft_majo,3.01
8,0,hard_majo,2.99
8,0,per_cd,2.685
8,0,per_ccd,3.29
8,0,per_ddc,2.29
8,0,mistrust,2.99
8,0,WSLS,3.01
8,0,TFTT,3.01
8,0,hard_tft,3.01
8,0,slow_tft,3.01
8,0,GrdTFT,3.01
8,0,prober,3.005
8,0,mem2,3.01
8,0,grok:grok-3-mini,3.01
8,0,Tideman & Chieruzzi,2.975
8,0,Nydegger,3.01
8,0,Grofman,3.01
8,0,Shubik,3.01
8,0,Stein & Rapoport: 0.05,2.975
8,0,GRIM,3.01
8,0,Davis: 10,3.01
8,0,Graaskamp: 0.05,3.455
8,0,Downing,1.125
8,0,"Feld: 1.0, 0.5, 200",1.615
8,0,Joss: 0.9,2.07
8,0,Tullock,1.62
8,0,Anonymous,2.715
8,0,Random: 0.5,2.625
8,1,Cu,3.01
8,1,Du,0.975
8,1,Tit For Tat,3.01
8,1,spiteful,3.01
8,1,soft_majo,3.01
8,1,hard_majo,2.99
8,1,per_cd,2.685
8,1,per_ccd,3.29
8,1,per_ddc,2.29
8,1,mistrust,2.99
8,1,WSLS,3.01
8,1,TFTT,3.01
8,1,hard_tft,3.01
8,1,slow_tft,3.01
8,1,GrdTFT,3.01
8,1,prober,3.005
8,1,mem2,3.01
8,1,grok:grok-3-mini,3.01
8,1,Tideman & Chieruzzi,2.975
8,1,Nydegger,3.01
8,1,Grofman,3.01
8,1,Shubik,3.01
8,1,Stein & Rapoport: 0.05,2.975
8,1,GRIM,3.01
8,1,Davis: 10,3.01
8,1,Graaskamp: 0.05,3.265
8,1,Downing,1.125
8,1,"Feld: 1.0, 0.5, 200",1.925
8,1,Joss: 0.9,2.34
8,1,Tullock,1.615
8,1,Anonymous,3.085
8,1,Random: 0.5,2.755
8,2,Cu,3.01
8,2,Du,0.975
8,2,Tit For Tat,3.01
8,2,spiteful,3.01
8,2,soft_majo,3.01
8,2,hard_majo,2.99
8,2,per_cd,2.685
8,2,per_ccd,3.29
8,2,per_ddc,2.29
8,2,mistrust,2.99
8,2,WSLS,3.01
8,2,TFTT,3.01
8,2,hard_tft,3.01
8,2,slow_tft,3.01
8,2,GrdTFT,3.01
8,2,prober,3.005
8,2,mem2,3.01
8,2,grok:grok-3-mini,3.01
8,2,Tideman & Chieruzzi,2.975
8,2,Nydegger,3.01
8,2,Grofman,3.01
8,2,Shubik,3.01
8,2,Stein & Rapoport: 0.05,2.975
8,2,GRIM,3.01
8,2,Davis: 10,3.01
8,2,Graaskamp: 0.05,3.345
8,2,Downing,1.125
8,2,"Feld: 1.0, 0.5, 200",1.735
8,2,Joss: 0.9,2.045
8,2,Tullock,1.575
8,2,Anonymous,3.23
8,2,Random: 0.5,2.785
8,3,Cu,3.01
8,3,Du,0.975
8,3,Tit For Tat,3.01
8,3,spiteful,3.01
8,3,soft_majo,3.01
8,3,hard_majo,2.99
8,3,per_cd,2.685
8,3,per_ccd,3.29
8,3,per_ddc,2.29
8,3,mistrust,2.99
8,3,WSLS,3.01
8,3,TFTT,3.01
8,3,hard_tft,3.01
8,3,slow_tft,3.01
8,3,GrdTFT,3.01
8,3,prober,3.005
8,3,mem2,3.01
8,3,grok:grok-3-mini,3.01
8,3,Tideman & Chieruzzi,2.975
8,3,Nydegger,3.01
8,3,Grofman,3.01
8,3,Shubik,3.01
8,3,Stein & Rapoport: 0.05,2.975
8,3,GRIM,3.01
8,3,Davis: 10,3.01
8,3,Graaskamp: 0.05,3.455
8,3,Downing,1.125
8,3,"Feld: 1.0, 0.5, 200",1.865
8,3,Joss: 0.9,2.24
8,3,Tullock,1.45
8,3,Anonymous,2.825
8,3,Random: 0.5,2.875
8,4,Cu,3.01
8,4,Du,0.975
8,4,Tit For Tat,3.01
8,4,spiteful,3.01
8,4,soft_majo,3.01
8,4,hard_majo,2.99
8,4,per_cd,2.685
8,4,per_ccd,3.29
8,4,per_ddc,2.29
8,4,mistrust,2.99
8,4,WSLS,3.01
8,4,TFTT,3.01
8,4,hard_tft,3.01
8,4,slow_tft,3.01
8,4,GrdTFT,3.01
8,4,prober,3.005
8,4,mem2,3.01
8,4,grok:grok-3-mini,3.01
8,4,Tideman & Chieruzzi,2.975
8,4,Nydegger,3.01
8,4,Grofman,3.01
8,4,Shubik,3.01
8,4,Stein & Rapoport: 0.05,2.975
8,4,GRIM,3.01
8,4,Davis: 10,3.01
8,4,Graaskamp: 0.05,3.445
8,4,Downing,1.125
8,4,"Feld: 1.0, 0.5, 200",1.795
8,4,Joss: 0.9,1.09
8,4,Tullock,1.85
8,4,Anonymous,2.99
8,4,Random: 0.5,2.535
8,5,Cu,3.01
8,5,Du,0.975
8,5,Tit For Tat,3.01
8,5,spiteful,3.01
8,5,soft_majo,3.01
8,5,hard_majo,2.99
8,5,per_cd,2.685
8,5,per_ccd,3.29
8,5,per_ddc,2.29
8,5,mistrust,2.99
8,5,WSLS,3.01
8,5,TFTT,3.01
8,5,hard_tft,3.01
8,5,slow_tft,3.01
8,5,GrdTFT,3.01
8,5,prober,3.005
8,5,mem2,3.01
8,5,grok:grok-3-mini,3.01
8,5,Tideman & Chieruzzi,2.975
8,5,Nydegger,3.01
8,5,Grofman,3.01
8,5,Shubik,3.01
8,5,Stein & Rapoport: 0.05,2.975
8,5,GRIM,3.01
8,5,Davis: 10,3.01
8,5,Graaskamp: 0.05,3.535
8,5,Downing,1.125
8,5,"Feld: 1.0, 0.5, 200",1.725
8,5,Joss: 0.9,1.975
8,5,Tullock,1.47
8,5,Anonymous,2.995
8,5,Random: 0.5,2.865
8,6,Cu,3.01
8,6,Du,0.975
8,6,Tit For Tat,3.01
8,6,spiteful,3.01
8,6,soft_majo,3.01
8,6,hard_majo,2.99
8,6,per_cd,2.685
8,6,per_ccd,3.29
8,6,per_ddc,2.29
8,6,mistrust,2.99
8,6,WSLS,3.01
8,6,TFTT,3.01
8,6,hard_tft,3.01
8,6,slow_tft,3.01
8,6,GrdTFT,3.01
8,6,prober,3.005
8,6,mem2,3.01
8,6,grok:grok-3-mini,3.01
8,6,Tideman & Chieruzzi,2.975
8,6,Nydegger,3.01
8,6,Grofman,3.01
8,6,Shubik,3.01
8,6,Stein & Rapoport: 0.05,2.975
8,6,GRIM,3.01
8,6,Davis: 10,3.01
8,6,Graaskamp: 0.05,3.36
8,6,Downing,1.125
8,6,"Feld: 1.0, 0.5, 200",1.735
8,6,Joss: 0.9,2.2
8,6,Tullock,1.4
8,6,Anonymous,2.87
8,6,Random: 0.5,2.73
8,7,Cu,3.01
8,7,Du,0.975
8,7,Tit For Tat,3.01
8,7,spiteful,3.01
8,7,soft_majo,3.01
8,7,hard_majo,2.99
8,7,per_cd,2.685
8,7,per_ccd,3.29
8,7,per_ddc,2.29
8,7,mistrust,2.99
8,7,WSLS,3.01
8,7,TFTT,3.01
8,7,hard_tft,3.01
8,7,slow_tft,3.01
8,7,GrdTFT,3.01
8,7,prober,3.005
8,7,mem2,3.01
8,7,grok:grok-3-mini,3.01
8,7,Tideman & Chieruzzi,2.975
8,7,Nydegger,3.01
8,7,Grofman,3.01
8,7,Shubik,3.01
8,7,Stein & Rapoport: 0.05,2.975
8,7,GRIM,3.01
8,7,Davis: 10,3.01
8,7,Graaskamp: 0.05,3.485
8,7,Downing,1.125
8,7,"Feld: 1.0, 0.5, 200",1.945
8,7,Joss: 0.9,2.115
8,7,Tullock,1.225
8,7,Anonymous,2.765
8,7,Random: 0.5,3.01
8,8,Cu,3.01
8,8,Du,0.975
8,8,Tit For Tat,3.01
8,8,spiteful,3.01
8,8,soft_majo,3.01
8,8,hard_majo,2.99
8,8,per_cd,2.685
8,8,per_ccd,3.29
8,8,per_ddc,2.29
8,8,mistrust,2.99
8,8,WSLS,3.01
8,8,TFTT,3.01
8,8,hard_tft,3.01
8,8,slow_tft,3.01
8,8,GrdTFT,3.01
8,8,prober,3.005
8,8,mem2,3.01
8,8,grok:grok-3-mini,3.01
8,8,Tideman & Chieruzzi,2.975
8,8,Nydegger,3.01
8,8,Grofman,3.01
8,8,Shubik,3.01
8,8,Stein & Rapoport: 0.05,2.975
8,8,GRIM,3.01
8,8,Davis: 10,3.01
8,8,Graaskamp: 0.05,3.4
8,8,Downing,1.125
8,8,"Feld: 1.0, 0.5, 200",1.775
8,8,Joss: 0.9,2.135
8,8,Tullock,1.705
8,8,Anonymous,2.645
8,8,Random: 0.5,2.705
8,9,Cu,3.01
8,9,Du,0.975
8,9,Tit For Tat,3.01
8,9,spiteful,3.01
8,9,soft_majo,3.01
8,9,hard_majo,2.99
8,9,per_cd,2.685
8,9,per_ccd,3.29
8,9,per_ddc,2.29
8,9,mistrust,2.99
8,9,WSLS,3.01
8,9,TFTT,3.01
8,9,hard_tft,3.01
8,9,slow_tft,3.01
8,9,GrdTFT,3.01
8,9,prober,3.005
8,9,mem2,3.01
8,9,grok:grok-3-mini,3.01
8,9,Tideman & Chieruzzi,2.975
8,9,Nydegger,3.01
8,9,Grofman,3.01
8,9,Shubik,3.01
8,9,Stein & Rapoport: 0.05,2.975
8,9,GRIM,3.01
8,9,Davis: 10,3.01
8,9,Graaskamp: 0.05,3.455
8,9,Downing,1.125
8,9,"Feld: 1.0, 0.5, 200",1.975
8,9,Joss: 0.9,2.065
8,9,Tullock,1.33
8,9,Anonymous,3.065
8,9,Random: 0.5,2.95
8,10,Cu,3.01
8,10,Du,0.975
8,10,Tit For Tat,3.01
8,10,spiteful,3.01
8,10,soft_majo,3.01
8,10,hard_majo,2.99
8,10,per_cd,2.685
8,10,per_ccd,3.29
8,10,per_ddc,2.29
8,10,mistrust,2.99
8,10,WSLS,3.01
8,10,TFTT,3.01
8,10,hard_tft,3.01
8,10,slow_tft,3.01
8,10,GrdTFT,3.01
8,10,prober,3.005
8,10,mem2,3.01
8,10,grok:grok-3-mini,3.01
8,10,Tideman & Chieruzzi,2.975
8,10,Nydegger,3.01
8,10,Grofman,3.01
8,10,Shubik,3.01
8,10,Stein & Rapoport: 0.05,2.975
8,10,GRIM,3.01
8,10,Davis: 10,3.01
8,10,Graaskamp: 0.05,3.32
8,10,Downing,1.125
8,10,"Feld: 1.0, 0.5, 200",1.785
8,10,Joss: 0.9,1.77
8,10,Tullock,1.405
8,10,Anonymous,2.805
8,10,Random: 0.5,2.945
8,11,Cu,3.01
8,11,Du,0.975
8,11,Tit For Tat,3.01
8,11,spiteful,3.01
8,11,soft_majo,3.01
8,11,hard_majo,2.99
8,11,per_cd,2.685
8,11,per_ccd,3.29
8,11,per_ddc,2.29
8,11,mistrust,2.99
8,11,WSLS,3.01
8,11,TFTT,3.01
8,11,hard_tft,3.01
8,11,slow_tft,3.01
8,11,GrdTFT,3.01
8,11,prober,3.005
8,11,mem2,3.01
8,11,grok:grok-3-mini,3.01
8,11,Tideman & Chieruzzi,2.975
8,11,Nydegger,3.01
8,11,Grofman,3.01
8,11,Shubik,3.01
8,11,Stein & Rapoport: 0.05,2.975
8,11,GRIM,3.01
8,11,Davis: 10,3.01
8,11,Graaskamp: 0.05,3.515
8,11,Downing,1.125
8,11,"Feld: 1.0, 0.5, 200",1.835
8,11,Joss: 0.9,1.725
8,11,Tullock,1.8
8,11,Anonymous,3.045
8,11,Random: 0.5,2.66
8,12,Cu,3.01
8,12,Du,0.975
8,12,Tit For Tat,3.01
8,12,spiteful,3.01
8,12,soft_majo,3.01
8,12,hard_majo,2.99
8,12,per_cd,2.685
8,12,per_ccd,3.29
8,12,per_ddc,2.29
8,12,mistrust,2.99
8,12,WSLS,3.01
8,12,TFTT,3.01
8,12,hard_tft,3.01
8,12,slow_tft,3.01
8,12,GrdTFT,3.01
8,12,prober,3.005
8,12,mem2,3.01
8,12,grok:grok-3-mini,3.01
8,12,Tideman & Chieruzzi,2.975
8,12,Nydegger,3.01
8,12,Grofman,3.01
8,12,Shubik,3.01
8,12,Stein & Rapoport: 0.05,2.975
8,12,GRIM,3.01
8,12,Davis: 10,3.01
8,12,Graaskamp: 0.05,3.52
8,12,Downing,1.125
8,12,"Feld: 1.0, 0.5, 200",2.05
8,12,Joss: 0.9,2.175
8,12,Tullock,1.465
8,12,Anonymous,2.955
8,12,Random: 0.5,2.945
8,13,Cu,3.01
8,13,Du,0.975
8,13,Tit For Tat,3.01
8,13,spiteful,3.01
8,13,soft_majo,3.01
8,13,hard_majo,2.99
8,13,per_cd,2.685
8,13,per_ccd,3.29
8,13,per_ddc,2.29
8,13,mistrust,2.99
8,13,WSLS,3.01
8,13,TFTT,3.01
8,13,hard_tft,3.01
8,13,slow_tft,3.01
8,13,GrdTFT,3.01
8,13,prober,3.005
8,13,mem2,3.01
8,13,grok:grok-3-mini,3.01
8,13,Tideman & Chieruzzi,2.975
8,13,Nydegger,3.01
8,13,Grofman,3.01
8,13,Shubik,3.01
8,13,Stein & Rapoport: 0.05,2.975
8,13,GRIM,3.01
8,13,Davis: 10,3.01
8,13,Graaskamp: 0.05,3.46
8,13,Downing,1.125
8,13,"Feld: 1.0, 0.5, 200",1.585
8,13,Joss: 0.9,2.34
8,13,Tullock,1.32
8,13,Anonymous,3.225
8,13,Random: 0.5,3.15
8,14,Cu,3.01
8,14,Du,0.975
8,14,Tit For Tat,3.01
8,14,spiteful,3.01
8,14,soft_majo,3.01
8,14,hard_majo,2.99
8,14,per_cd,2.685
8,14,per_ccd,3.29
8,14,per_ddc,2.29
8,14,mistrust,2.99
8,14,WSLS,3.01
8,14,TFTT,3.01
8,14,hard_tft,3.01
8,14,slow_tft,3.01
8,14,GrdTFT,3.01
8,14,prober,3.005
8,14,mem2,3.01
8,14,grok:grok-3-mini,3.01
8,14,Tideman & Chieruzzi,2.975
8,14,Nydegger,3.01
8,14,Grofman,3.01
8,14,Shubik,3.01
8,14,Stein & Rapoport: 0.05,2.975
8,14,GRIM,3.01
8,14,Davis: 10,3.01
8,14,Graaskamp: 0.05,3.4
8,14,Downing,1.125
8,14,"Feld: 1.0, 0.5, 200",1.645
8,14,Joss: 0.9,2.105
8,14,Tullock,1.66
8,14,Anonymous,2.81
8,14,Random: 0.5,2.935
8,15,Cu,3.01
8,15,Du,0.975
8,15,Tit For Tat,3.01
8,15,spiteful,3.01
8,15,soft_majo,3.01
8,15,hard_majo,2.99
8,15,per_cd,2.685
8,15,per_ccd,3.29
8,15,per_ddc,2.29
8,15,mistrust,2.99
8,15,WSLS,3.01
8,15,TFTT,3.01
8,15,hard_tft,3.01
8,15,slow_tft,3.01
8,15,GrdTFT,3.01
8,15,prober,3.005
8,15,mem2,3.01
8,15,grok:grok-3-mini,3.01
8,15,Tideman & Chieruzzi,2.975
8,15,Nydegger,3.01
8,15,Grofman,3.01
8,15,Shubik,3.01
8,15,Stein & Rapoport: 0.05,2.975
8,15,GRIM,3.01
8,15,Davis: 10,3.01
8,15,Graaskamp: 0.05,3.43
8,15,Downing,1.125
8,15,"Feld: 1.0, 0.5, 200",1.595
8,15,Joss: 0.9,2.18
8,15,Tullock,1.6
8,15,Anonymous,2.76
8,15,Random: 0.5,2.65
8,16,Cu,3.01
8,16,Du,0.975
8,16,Tit For Tat,3.01
8,16,spiteful,3.01
8,16,soft_majo,3.01
8,16,hard_majo,2.99
8,16,per_cd,2.685
8,16,per_ccd,3.29
8,16,per_ddc,2.29
8,16,mistrust,2.99
8,16,WSLS,3.01
8,16,TFTT,3.01
8,16,hard_tft,3.01
8,16,slow_tft,3.01
8,16,GrdTFT,3.01
8,16,prober,3.005
8,16,mem2,3.01
8,16,grok:grok-3-mini,3.01
8,16,Tideman & Chieruzzi,2.975
8,16,Nydegger,3.01
8,16,Grofman,3.01
8,16,Shubik,3.01
8,16,Stein & Rapoport: 0.05,2.975
8,16,GRIM,3.01
8,16,Davis: 10,3.01
8,16,Graaskamp: 0.05,3.43
8,16,Downing,1.125
8,16,"Feld: 1.0, 0.5, 200",1.555
8,16,Joss: 0.9,1.965
8,16,Tullock,1.315
8,16,Anonymous,2.98
8,16,Random: 0.5,2.93
8,17,Cu,3.01
8,17,Du,0.975
8,17,Tit For Tat,3.01
8,17,spiteful,3.01
8,17,soft_majo,3.01
8,17,hard_majo,2.99
8,17,per_cd,2.685
8,17,per_ccd,3.29
8,17,per_ddc,2.29
8,17,mistrust,2.99
8,17,WSLS,3.01
8,17,TFTT,3.01
8,17,hard_tft,3.01
8,17,slow_tft,3.01
8,17,GrdTFT,3.01
8,17,prober,3.005
8,17,mem2,3.01
8,17,grok:grok-3-mini,3.01
8,17,Tideman & Chieruzzi,2.975
8,17,Nydegger,3.01
8,17,Grofman,3.01
8,17,Shubik,3.01
8,17,Stein & Rapoport: 0.05,2.975
8,17,GRIM,3.01
8,17,Davis: 10,3.01
8,17,Graaskamp: 0.05,3.42
8,17,Downing,1.125
8,17,"Feld: 1.0, 0.5, 200",1.835
8,17,Joss: 0.9,1.055
8,17,Tullock,1.435
8,17,Anonymous,2.855
8,17,Random: 0.5,2.845
8,18,Cu,3.01
8,18,Du,0.975
8,18,Tit For Tat,3.01
8,18,spiteful,3.01
8,18,soft_majo,3.01
8,18,hard_majo,2.99
8,18,per_cd,2.685
8,18,per_ccd,3.29
8,18,per_ddc,2.29
8,18,mistrust,2.99
8,18,WSLS,3.01
8,18,TFTT,3.01
8,18,hard_tft,3.01
8,18,slow_tft,3.01
8,18,GrdTFT,3.01
8,18,prober,3.005
8,18,mem2,3.01
8,18,grok:grok-3-mini,3.01
8,18,Tideman & Chieruzzi,2.975
8,18,Nydegger,3.01
8,18,Grofman,3.01
8,18,Shubik,3.01
8,18,Stein & Rapoport: 0.05,2.975
8,18,GRIM,3.01
8,18,Davis: 10,3.01
8,18,Graaskamp: 0.05,3.51
8,18,Downing,1.125
8,18,"Feld: 1.0, 0.5, 200",1.795
8,18,Joss: 0.9,1.685
8,18,Tullock,1.875
8,18,Anonymous,3.115
8,18,Random: 0.5,2.75
8,19,Cu,3.01
8,19,Du,0.975
8,19,Tit For Tat,3.01
8,19,spiteful,3.01
8,19,soft_majo,3.01
8,19,hard_majo,2.99
8,19,per_cd,2.685
8,19,per_ccd,3.29
8,19,per_ddc,2.29
8,19,mistrust,2.99
8,19,WSLS,3.01
8,19,TFTT,3.01
8,19,hard_tft,3.01
8,19,slow_tft,3.01
8,19,GrdTFT,3.01
8,19,prober,3.005
8,19,mem2,3.01
8,19,grok:grok-3-mini,3.01
8,19,Tideman & Chieruzzi,2.975
8,19,Nydegger,3.01
8,19,Grofman,3.01
8,19,Shubik,3.01
8,19,Stein & Rapoport: 0.05,2.975
8,19,GRIM,3.01
8,19,Davis: 10,3.01
8,19,Graaskamp: 0.05,3.395
8,19,Downing,1.125
8,19,"Feld: 1.0, 0.5, 200",2.005
8,19,Joss: 0.9,2.255
8,19,Tullock,1.6
8,19,Anonymous,2.875
8,19,Random: 0.5,2.7
9,0,Cu,3.01
9,0,Du,0.975
9,0,Tit For Tat,3.01
9,0,spiteful,3.01
9,0,soft_majo,3.01
9,0,hard_majo,2.99
9,0,per_cd,2.685
9,0,per_ccd,3.29
9,0,per_ddc,2.29
9,0,mistrust,2.99
9,0,WSLS,3.01
9,0,TFTT,3.01
9,0,hard_tft,3.01
9,0,slow_tft,3.01
9,0,GrdTFT,3.01
9,0,prober,3.005
9,0,mem2,3.01
9,0,grok:grok-3-mini,3.01
9,0,Tideman & Chieruzzi,2.975
9,0,Nydegger,3.01
9,0,Grofman,3.01
9,0,Shubik,3.01
9,0,Stein & Rapoport: 0.05,2.975
9,0,GRIM,3.01
9,0,Davis: 10,3.01
9,0,Graaskamp: 0.05,3.42
9,0,Downing,1.125
9,0,"Feld: 1.0, 0.5, 200",1.995
9,0,Joss: 0.9,1.745
9,0,Tullock,1.38
9,0,Anonymous,3.11
9,0,Random: 0.5,2.82
9,1,Cu,3.01
9,1,Du,0.975
9,1,Tit For Tat,3.01
9,1,spiteful,3.01
9,1,soft_majo,3.01
9,1,hard_majo,2.99
9,1,per_cd,2.685
9,1,per_ccd,3.29
9,1,per_ddc,2.29
9,1,mistrust,2.99
9,1,WSLS,3.01
9,1,TFTT,3.01
9,1,hard_tft,3.01
9,1,slow_tft,3.01
9,1,GrdTFT,3.01
9,1,prober,3.005
9,1,mem2,3.01
9,1,grok:grok-3-mini,3.01
9,1,Tideman & Chieruzzi,2.975
9,1,Nydegger,3.01
9,1,Grofman,3.01
9,1,Shubik,3.01
9,1,Stein & Rapoport: 0.05,2.975
9,1,GRIM,3.01
9,1,Davis: 10,3.01
9,1,Graaskamp: 0.05,3.465
9,1,Downing,1.125
9,1,"Feld: 1.0, 0.5, 200",1.795
9,1,Joss: 0.9,2.165
9,1,Tullock,1.505
9,1,Anonymous,2.905
9,1,Random: 0.5,3.015
9,2,Cu,3.01
9,2,Du,0.975
9,2,Tit For Tat,3.01
9,2,spiteful,3.01
9,2,soft_majo,3.01
9,2,hard_majo,2.99
9,2,per_cd,2.685
9,2,per_ccd,3.29
9,2,per_ddc,2.29
9,2,mistrust,2.99
9,2,WSLS,3.01
9,2,TFTT,3.01
9,2,hard_tft,3.01
9,2,slow_tft,3.01
9,2,GrdTFT,3.01
9,2,prober,3.005
9,2,mem2,3.01
9,2,grok:grok-3-mini,3.01
9,2,Tideman & Chieruzzi,2.975
9,2,Nydegger,3.01
9,2,Grofman,3.01
9,2,Shubik,3.01
9,2,Stein & Rapoport: 0.05,2.975
9,2,GRIM,3.01
9,2,Davis: 10,3.01
9,2,Graaskamp: 0.05,3.42
9,2,Downing,1.125
9,2,"Feld: 1.0, 0.5, 200",1.865
9,2,Joss: 0.9,2.055
9,2,Tullock,1.535
9,2,Anonymous,3.27
9,2,Random: 0.5,3.19
9,3,Cu,3.01
9,3,Du,0.975
9,3,Tit For Tat,3.01
9,3,spiteful,3.01
9,3,soft_majo,3.01
9,3,hard_majo,2.99
9,3,per_cd,2.685
9,3,per_ccd,3.29
9,3,per_ddc,2.29
9,3,mistrust,2.99
9,3,WSLS,3.01
9,3,TFTT,3.01
9,3,hard_tft,3.01
9,3,slow_tft,3.01
9,3,GrdTFT,3.01
9,3,prober,3.005
9,3,mem2,3.01
9,3,grok:grok-3-mini,3.01
9,3,Tideman & Chieruzzi,2.975
9,3,Nydegger,3.01
9,3,Grofman,3.01
9,3,Shubik,3.01
9,3,Stein & Rapoport: 0.05,2.975
9,3,GRIM,3.01
9,3,Davis: 10,3.01
9,3,Graaskamp: 0.05,3.44
9,3,Downing,1.125
9,3,"Feld: 1.0, 0.5, 200",1.705
9,3,Joss: 0.9,1.445
9,3,Tullock,1.635
9,3,Anonymous,2.845
9,3,Random: 0.5,2.74
9,4,Cu,3.01
9,4,Du,0.975
9,4,Tit For Tat,3.01
9,4,spiteful,3.01
9,4,soft_majo,3.01
9,4,hard_majo,2.99
9,4,per_cd,2.685
9,4,per_ccd,3.29
9,4,per_ddc,2.29
9,4,mistrust,2.99
9,4,WSLS,3.01
9,4,TFTT,3.01
9,4,hard_tft,3.01
9,4,slow_tft,3.01
9,4,GrdTFT,3.01
9,4,prober,3.005
9,4,mem2,3.01
9,4,grok:grok-3-mini,3.01
9,4,Tideman & Chieruzzi,2.975
9,4,Nydegger,3.01
9,4,Grofman,3.01
9,4,Shubik,3.01
9,4,Stein & Rapoport: 0.05,2.975
9,4,GRIM,3.01
9,4,Davis: 10,3.01
9,4,Graaskamp: 0.05,3.325
9,4,Downing,1.125
9,4,"Feld: 1.0, 0.5, 200",1.865
9,4,Joss: 0.9,2.385
9,4,Tullock,1.395
9,4,Anonymous,2.855
9,4,Random: 0.5,2.735
9,5,Cu,3.01
9,5,Du,0.975
9,5,Tit For Tat,3.01
9,5,spiteful,3.01
9,5,soft_majo,3.01
9,5,hard_majo,2.99
9,5,per_cd,2.685
9,5,per_ccd,3.29
9,5,per_ddc,2.29
9,5,mistrust,2.99
9,5,WSLS,3.01
9,5,TFTT,3.01
9,5,hard_tft,3.01
9,5,slow_tft,3.01
9,5,GrdTFT,3.01
9,5,prober,3.005
9,5,mem2,3.01
9,5,grok:grok-3-mini,3.01
9,5,Tideman & Chieruzzi,2.975
9,5,Nydegger,3.01
9,5,Grofman,3.01
9,5,Shubik,3.01
9,5,Stein & Rapoport: 0.05,2.975
9,5,GRIM,3.01
9,5,Davis: 10,3.01
9,5,Graaskamp: 0.05,3.34
9,5,Downing,1.125
9,5,"Feld: 1.0, 0.5, 200",1.935
9,5,Joss: 0.9,1.375
9,5,Tullock,1.77
9,5,Anonymous,2.97
9,5,Random: 0.5,2.965
9,6,Cu,3.01
9,6,Du,0.975
9,6,Tit For Tat,3.01
9,6,spiteful,3.01
9,6,soft_majo,3.01
9,6,hard_majo,2.99
9,6,per_cd,2.685
9,6,per_ccd,3.29
9,6,per_ddc,2.29
9,6,mistrust,2.99
9,6,WSLS,3.01
9,6,TFTT,3.01
9,6,hard_tft,3.01
9,6,slow_tft,3.01
9,6,GrdTFT,3.01
9,6,prober,3.005
9,6,mem2,3.01
9,6,grok:grok-3-mini,3.01
9,6,Tideman & Chieruzzi,2.975
9,6,Nydegger,3.01
9,6,Grofman,3.01
9,6,Shubik,3.01
9,6,Stein & Rapoport: 0.05,2.975
9,6,GRIM,3.01
9,6,Davis: 10,3.01
9,6,Graaskamp: 0.05,3.415
9,6,Downing,1.125
9,6,"Feld: 1.0, 0.5, 200",2.025
9,6,Joss: 0.9,2.385
9,6,Tullock,1.61
9,6,Anonymous,3.015
9,6,Random: 0.5,2.83
9,7,Cu,3.01
9,7,Du,0.975
9,7,Tit For Tat,3.01
9,7,spiteful,3.01
9,7,soft_majo,3.01
9,7,hard_majo,2.99
9,7,per_cd,2.685
9,7,per_ccd,3.29
9,7,per_ddc,2.29
9,7,mistrust,2.99
9,7,WSLS,3.01
9,7,TFTT,3.01
9,7,hard_tft,3.01
9,7,slow_tft,3.01
9,7,GrdTFT,3.01
9,7,prober,3.005
9,7,mem2,3.01
9,7,grok:grok-3-mini,3.01
9,7,Tideman & Chieruzzi,2.975
9,7,Nydegger,3.01
9,7,Grofman,3.01
9,7,Shubik,3.01
9,7,Stein & Rapoport: 0.05,2.975
9,7,GRIM,3.01
9,7,Davis: 10,3.01
9,7,Graaskamp: 0.05,3.515
9,7,Downing,1.125
9,7,"Feld: 1.0, 0.5, 200",1.765
9,7,Joss: 0.9,2.24
9,7,Tullock,1.56
9,7,Anonymous,2.675
9,7,Random: 0.5,2.97
9,8,Cu,3.01
9,8,Du,0.975
9,8,Tit For Tat,3.01
9,8,spiteful,3.01
9,8,soft_majo,3.01
9,8,hard_majo,2.99
9,8,per_cd,2.685
9,8,per_ccd,3.29
9,8,per_ddc,2.29
9,8,mistrust,2.99
9,8,WSLS,3.01
9,8,TFTT,3.01
9,8,hard_tft,3.01
9,8,slow_tft,3.01
9,8,GrdTFT,3.01
9,8,prober,3.005
9,8,mem2,3.01
9,8,grok:grok-3-mini,3.01
9,8,Tideman & Chieruzzi,2.975
9,8,Nydegger,3.01
9,8,Grofman,3.01
9,8,Shubik,3.01
9,8,Stein & Rapoport: 0.05,2.975
9,8,GRIM,3.01
9,8,Davis: 10,3.01
9,8,Graaskamp: 0.05,3.465
9,8,Downing,1.125
9,8,"Feld: 1.0, 0.5, 200",2.015
9,8,Joss: 0.9,2.24
9,8,Tullock,1.41
9,8,Anonymous,2.865
9,8,Random: 0.5,3.085
9,9,Cu,3.01
9,9,Du,0.975
9,9,Tit For Tat,3.01
9,9,spiteful,3.01
9,9,soft_majo,3.01
9,9,hard_majo,2.99
9,9,per_cd,2.685
9,9,per_ccd,3.29
9,9,per_ddc,2.29
9,9,mistrust,2.99
9,9,WSLS,3.01
9,9,TFTT,3.01
9,9,hard_tft,3.01
9,9,slow_tft,3.01
9,9,GrdTFT,3.01
9,9,prober,3.005
9,9,mem2,3.01
9,9,grok:grok-3-mini,3.01
9,9,Tideman & Chieruzzi,2.975
9,9,Nydegger,3.01
9,9,Grofman,3.01
9,9,Shubik,3.01
9,9,Stein & Rapoport: 0.05,2.975
9,9,GRIM,3.01
9,9,Davis: 10,3.01
9,9,Graaskamp: 0.05,3.405
9,9,Downing,1.125
9,9,"Feld: 1.0, 0.5, 200",1.935
9,9,Joss: 0.9,2.315
9,9,Tullock,1.88
9,9,Anonymous,3.005
9,9,Random: 0.5,2.665
9,10,Cu,3.01
9,10,Du,0.975
9,10,Tit For Tat,3.01
9,10,spiteful,3.01
9,10,soft_majo,3.01
9,10,hard_majo,2.99
9,10,per_cd,2.685
9,10,per_ccd,3.29
9,10,per_ddc,2.29
9,10,mistrust,2.99
9,10,WSLS,3.01
9,10,TFTT,3.01
9,10,hard_tft,3.01
9,10,slow_tft,3.01
9,10,GrdTFT,3.01
9,10,prober,3.005
9,10,mem2,3.01
9,10,grok:grok-3-mini,3.01
9,10,Tideman & Chieruzzi,2.975
9,10,Nydegger,3.01
9,10,Grofman,3.01
9,10,Shubik,3.01
9,10,Stein & Rapoport: 0.05,2.975
9,10,GRIM,3.01
9,10,Davis: 10,3.01
9,10,Graaskamp: 0.05,3.43
9,10,Downing,1.125
9,10,"Feld: 1.0, 0.5, 200",1.645
9,10,Joss: 0.9,1.695
9,10,Tullock,1.41
9,10,Anonymous,3.135
9,10,Random: 0.5,2.76
9,11,Cu,3.01
9,11,Du,0.975
9,11,Tit For Tat,3.01
9,11,spiteful,3.01
9,11,soft_majo,3.01
9,11,hard_majo,2.99
9,11,per_cd,2.685
9,11,per_ccd,3.29
9,11,per_ddc,2.29
9,11,mistrust,2.99
9,11,WSLS,3.01
9,11,TFTT,3.01
9,11,hard_tft,3.01
9,11,slow_tft,3.01
9,11,GrdTFT,3.01
9,11,prober,3.005
9,11,mem2,3.01
9,11,grok:grok-3-mini,3.01
9,11,Tideman & Chieruzzi,2.975
9,11,Nydegger,3.01
9,11,Grofman,3.01
9,11,Shubik,3.01
9,11,Stein & Rapoport: 0.05,2.975
9,11,GRIM,3.01
9,11,Davis: 10,3.01
9,11,Graaskamp: 0.05,3.495
9,11,Downing,1.125
9,11,"Feld: 1.0, 0.5, 200",1.835
9,11,Joss: 0.9,1.09
9,11,Tullock,1.36
9,11,Anonymous,2.865
9,11,Random: 0.5,2.965
9,12,Cu,3.01
9,12,Du,0.975
9,12,Tit For Tat,3.01
9,12,spiteful,3.01
9,12,soft_majo,3.01
9,12,hard_majo,2.99
9,12,per_cd,2.685
9,12,per_ccd,3.29
9,12,per_ddc,2.29
9,12,mistrust,2.99
9,12,WSLS,3.01
9,12,TFTT,3.01
9,12,hard_tft,3.01
9,12,slow_tft,3.01
9,12,GrdTFT,3.01
9,12,prober,3.005
9,12,mem2,3.01
9,12,grok:grok-3-mini,3.01
9,12,Tideman & Chieruzzi,2.975
9,12,Nydegger,3.01
9,12,Grofman,3.01
9,12,Shubik,3.01
9,12,Stein & Rapoport: 0.05,2.975
9,12,GRIM,3.01
9,12,Davis: 10,3.01
9,12,Graaskamp: 0.05,3.525
9,12,Downing,1.125
9,12,"Feld: 1.0, 0.5, 200",1.795
9,12,Joss: 0.9,1.105
9,12,Tullock,1.305
9,12,Anonymous,2.79
9,12,Random: 0.5,2.65
9,13,Cu,3.01
9,13,Du,0.975
9,13,Tit For Tat,3.01
9,13,spiteful,3.01
9,13,soft_majo,3.01
9,13,hard_majo,2.99
9,13,per_cd,2.685
9,13,per_ccd,3.29
9,13,per_ddc,2.29
9,13,mistrust,2.99
9,13,WSLS,3.01
9,13,TFTT,3.01
9,13,hard_tft,3.01
9,13,slow_tft,3.01
9,13,GrdTFT,3.01
9,13,prober,3.005
9,13,mem2,3.01
9,13,grok:grok-3-mini,3.01
9,13,Tideman & Chieruzzi,2.975
9,13,Nydegger,3.01
9,13,Grofman,3.01
9,13,Shubik,3.01
9,13,Stein & Rapoport: 0.05,2.975
9,13,GRIM,3.01
9,13,Davis: 10,3.01
9,13,Graaskamp: 0.05,3.405
9,13,Downing,1.125
9,13,"Feld: 1.0, 0.5, 200",1.9
9,13,Joss: 0.9,2.035
9,13,Tullock,1.84
9,13,Anonymous,2.57
9,13,Random: 0.5,2.75
9,14,Cu,3.01
9,14,Du,0.975
9,14,Tit For Tat,3.01
9,14,spiteful,3.01
9,14,soft_majo,3.01
9,14,hard_majo,2.99
9,14,per_cd,2.685
9,14,per_ccd,3.29
9,14,per_ddc,2.29
9,14,mistrust,2.99
9,14,WSLS,3.01
9,14,TFTT,3.01
9,14,hard_tft,3.01
9,14,slow_tft,3.01
9,14,GrdTFT,3.01
9,14,prober,3.005
9,14,mem2,3.01
9,14,grok:grok-3-mini,3.01
9,14,Tideman & Chieruzzi,2.975
9,14,Nydegger,3.01
9,14,Grofman,3.01
9,14,Shubik,3.01
9,14,Stein & Rapoport: 0.05,2.975
9,14,GRIM,3.01
9,14,Davis: 10,3.01
9,14,Graaskamp: 0.05,3.485
9,14,Downing,1.125
9,14,"Feld: 1.0, 0.5, 200",1.625
9,14,Joss: 0.9,1.065
9,14,Tullock,1.86
9,14,Anonymous,3.06
9,14,Random: 0.5,2.68
9,15,Cu,3.01
9,15,Du,0.975
9,15,Tit For Tat,3.01
9,15,spiteful,3.01
9,15,soft_majo,3.01
9,15,hard_majo,2.99
9,15,per_cd,2.685
9,15,per_ccd,3.29
9,15,per_ddc,2.29
9,15,mistrust,2.99
9,15,WSLS,3.01
9,15,TFTT,3.01
9,15,hard_tft,3.01
9,15,slow_tft,3.01
9,15,GrdTFT,3.01
9,15,prober,3.005
9,15,mem2,3.01
9,15,grok:grok-3-mini,3.01
9,15,Tideman & Chieruzzi,2.975
9,15,Nydegger,3.01
9,15,Grofman,3.01
9,15,Shubik,3.01
9,15,Stein & Rapoport: 0.05,2.975
9,15,GRIM,3.01
9,15,Davis: 10,3.01
9,15,Graaskamp: 0.05,3.56
9,15,Downing,1.125
9,15,"Feld: 1.0, 0.5, 200",1.705
9,15,Joss: 0.9,2.09
9,15,Tullock,1.36
9,15,Anonymous,3.035
9,15,Random: 0.5,2.99
9,16,Cu,3.01
9,16,Du,0.975
9,16,Tit For Tat,3.01
9,16,spiteful,3.01
9,16,soft_majo,3.01
9,16,hard_majo,2.99
9,16,per_cd,2.685
9,16,per_ccd,3.29
9,16,per_ddc,2.29
9,16,mistrust,2.99
9,16,WSLS,3.01
9,16,TFTT,3.01
9,16,hard_tft,3.01
9,16,slow_tft,3.01
9,16,GrdTFT,3.01
9,16,prober,3.005
9,16,mem2,3.01
9,16,grok:grok-3-mini,3.01
9,16,Tideman & Chieruzzi,2.975
9,16,Nydegger,3.01
9,16,Grofman,3.01
9,16,Shubik,3.01
9,16,Stein & Rapoport: 0.05,2.975
9,16,GRIM,3.01
9,16,Davis: 10,3.01
9,16,Graaskamp: 0.05,3.335
9,16,Downing,1.125
9,16,"Feld: 1.0, 0.5, 200",1.545
9,16,Joss: 0.9,2.24
9,16,Tullock,1.4
9,16,Anonymous,2.91
9,16,Random: 0.5,3.03
9,17,Cu,3.01
9,17,Du,0.975
9,17,Tit For Tat,3.01
9,17,spiteful,3.01
9,17,soft_majo,3.01
9,17,hard_majo,2.99
9,17,per_cd,2.685
9,17,per_ccd,3.29
9,17,per_ddc,2.29
9,17,mistrust,2.99
9,17,WSLS,3.01
9,17,TFTT,3.01
9,17,hard_tft,3.01
9,17,slow_tft,3.01
9,17,GrdTFT,3.01
9,17,prober,3.005
9,17,mem2,3.01
9,17,grok:grok-3-mini,3.01
9,17,Tideman & Chieruzzi,2.975
9,17,Nydegger,3.01
9,17,Grofman,3.01
9,17,Shubik,3.01
9,17,Stein & Rapoport: 0.05,2.975
9,17,GRIM,3.01
9,17,Davis: 10,3.01
9,17,Graaskamp: 0.05,3.55
9,17,Downing,1.125
9,17,"Feld: 1.0, 0.5, 200",1.725
9,17,Joss: 0.9,1.955
9,17,Tullock,1.41
9,17,Anonymous,2.85
9,17,Random: 0.5,3.01
9,18,Cu,3.01
9,18,Du,0.975
9,18,Tit For Tat,3.01
9,18,spiteful,3.01
9,18,soft_majo,3.01
9,18,hard_majo,2.99
9,18,per_cd,2.685
9,18,per_ccd,3.29
9,18,per_ddc,2.29
9,18,mistrust,2.99
9,18,WSLS,3.01
9,18,TFTT,3.01
9,18,hard_tft,3.01
9,18,slow_tft,3.01
9,18,GrdTFT,3.01
9,18,prober,3.005
9,18,mem2,3.01
9,18,grok:grok-3-mini,3.01
9,18,Tideman & Chieruzzi,2.975
9,18,Nydegger,3.01
9,18,Grofman,3.01
9,18,Shubik,3.01
9,18,Stein & Rapoport: 0.05,2.975
9,18,GRIM,3.01
9,18,Davis: 10,3.01
9,18,Graaskamp: 0.05,3.38
9,18,Downing,1.125
9,18,"Feld: 1.0, 0.5, 200",1.725
9,18,Joss: 0.9,2.45
9,18,Tullock,1.56
9,18,Anonymous,2.865
9,18,Random: 0.5,2.84
9,19,Cu,3.01
9,19,Du,0.975
9,19,Tit For Tat,3.01
9,19,spiteful,3.01
9,19,soft_majo,3.01
9,19,hard_majo,2.99
9,19,per_cd,2.685
9,19,per_ccd,3.29
9,19,per_ddc,2.29
9,19,mistrust,2.99
9,19,WSLS,3.01
9,19,TFTT,3.01
9,19,hard_tft,3.01
9,19,slow_tft,3.01
9,19,GrdTFT,3.01
9,19,prober,3.005
9,19,mem2,3.01
9,19,grok:grok-3-mini,3.01
9,19,Tideman & Chieruzzi,2.975
9,19,Nydegger,3.01
9,19,Grofman,3.01
9,19,Shubik,3.01
9,19,Stein & Rapoport: 0.05,2.975
9,19,GRIM,3.01
9,19,Davis: 10,3.01
9,19,Graaskamp: 0.05,3.43
9,19,Downing,1.125
9,19,"Feld: 1.0, 0.5, 200",1.575
9,19,Joss: 0.9,1.33
9,19,Tullock,1.54
9,19,Anonymous,2.9
9,19,Random: 0.5,2.77
