seed,repetition,opponent,target_avg,opponent_avg,margin
0,0,Cu,3.02,2.97,0.04999999999999982
0,0,Du,0.995,1.02,-0.025000000000000022
0,0,Tit For Tat,3.0,2.975,0.02499999999999991
0,0,spiteful,3.0,2.975,0.02499999999999991
0,0,soft_majo,3.02,2.97,0.04999999999999982
0,0,hard_majo,1.03,1.03,0.0
0,0,per_cd,2.98,0.555,2.425
0,0,per_ccd,3.42,1.245,2.175
0,0,per_ddc,2.315,0.69,1.625
0,0,mistrust,1.03,1.03,0.0
0,0,WSLS,3.0,2.975,0.02499999999999991
0,0,TFTT,3.02,2.97,0.04999999999999982
0,0,hard_tft,3.0,2.975,0.02499999999999991
0,0,slow_tft,3.02,2.97,0.04999999999999982
0,0,GrdTFT,3.0,2.975,0.02499999999999991
0,0,prober,2.995,2.97,0.02499999999999991
0,0,mem2,3.0,2.975,0.02499999999999991
0,0,grok:grok-3-mini,3.0,2.975,0.02499999999999991
0,0,Tideman & Chieruzzi,2.98,2.98,0.0
0,0,Nydegger,3.02,2.97,0.04999999999999982
0,0,Grofman,3.0,2.975,0.02499999999999991
0,0,Shubik,3.0,2.975,0.02499999999999991
0,0,Stein & Rapoport: 0.05,2.98,2.98,0.0
0,0,GRIM,3.0,2.975,0.02499999999999991
0,0,Davis: 10,3.0,2.975,0.02499999999999991
0,0,Graaskamp: 0.05,2.825,3.1,-0.2749999999999999
0,0,Downing,3.02,2.92,0.10000000000000009
0,0,"Feld: 1.0, 0.5, 200",1.485,1.61,-0.125
0,0,Joss: 0.9,1.04,1.04,0.0
0,0,Tullock,2.33,2.58,-0.25
0,0,Anonymous,2.755,0.705,2.05
0,0,Random: 0.5,2.82,0.745,2.0749999999999997
0,1,Cu,3.02,2.97,0.04999999999999982
0,1,Du,0.995,1.02,-0.025000000000000022
0,1,Tit For Tat,3.0,2.975,0.02499999999999991
0,1,spiteful,3.0,2.975,0.02499999999999991
0,1,soft_majo,3.02,2.97,0.04999999999999982
0,1,hard_majo,1.03,1.03,0.0
0,1,per_cd,2.98,0.555,2.425
0,1,per_ccd,3.42,1.245,2.175
0,1,per_ddc,2.315,0.69,1.625
0,1,mistrust,1.03,1.03,0.0
0,1,WSLS,3.0,2.975,0.02499999999999991
0,1,TFTT,3.02,2.97,0.04999999999999982
0,1,hard_tft,3.0,2.975,0.02499999999999991
0,1,slow_tft,3.02,2.97,0.04999999999999982
0,1,GrdTFT,3.0,2.975,0.02499999999999991
0,1,prober,2.995,2.97,0.02499999999999991
0,1,mem2,3.0,2.975,0.02499999999999991
0,1,grok:grok-3-mini,3.0,2.975,0.02499999999999991
0,1,Tideman & Chieruzzi,2.98,2.98,0.0
0,1,Nydegger,3.02,2.97,0.04999999999999982
0,1,Grofman,3.0,2.975,0.02499999999999991
0,1,Shubik,3.0,2.975,0.02499999999999991
0,1,Stein & Rapoport: 0.05,2.98,2.98,0.0
0,1,GRIM,3.0,2.975,0.02499999999999991
0,1,Davis: 10,3.0,2.975,0.02499999999999991
0,1,Graaskamp: 0.05,2.775,3.125,-0.3500000000000001
0,1,Downing,3.02,2.92,0.10000000000000009
0,1,"Feld: 1.0, 0.5, 200",1.415,1.44,-0.02499999999999991
0,1,Joss: 0.9,1.04,1.04,0.0
0,1,Tullock,1.24,1.29,-0.050000000000000044
0,1,Anonymous,2.84,0.815,2.025
0,1,Random: 0.5,2.97,0.87,2.1
0,2,Cu,3.02,2.97,0.04999999999999982
0,2,Du,0.995,1.02,-0.025000000000000022
0,2,Tit For Tat,3.0,2.975,0.02499999999999991
0,2,spiteful,3.0,2.975,0.02499999999999991
0,2,soft_majo,3.02,2.97,0.04999999999999982
0,2,hard_majo,1.03,1.03,0.0
0,2,per_cd,2.98,0.555,2.425
0,2,per_ccd,3.42,1.245,2.175
0,2,per_ddc,2.315,0.69,1.625
0,2,mistrust,1.03,1.03,0.0
0,2,WSLS,3.0,2.975,0.02499999999999991
0,2,TFTT,3.02,2.97,0.04999999999999982
0,2,hard_tft,3.0,2.975,0.02499999999999991
0,2,slow_tft,3.02,2.97,0.04999999999999982
0,2,GrdTFT,3.0,2.975,0.02499999999999991
0,2,prober,2.995,2.97,0.02499999999999991
0,2,mem2,3.0,2.975,0.02499999999999991
0,2,grok:grok-3-mini,3.0,2.975,0.02499999999999991
0,2,Tideman & Chieruzzi,2.98,2.98,0.0
0,2,Nydegger,3.02,2.97,0.04999999999999982
0,2,Grofman,3.0,2.975,0.02499999999999991
0,2,Shubik,3.0,2.975,0.02499999999999991
0,2,Stein & Rapoport: 0.05,2.98,2.98,0.0
0,2,GRIM,3.0,2.975,0.02499999999999991
0,2,Davis: 10,3.0,2.975,0.02499999999999991
0,2,Graaskamp: 0.05,2.81,3.11,-0.2999999999999998
0,2,Downing,3.02,2.92,0.10000000000000009
0,2,"Feld: 1.0, 0.5, 200",1.245,1.32,-0.07499999999999996
0,2,Joss: 0.9,2.82,3.095,-0.27500000000000036
0,2,Tullock,2.725,3.15,-0.4249999999999998
0,2,Anonymous,2.675,0.65,2.025
0,2,Random: 0.5,2.74,0.665,2.075
0,3,Cu,3.02,2.97,0.04999999999999982
0,3,Du,0.995,1.02,-0.025000000000000022
0,3,Tit For Tat,3.0,2.975,0.02499999999999991
0,3,spiteful,3.0,2.975,0.02499999999999991
0,3,soft_majo,3.02,2.97,0.04999999999999982
0,3,hard_majo,1.03,1.03,0.0
0,3,per_cd,2.98,0.555,2.425
0,3,per_ccd,3.42,1.245,2.175
0,3,per_ddc,2.315,0.69,1.625
0,3,mistrust,1.03,1.03,0.0
0,3,WSLS,3.0,2.975,0.02499999999999991
0,3,TFTT,3.02,2.97,0.04999999999999982
0,3,hard_tft,3.0,2.975,0.02499999999999991
0,3,slow_tft,3.02,2.97,0.04999999999999982
0,3,GrdTFT,3.0,2.975,0.02499999999999991
0,3,prober,2.995,2.97,0.02499999999999991
0,3,mem2,3.0,2.975,0.02499999999999991
0,3,grok:grok-3-mini,3.0,2.975,0.02499999999999991
0,3,Tideman & Chieruzzi,2.98,2.98,0.0
0,3,Nydegger,3.02,2.97,0.04999999999999982
0,3,Grofman,3.0,2.975,0.02499999999999991
0,3,Shubik,3.0,2.975,0.02499999999999991
0,3,Stein & Rapoport: 0.05,2.98,2.98,0.0
0,3,GRIM,3.0,2.975,0.02499999999999991
0,3,Davis: 10,3.0,2.975,0.02499999999999991
0,3,Graaskamp: 0.05,2.825,3.1,-0.2749999999999999
0,3,Downing,3.02,2.92,0.10000000000000009
0,3,"Feld: 1.0, 0.5, 200",1.45,1.575,-0.125
0,3,Joss: 0.9,1.425,1.45,-0.02499999999999991
0,3,Tullock,1.965,2.14,-0.17500000000000004
0,3,Anonymous,3.045,0.595,2.45
0,3,Random: 0.5,2.91,0.635,2.2750000000000004
0,4,Cu,3.02,2.97,0.04999999999999982
0,4,Du,0.995,1.02,-0.025000000000000022
0,4,Tit For Tat,3.0,2.975,0.02499999999999991
0,4,spiteful,3.0,2.975,0.02499999999999991
0,4,soft_majo,3.02,2.97,0.04999999999999982
0,4,hard_majo,1.03,1.03,0.0
0,4,per_cd,2.98,0.555,2.425
0,4,per_ccd,3.42,1.245,2.175
0,4,per_ddc,2.315,0.69,1.625
0,4,mistrust,1.03,1.03,0.0
0,4,WSLS,3.0,2.975,0.02499999999999991
0,4,TFTT,3.02,2.97,0.04999999999999982
0,4,hard_tft,3.0,2.975,0.02499999999999991
0,4,slow_tft,3.02,2.97,0.04999999999999982
0,4,GrdTFT,3.0,2.975,0.02499999999999991
0,4,prober,2.995,2.97,0.02499999999999991
0,4,mem2,3.0,2.975,0.02499999999999991
0,4,grok:grok-3-mini,3.0,2.975,0.02499999999999991
0,4,Tideman & Chieruzzi,2.98,2.98,0.0
0,4,Nydegger,3.02,2.97,0.04999999999999982
0,4,Grofman,3.0,2.975,0.02499999999999991
0,4,Shubik,3.0,2.975,0.02499999999999991
0,4,Stein & Rapoport: 0.05,2.98,2.98,0.0
0,4,GRIM,3.0,2.975,0.02499999999999991
0,4,Davis: 10,3.0,2.975,0.02499999999999991
0,4,Graaskamp: 0.05,2.795,3.12,-0.3250000000000002
0,4,Downing,3.02,2.92,0.10000000000000009
0,4,"Feld: 1.0, 0.5, 200",1.485,1.61,-0.125
0,4,Joss: 0.9,2.12,2.345,-0.2250000000000001
0,4,Tullock,1.42,1.445,-0.025000000000000133
0,4,Anonymous,2.98,0.605,2.375
0,4,Random: 0.5,2.92,0.62,2.3
0,5,Cu,3.02,2.97,0.04999999999999982
0,5,Du,0.995,1.02,-0.025000000000000022
0,5,Tit For Tat,3.0,2.975,0.02499999999999991
0,5,spiteful,3.0,2.975,0.02499999999999991
0,5,soft_majo,3.02,2.97,0.04999999999999982
0,5,hard_majo,1.03,1.03,0.0
0,5,per_cd,2.98,0.555,2.425
0,5,per_ccd,3.42,1.245,2.175
0,5,per_ddc,2.315,0.69,1.625
0,5,mistrust,1.03,1.03,0.0
0,5,WSLS,3.0,2.975,0.02499999999999991
0,5,TFTT,3.02,2.97,0.04999999999999982
0,5,hard_tft,3.0,2.975,0.02499999999999991
0,5,slow_tft,3.02,2.97,0.04999999999999982
0,5,GrdTFT,3.0,2.975,0.02499999999999991
0,5,prober,2.995,2.97,0.02499999999999991
0,5,mem2,3.0,2.975,0.02499999999999991
0,5,grok:grok-3-mini,3.0,2.975,0.02499999999999991
0,5,Tideman & Chieruzzi,2.98,2.98,0.0
0,5,Nydegger,3.02,2.97,0.04999999999999982
0,5,Grofman,3.0,2.975,0.02499999999999991
0,5,Shubik,3.0,2.975,0.02499999999999991
0,5,Stein & Rapoport: 0.05,2.98,2.98,0.0
0,5,GRIM,3.0,2.975,0.02499999999999991
0,5,Davis: 10,3.0,2.975,0.02499999999999991
0,5,Graaskamp: 0.05,2.795,3.12,-0.3250000000000002
0,5,Downing,3.02,2.92,0.10000000000000009
0,5,"Feld: 1.0, 0.5, 200",1.7,2.0,-0.30000000000000004
0,5,Joss: 0.9,1.17,1.22,-0.050000000000000044
0,5,Tullock,1.555,1.605,-0.050000000000000044
0,5,Anonymous,2.82,0.645,2.175
0,5,Random: 0.5,2.985,0.71,2.275
0,6,Cu,3.02,2.97,0.04999999999999982
0,6,Du,0.995,1.02,-0.025000000000000022
0,6,Tit For Tat,3.0,2.975,0.02499999999999991
0,6,spiteful,3.0,2.975,0.02499999999999991
0,6,soft_majo,3.02,2.97,0.04999999999999982
0,6,hard_majo,1.03,1.03,0.0
0,6,per_cd,2.98,0.555,2.425
0,6,per_ccd,3.42,1.245,2.175
0,6,per_ddc,2.315,0.69,1.625
0,6,mistrust,1.03,1.03,0.0
0,6,WSLS,3.0,2.975,0.02499999999999991
0,6,TFTT,3.02,2.97,0.04999999999999982
0,6,hard_tft,3.0,2.975,0.02499999999999991
0,6,slow_tft,3.02,2.97,0.04999999999999982
0,6,GrdTFT,3.0,2.975,0.02499999999999991
0,6,prober,2.995,2.97,0.02499999999999991
0,6,mem2,3.0,2.975,0.02499999999999991
0,6,grok:grok-3-mini,3.0,2.975,0.02499999999999991
0,6,Tideman & Chieruzzi,2.98,2.98,0.0
0,6,Nydegger,3.02,2.97,0.04999999999999982
0,6,Grofman,3.02,2.97,0.04999999999999982
0,6,Shubik,3.0,2.975,0.02499999999999991
0,6,Stein & Rapoport: 0.05,2.98,2.98,0.0
0,6,GRIM,3.0,2.975,0.02499999999999991
0,6,Davis: 10,3.0,2.975,0.02499999999999991
0,6,Graaskamp: 0.05,2.795,3.12,-0.3250000000000002
0,6,Downing,3.02,2.92,0.10000000000000009
0,6,"Feld: 1.0, 0.5, 200",1.725,1.975,-0.25
0,6,Joss: 0.9,1.05,1.075,-0.02499999999999991
0,6,Tullock,1.32,1.345,-0.02499999999999991
0,6,Anonymous,2.935,0.71,2.225
0,6,Random: 0.5,2.995,0.995,2.0
0,7,Cu,3.02,2.97,0.04999999999999982
0,7,Du,0.995,1.02,-0.025000000000000022
0,7,Tit For Tat,3.0,2.975,0.02499999999999991
0,7,spiteful,3.0,2.975,0.02499999999999991
0,7,soft_majo,3.02,2.97,0.04999999999999982
0,7,hard_majo,1.03,1.03,0.0
0,7,per_cd,2.98,0.555,2.425
0,7,per_ccd,3.42,1.245,2.175
0,7,per_ddc,2.315,0.69,1.625
0,7,mistrust,1.03,1.03,0.0
0,7,WSLS,3.0,2.975,0.02499999999999991
0,7,TFTT,3.02,2.97,0.04999999999999982
0,7,hard_tft,3.0,2.975,0.02499999999999991
0,7,slow_tft,3.02,2.97,0.04999999999999982
0,7,GrdTFT,3.0,2.975,0.02499999999999991
0,7,prober,2.995,2.97,0.02499999999999991
0,7,mem2,3.0,2.975,0.02499999999999991
0,7,grok:grok-3-mini,3.0,2.975,0.02499999999999991
0,7,Tideman & Chieruzzi,2.98,2.98,0.0
0,7,Nydegger,3.02,2.97,0.04999999999999982
0,7,Grofman,3.02,2.97,0.04999999999999982
0,7,Shubik,3.0,2.975,0.02499999999999991
0,7,Stein & Rapoport: 0.05,2.98,2.98,0.0
0,7,GRIM,3.0,2.975,0.02499999999999991
0,7,Davis: 10,3.0,2.975,0.02499999999999991
0,7,Graaskamp: 0.05,2.795,3.12,-0.3250000000000002
0,7,Downing,3.02,2.92,0.10000000000000009
0,7,"Feld: 1.0, 0.5, 200",1.745,1.92,-0.17499999999999982
0,7,Joss: 0.9,1.03,1.055,-0.02499999999999991
0,7,Tullock,1.37,1.295,0.07500000000000018
0,7,Anonymous,3.005,0.68,2.3249999999999997
0,7,Random: 0.5,2.985,0.635,2.3499999999999996
0,8,Cu,3.02,2.97,0.04999999999999982
0,8,Du,0.995,1.02,-0.025000000000000022
0,8,Tit For Tat,3.0,2.975,0.02499999999999991
0,8,spiteful,3.0,2.975,0.02499999999999991
0,8,soft_majo,3.02,2.97,0.04999999999999982
0,8,hard_majo,1.03,1.03,0.0
0,8,per_cd,2.98,0.555,2.425
0,8,per_ccd,3.42,1.245,2.175
0,8,per_ddc,2.315,0.69,1.625
0,8,mistrust,1.03,1.03,0.0
0,8,WSLS,3.0,2.975,0.02499999999999991
0,8,TFTT,3.02,2.97,0.04999999999999982
0,8,hard_tft,3.0,2.975,0.02499999999999991
0,8,slow_tft,3.02,2.97,0.04999999999999982
0,8,GrdTFT,3.0,2.975,0.02499999999999991
0,8,prober,2.995,2.97,0.02499999999999991
0,8,mem2,3.0,2.975,0.02499999999999991
0,8,grok:grok-3-mini,3.0,2.975,0.02499999999999991
0,8,Tideman & Chieruzzi,2.98,2.98,0.0
0,8,Nydegger,3.02,2.97,0.04999999999999982
0,8,Grofman,3.02,2.97,0.04999999999999982
0,8,Shubik,3.0,2.975,0.02499999999999991
0,8,Stein & Rapoport: 0.05,2.98,2.98,0.0
0,8,GRIM,3.0,2.975,0.02499999999999991
0,8,Davis: 10,3.0,2.975,0.02499999999999991
0,8,Graaskamp: 0.05,2.81,3.11,-0.2999999999999998
0,8,Downing,3.02,2.92,0.10000000000000009
0,8,"Feld: 1.0, 0.5, 200",1.84,1.99,-0.1499999999999999
0,8,Joss: 0.9,1.305,1.38,-0.07499999999999996
0,8,Tullock,1.435,1.485,-0.050000000000000044
0,8,Anonymous,2.75,0.65,2.1
0,8,Random: 0.5,2.83,0.63,2.2
0,9,Cu,3.02,2.97,0.04999999999999982
0,9,Du,0.995,1.02,-0.025000000000000022
0,9,Tit For Tat,3.0,2.975,0.02499999999999991
0,9,spiteful,3.0,2.975,0.02499999999999991
0,9,soft_majo,3.02,2.97,0.04999999999999982
0,9,hard_majo,1.03,1.03,0.0
0,9,per_cd,2.98,0.555,2.425
0,9,per_ccd,3.42,1.245,2.175
0,9,per_ddc,2.315,0.69,1.625
0,9,mistrust,1.03,1.03,0.0
0,9,WSLS,3.0,2.975,0.02499999999999991
0,9,TFTT,3.02,2.97,0.04999999999999982
0,9,hard_tft,3.0,2.975,0.02499999999999991
0,9,slow_tft,3.02,2.97,0.04999999999999982
0,9,GrdTFT,3.0,2.975,0.02499999999999991
0,9,prober,2.995,2.97,0.02499999999999991
0,9,mem2,3.0,2.975,0.02499999999999991
0,9,grok:grok-3-mini,3.0,2.975,0.02499999999999991
0,9,Tideman & Chieruzzi,2.98,2.98,0.0
0,9,Nydegger,3.02,2.97,0.04999999999999982
0,9,Grofman,3.02,2.97,0.04999999999999982
0,9,Shubik,3.0,2.975,0.02499999999999991
0,9,Stein & Rapoport: 0.05,2.98,2.98,0.0
0,9,GRIM,3.0,2.975,0.02499999999999991
0,9,Davis: 10,3.0,2.975,0.02499999999999991
0,9,Graaskamp: 0.05,2.825,3.1,-0.2749999999999999
0,9,Downing,3.02,2.92,0.10000000000000009
0,9,"Feld: 1.0, 0.5, 200",1.41,1.485,-0.07500000000000018
0,9,Joss: 0.9,1.065,1.09,-0.025000000000000133
0,9,Tullock,2.635,3.035,-0.40000000000000036
0,9,Anonymous,2.7,1.25,1.4500000000000002
0,9,Random: 0.5,2.89,0.765,2.125
0,10,Cu,3.02,2.97,0.04999999999999982
0,10,Du,0.995,1.02,-0.025000000000000022
0,10,Tit For Tat,3.0,2.975,0.02499999999999991
0,10,spiteful,3.0,2.975,0.02499999999999991
0,10,soft_majo,3.02,2.97,0.04999999999999982
0,10,hard_majo,1.03,1.03,0.0
0,10,per_cd,2.98,0.555,2.425
0,10,per_ccd,3.42,1.245,2.175
0,10,per_ddc,2.315,0.69,1.625
0,10,mistrust,1.03,1.03,0.0
0,10,WSLS,3.0,2.975,0.02499999999999991
0,10,TFTT,3.02,2.97,0.04999999999999982
0,10,hard_tft,3.0,2.975,0.02499999999999991
0,10,slow_tft,3.02,2.97,0.04999999999999982
0,10,GrdTFT,3.0,2.975,0.02499999999999991
0,10,prober,2.995,2.97,0.02499999999999991
0,10,mem2,3.0,2.975,0.02499999999999991
0,10,grok:grok-3-mini,3.0,2.975,0.02499999999999991
0,10,Tideman & Chieruzzi,2.98,2.98,0.0
0,10,Nydegger,3.02,2.97,0.04999999999999982
0,10,Grofman,3.0,2.975,0.02499999999999991
0,10,Shubik,3.0,2.975,0.02499999999999991
0,10,Stein & Rapoport: 0.05,2.98,2.98,0.0
0,10,GRIM,3.0,2.975,0.02499999999999991
0,10,Davis: 10,3.0,2.975,0.02499999999999991
0,10,Graaskamp: 0.05,2.81,3.11,-0.2999999999999998
0,10,Downing,3.02,2.92,0.10000000000000009
0,10,"Feld: 1.0, 0.5, 200",1.7,1.75,-0.050000000000000044
0,10,Joss: 0.9,1.755,2.105,-0.3500000000000001
0,10,Tullock,2.785,3.06,-0.2749999999999999
0,10,Anonymous,3.02,0.77,2.25
0,10,Random: 0.5,2.89,0.64,2.25
0,11,Cu,3.02,2.97,0.04999999999999982
0,11,Du,0.995,1.02,-0.025000000000000022
0,11,Tit For Tat,3.0,2.975,0.02499999999999991
0,11,spiteful,3.0,2.975,0.02499999999999991
0,11,soft_majo,3.02,2.97,0.04999999999999982
0,11,hard_majo,1.03,1.03,0.0
0,11,per_cd,2.98,0.555,2.425
0,11,per_ccd,3.42,1.245,2.175
0,11,per_ddc,2.315,0.69,1.625
0,11,mistrust,1.03,1.03,0.0
0,11,WSLS,3.0,2.975,0.02499999999999991
0,11,TFTT,3.02,2.97,0.04999999999999982
0,11,hard_tft,3.0,2.975,0.02499999999999991
0,11,slow_tft,3.02,2.97,0.04999999999999982
0,11,GrdTFT,3.0,2.975,0.02499999999999991
0,11,prober,2.995,2.97,0.02499999999999991
0,11,mem2,3.0,2.975,0.02499999999999991
0,11,grok:grok-3-mini,3.0,2.975,0.02499999999999991
0,11,Tideman & Chieruzzi,2.98,2.98,0.0
0,11,Nydegger,3.02,2.97,0.04999999999999982
0,11,Grofman,3.0,2.975,0.02499999999999991
0,11,Shubik,3.0,2.975,0.02499999999999991
0,11,Stein & Rapoport: 0.05,2.98,2.98,0.0
0,11,GRIM,3.0,2.975,0.02499999999999991
0,11,Davis: 10,3.0,2.975,0.02499999999999991
0,11,Graaskamp: 0.05,2.78,3.13,-0.3500000000000001
0,11,Downing,3.02,2.92,0.10000000000000009
0,11,"Feld: 1.0, 0.5, 200",1.735,2.035,-0.30000000000000004
0,11,Joss: 0.9,1.29,1.415,-0.125
0,11,Tullock,1.9,2.0,-0.10000000000000009
0,11,Anonymous,2.87,0.645,2.225
0,11,Random: 0.5,2.735,0.785,1.9499999999999997
0,12,Cu,3.02,2.97,0.04999999999999982
0,12,Du,0.995,1.02,-0.025000000000000022
0,12,Tit For Tat,3.0,2.975,0.02499999999999991
0,12,spiteful,3.0,2.975,0.02499999999999991
0,12,soft_majo,3.02,2.97,0.04999999999999982
0,12,hard_majo,1.03,1.03,0.0
0,12,per_cd,2.98,0.555,2.425
0,12,per_ccd,3.42,1.245,2.175
0,12,per_ddc,2.315,0.69,1.625
0,12,mistrust,1.03,1.03,0.0
0,12,WSLS,3.0,2.975,0.02499999999999991
0,12,TFTT,3.02,2.97,0.04999999999999982
0,12,hard_tft,3.0,2.975,0.02499999999999991
0,12,slow_tft,3.02,2.97,0.04999999999999982
0,12,GrdTFT,3.0,2.975,0.02499999999999991
0,12,prober,2.995,2.97,0.02499999999999991
0,12,mem2,3.0,2.975,0.02499999999999991
0,12,grok:grok-3-mini,3.0,2.975,0.02499999999999991
0,12,Tideman & Chieruzzi,2.98,2.98,0.0
0,12,Nydegger,3.02,2.97,0.04999999999999982
0,12,Grofman,3.0,2.975,0.02499999999999991
0,12,Shubik,3.0,2.975,0.02499999999999991
0,12,Stein & Rapoport: 0.05,2.98,2.98,0.0
0,12,GRIM,3.0,2.975,0.02499999999999991
0,12,Davis: 10,3.0,2.975,0.02499999999999991
0,12,Graaskamp: 0.05,2.78,3.13,-0.3500000000000001
0,12,Downing,3.02,2.92,0.10000000000000009
0,12,"Feld: 1.0, 0.5, 200",1.36,1.435,-0.07499999999999996
0,12,Joss: 0.9,2.195,2.77,-0.5750000000000002
0,12,Tullock,1.955,2.18,-0.2250000000000001
0,12,Anonymous,2.835,0.685,2.15
0,12,Random: 0.5,2.98,0.805,2.175
0,13,Cu,3.02,2.97,0.04999999999999982
0,13,Du,0.995,1.02,-0.025000000000000022
0,13,Tit For Tat,3.0,2.975,0.02499999999999991
0,13,spiteful,3.0,2.975,0.02499999999999991
0,13,soft_majo,3.02,2.97,0.04999999999999982
0,13,hard_majo,1.03,1.03,0.0
0,13,per_cd,2.98,0.555,2.425
0,13,per_ccd,3.42,1.245,2.175
0,13,per_ddc,2.315,0.69,1.625
0,13,mistrust,1.03,1.03,0.0
0,13,WSLS,3.0,2.975,0.02499999999999991
0,13,TFTT,3.02,2.97,0.04999999999999982
0,13,hard_tft,3.0,2.975,0.02499999999999991
0,13,slow_tft,3.02,2.97,0.04999999999999982
0,13,GrdTFT,3.0,2.975,0.02499999999999991
0,13,prober,2.995,2.97,0.02499999999999991
0,13,mem2,3.0,2.975,0.02499999999999991
0,13,grok:grok-3-mini,3.0,2.975,0.02499999999999991
0,13,Tideman & Chieruzzi,2.98,2.98,0.0
0,13,Nydegger,3.02,2.97,0.04999999999999982
0,13,Grofman,3.0,2.975,0.02499999999999991
0,13,Shubik,3.0,2.975,0.02499999999999991
0,13,Stein & Rapoport: 0.05,2.98,2.98,0.0
0,13,GRIM,3.0,2.975,0.02499999999999991
0,13,Davis: 10,3.0,2.975,0.02499999999999991
0,13,Graaskamp: 0.05,2.795,3.12,-0.3250000000000002
0,13,Downing,3.02,2.92,0.10000000000000009
0,13,"Feld: 1.0, 0.5, 200",1.6,1.75,-0.1499999999999999
0,13,Joss: 0.9,1.555,1.63,-0.07499999999999996
0,13,Tullock,2.025,2.225,-0.20000000000000018
0,13,Anonymous,2.67,0.695,1.975
0,13,Random: 0.5,2.92,0.595,2.325
0,14,Cu,3.02,2.97,0.04999999999999982
0,14,Du,0.995,1.02,-0.025000000000000022
0,14,Tit For Tat,3.0,2.975,0.02499999999999991
0,14,spiteful,3.0,2.975,0.02499999999999991
0,14,soft_majo,3.02,2.97,0.04999999999999982
0,14,hard_majo,1.03,1.03,0.0
0,14,per_cd,2.98,0.555,2.425
0,14,per_ccd,3.42,1.245,2.175
0,14,per_ddc,2.315,0.69,1.625
0,14,mistrust,1.03,1.03,0.0
0,14,WSLS,3.0,2.975,0.02499999999999991
0,14,TFTT,3.02,2.97,0.04999999999999982
0,14,hard_tft,3.0,2.975,0.02499999999999991
0,14,slow_tft,3.02,2.97,0.04999999999999982
0,14,GrdTFT,3.0,2.975,0.02499999999999991
0,14,prober,2.995,2.97,0.02499999999999991
0,14,mem2,3.0,2.975,0.02499999999999991
0,14,grok:grok-3-mini,3.0,2.975,0.02499999999999991
0,14,Tideman & Chieruzzi,2.98,2.98,0.0
0,14,Nydegger,3.02,2.97,0.04999999999999982
0,14,Grofman,3.0,2.975,0.02499999999999991
0,14,Shubik,3.0,2.975,0.02499999999999991
0,14,Stein & Rapoport: 0.05,2.98,2.98,0.0
0,14,GRIM,3.0,2.975,0.02499999999999991
0,14,Davis: 10,3.0,2.975,0.02499999999999991
0,14,Graaskamp: 0.05,2.795,3.12,-0.3250000000000002
0,14,Downing,3.02,2.92,0.10000000000000009
0,14,"Feld: 1.0, 0.5, 200",1.775,1.975,-0.20000000000000018
0,14,Joss: 0.9,2.445,2.795,-0.3500000000000001
0,14,Tullock,2.76,3.135,-0.375
0,14,Anonymous,2.965,0.99,1.9749999999999999
0,14,Random: 0.5,2.72,0.77,1.9500000000000002
0,15,Cu,3.02,2.97,0.04999999999999982
0,15,Du,0.995,1.02,-0.025000000000000022
0,15,Tit For Tat,3.0,2.975,0.02499999999999991
0,15,spiteful,3.0,2.975,0.02499999999999991
0,15,soft_majo,3.02,2.97,0.04999999999999982
0,15,hard_majo,1.03,1.03,0.0
0,15,per_cd,2.98,0.555,2.425
0,15,per_ccd,3.42,1.245,2.175
0,15,per_ddc,2.315,0.69,1.625
0,15,mistrust,1.03,1.03,0.0
0,15,WSLS,3.0,2.975,0.02499999999999991
0,15,TFTT,3.02,2.97,0.04999999999999982
0,15,hard_tft,3.0,2.975,0.02499999999999991
0,15,slow_tft,3.02,2.97,0.04999999999999982
0,15,GrdTFT,3.0,2.975,0.02499999999999991
0,15,prober,2.995,2.97,0.02499999999999991
0,15,mem2,3.0,2.975,0.02499999999999991
0,15,grok:grok-3-mini,3.0,2.975,0.02499999999999991
0,15,Tideman & Chieruzzi,2.98,2.98,0.0
0,15,Nydegger,3.02,2.97,0.04999999999999982
0,15,Grofman,3.02,2.97,0.04999999999999982
0,15,Shubik,3.0,2.975,0.02499999999999991
0,15,Stein & Rapoport: 0.05,2.98,2.98,0.0
0,15,GRIM,3.0,2.975,0.02499999999999991
0,15,Davis: 10,3.0,2.975,0.02499999999999991
0,15,Graaskamp: 0.05,2.81,3.11,-0.2999999999999998
0,15,Downing,3.02,2.92,0.10000000000000009
0,15,"Feld: 1.0, 0.5, 200",1.805,2.03,-0.22499999999999987
0,15,Joss: 0.9,1.835,2.035,-0.20000000000000018
0,15,Tullock,2.09,2.39,-0.30000000000000027
0,15,Anonymous,2.87,0.645,2.225
0,15,Random: 0.5,2.935,0.685,2.25
0,16,Cu,3.02,2.97,0.04999999999999982
0,16,Du,0.995,1.02,-0.025000000000000022
0,16,Tit For Tat,3.0,2.975,0.02499999999999991
0,16,spiteful,3.0,2.975,0.02499999999999991
0,16,soft_majo,3.02,2.97,0.04999999999999982
0,16,hard_majo,1.03,1.03,0.0
0,16,per_cd,2.98,0.555,2.425
0,16,per_ccd,3.42,1.245,2.175
0,16,per_ddc,2.315,0.69,1.625
0,16,mistrust,1.03,1.03,0.0
0,16,WSLS,3.0,2.975,0.02499999999999991
0,16,TFTT,3.02,2.97,0.04999999999999982
0,16,hard_tft,3.0,2.975,0.02499999999999991
0,16,slow_tft,3.02,2.97,0.04999999999999982
0,16,GrdTFT,3.0,2.975,0.02499999999999991
0,16,prober,2.995,2.97,0.02499999999999991
0,16,mem2,3.0,2.975,0.02499999999999991
0,16,grok:grok-3-mini,3.0,2.975,0.02499999999999991
0,16,Tideman & Chieruzzi,2.98,2.98,0.0
0,16,Nydegger,3.02,2.97,0.04999999999999982
0,16,Grofman,3.02,2.97,0.04999999999999982
0,16,Shubik,3.0,2.975,0.02499999999999991
0,16,Stein & Rapoport: 0.05,2.98,2.98,0.0
0,16,GRIM,3.0,2.975,0.02499999999999991
0,16,Davis: 10,3.0,2.975,0.02499999999999991
0,16,Graaskamp: 0.05,2.79,3.115,-0.3250000000000002
0,16,Downing,3.02,2.92,0.10000000000000009
0,16,"Feld: 1.0, 0.5, 200",1.585,1.66,-0.07499999999999996
0,16,Joss: 0.9,1.145,1.17,-0.02499999999999991
0,16,Tullock,1.45,1.5,-0.050000000000000044
0,16,Anonymous,2.975,0.85,2.125
0,16,Random: 0.5,2.925,0.9,2.025
0,17,Cu,3.02,2.97,0.04999999999999982
0,17,Du,0.995,1.02,-0.025000000000000022
0,17,Tit For Tat,3.0,2.975,0.02499999999999991
0,17,spiteful,3.0,2.975,0.02499999999999991
0,17,soft_majo,3.02,2.97,0.04999999999999982
0,17,hard_majo,1.03,1.03,0.0
0,17,per_cd,2.98,0.555,2.425
0,17,per_ccd,3.42,1.245,2.175
0,17,per_ddc,2.315,0.69,1.625
0,17,mistrust,1.03,1.03,0.0
0,17,WSLS,3.0,2.975,0.02499999999999991
0,17,TFTT,3.02,2.97,0.04999999999999982
0,17,hard_tft,3.0,2.975,0.02499999999999991
0,17,slow_tft,3.02,2.97,0.04999999999999982
0,17,GrdTFT,3.0,2.975,0.02499999999999991
0,17,prober,2.995,2.97,0.02499999999999991
0,17,mem2,3.0,2.975,0.02499999999999991
0,17,grok:grok-3-mini,3.0,2.975,0.02499999999999991
0,17,Tideman & Chieruzzi,2.98,2.98,0.0
0,17,Nydegger,3.02,2.97,0.04999999999999982
0,17,Grofman,3.0,2.975,0.02499999999999991
0,17,Shubik,3.0,2.975,0.02499999999999991
0,17,Stein & Rapoport: 0.05,2.98,2.98,0.0
0,17,GRIM,3.0,2.975,0.02499999999999991
0,17,Davis: 10,3.0,2.975,0.02499999999999991
0,17,Graaskamp: 0.05,2.765,3.14,-0.375
0,17,Downing,3.02,2.92,0.10000000000000009
0,17,"Feld: 1.0, 0.5, 200",1.955,2.155,-0.19999999999999973
0,17,Joss: 0.9,1.88,2.18,-0.30000000000000027
0,17,Tullock,2.2,2.425,-0.22499999999999964
0,17,Anonymous,2.835,0.61,2.225
0,17,Random: 0.5,3.04,0.69,2.35
0,18,Cu,3.02,2.97,0.04999999999999982
0,18,Du,0.995,1.02,-0.025000000000000022
0,18,Tit For Tat,3.0,2.975,0.02499999999999991
0,18,spiteful,3.0,2.975,0.02499999999999991
0,18,soft_majo,3.02,2.97,0.04999999999999982
0,18,hard_majo,1.03,1.03,0.0
0,18,per_cd,2.98,0.555,2.425
0,18,per_ccd,3.42,1.245,2.175
0,18,per_ddc,2.315,0.69,1.625
0,18,mistrust,1.03,1.03,0.0
0,18,WSLS,3.0,2.975,0.02499999999999991
0,18,TFTT,3.02,2.97,0.04999999999999982
0,18,hard_tft,3.0,2.975,0.02499999999999991
0,18,slow_tft,3.02,2.97,0.04999999999999982
0,18,GrdTFT,3.0,2.975,0.02499999999999991
0,18,prober,2.995,2.97,0.02499999999999991
0,18,mem2,3.0,2.975,0.02499999999999991
0,18,grok:grok-3-mini,3.0,2.975,0.02499999999999991
0,18,Tideman & Chieruzzi,2.98,2.98,0.0
0,18,Nydegger,3.02,2.97,0.04999999999999982
0,18,Grofman,3.0,2.975,0.02499999999999991
0,18,Shubik,3.0,2.975,0.02499999999999991
0,18,Stein & Rapoport: 0.05,2.98,2.98,0.0
0,18,GRIM,3.0,2.975,0.02499999999999991
0,18,Davis: 10,3.0,2.975,0.02499999999999991
0,18,Graaskamp: 0.05,2.81,3.11,-0.2999999999999998
0,18,Downing,3.02,2.92,0.10000000000000009
0,18,"Feld: 1.0, 0.5, 200",1.53,1.68,-0.1499999999999999
0,18,Joss: 0.9,2.775,3.125,-0.3500000000000001
0,18,Tullock,2.525,2.825,-0.30000000000000027
0,18,Anonymous,2.965,0.89,2.0749999999999997
0,18,Random: 0.5,2.87,0.62,2.25
0,19,Cu,3.02,2.97,0.04999999999999982
0,19,Du,0.995,1.02,-0.025000000000000022
0,19,Tit For Tat,3.0,2.975,0.02499999999999991
0,19,spiteful,3.0,2.975,0.02499999999999991
0,19,soft_majo,3.02,2.97,0.04999999999999982
0,19,hard_majo,1.03,1.03,0.0
0,19,per_cd,2.98,0.555,2.425
0,19,per_ccd,3.42,1.245,2.175
0,19,per_ddc,2.315,0.69,1.625
0,19,mistrust,1.03,1.03,0.0
0,19,WSLS,3.0,2.975,0.02499999999999991
0,19,TFTT,3.02,2.97,0.04999999999999982
0,19,hard_tft,3.0,2.975,0.02499999999999991
0,19,slow_tft,3.02,2.97,0.04999999999999982
0,19,GrdTFT,3.0,2.975,0.02499999999999991
0,19,prober,2.995,2.97,0.02499999999999991
0,19,mem2,3.0,2.975,0.02499999999999991
0,19,grok:grok-3-mini,3.0,2.975,0.02499999999999991
0,19,Tideman & Chieruzzi,2.98,2.98,0.0
0,19,Nydegger,3.02,2.97,0.04999999999999982
0,19,Grofman,3.0,2.975,0.02499999999999991
0,19,Shubik,3.0,2.975,0.02499999999999991
0,19,Stein & Rapoport: 0.05,2.98,2.98,0.0
0,19,GRIM,3.0,2.975,0.02499999999999991
0,19,Davis: 10,3.0,2.975,0.02499999999999991
0,19,Graaskamp: 0.05,2.795,3.12,-0.3250000000000002
0,19,Downing,3.02,2.92,0.10000000000000009
0,19,"Feld: 1.0, 0.5, 200",1.685,1.81,-0.125
0,19,Joss: 0.9,1.05,1.05,0.0
0,19,Tullock,1.585,1.81,-0.2250000000000001
0,19,Anonymous,2.895,1.02,1.875
0,19,Random: 0.5,2.83,0.755,2.075
1,0,Cu,3.02,2.97,0.04999999999999982
1,0,Du,0.995,1.02,-0.025000000000000022
1,0,Tit For Tat,3.0,2.975,0.02499999999999991
1,0,spiteful,3.0,2.975,0.02499999999999991
1,0,soft_majo,3.02,2.97,0.04999999999999982
1,0,hard_majo,1.03,1.03,0.0
1,0,per_cd,2.98,0.555,2.425
1,0,per_ccd,3.42,1.245,2.175
1,0,per_ddc,2.315,0.69,1.625
1,0,mistrust,1.03,1.03,0.0
1,0,WSLS,3.0,2.975,0.02499999999999991
1,0,TFTT,3.02,2.97,0.04999999999999982
1,0,hard_tft,3.0,2.975,0.02499999999999991
1,0,slow_tft,3.02,2.97,0.04999999999999982
1,0,GrdTFT,3.0,2.975,0.02499999999999991
1,0,prober,2.995,2.97,0.02499999999999991
1,0,mem2,3.0,2.975,0.02499999999999991
1,0,grok:grok-3-mini,3.0,2.975,0.02499999999999991
1,0,Tideman & Chieruzzi,2.98,2.98,0.0
1,0,Nydegger,3.02,2.97,0.04999999999999982
1,0,Grofman,3.0,2.975,0.02499999999999991
1,0,Shubik,3.0,2.975,0.02499999999999991
1,0,Stein & Rapoport: 0.05,2.98,2.98,0.0
1,0,GRIM,3.0,2.975,0.02499999999999991
1,0,Davis: 10,3.0,2.975,0.02499999999999991
1,0,Graaskamp: 0.05,2.78,3.13,-0.3500000000000001
1,0,Downing,3.02,2.92,0.10000000000000009
1,0,"Feld: 1.0, 0.5, 200",1.47,1.545,-0.07499999999999996
1,0,Joss: 0.9,1.32,1.47,-0.1499999999999999
1,0,Tullock,2.785,3.085,-0.2999999999999998
1,0,Anonymous,2.985,0.685,2.3
1,0,Random: 0.5,2.86,0.635,2.2249999999999996
1,1,Cu,3.02,2.97,0.04999999999999982
1,1,Du,0.995,1.02,-0.025000000000000022
1,1,Tit For Tat,3.0,2.975,0.02499999999999991
1,1,spiteful,3.0,2.975,0.02499999999999991
1,1,soft_majo,3.02,2.97,0.04999999999999982
1,1,hard_majo,1.03,1.03,0.0
1,1,per_cd,2.98,0.555,2.425
1,1,per_ccd,3.42,1.245,2.175
1,1,per_ddc,2.315,0.69,1.625
1,1,mistrust,1.03,1.03,0.0
1,1,WSLS,3.0,2.975,0.02499999999999991
1,1,TFTT,3.02,2.97,0.04999999999999982
1,1,hard_tft,3.0,2.975,0.02499999999999991
1,1,slow_tft,3.02,2.97,0.04999999999999982
1,1,GrdTFT,3.0,2.975,0.02499999999999991
1,1,prober,2.995,2.97,0.02499999999999991
1,1,mem2,3.0,2.975,0.02499999999999991
1,1,grok:grok-3-mini,3.0,2.975,0.02499999999999991
1,1,Tideman & Chieruzzi,2.98,2.98,0.0
1,1,Nydegger,3.02,2.97,0.04999999999999982
1,1,Grofman,3.0,2.975,0.02499999999999991
1,1,Shubik,3.0,2.975,0.02499999999999991
1,1,Stein & Rapoport: 0.05,2.98,2.98,0.0
1,1,GRIM,3.0,2.975,0.02499999999999991
1,1,Davis: 10,3.0,2.975,0.02499999999999991
1,1,Graaskamp: 0.05,2.81,3.11,-0.2999999999999998
1,1,Downing,3.02,2.92,0.10000000000000009
1,1,"Feld: 1.0, 0.5, 200",1.67,1.795,-0.125
1,1,Joss: 0.9,1.03,1.055,-0.02499999999999991
1,1,Tullock,2.33,2.555,-0.2250000000000001
1,1,Anonymous,2.94,0.915,2.025
1,1,Random: 0.5,3.05,0.625,2.425
1,2,Cu,3.02,2.97,0.04999999999999982
1,2,Du,0.995,1.02,-0.025000000000000022
1,2,Tit For Tat,3.0,2.975,0.02499999999999991
1,2,spiteful,3.0,2.975,0.02499999999999991
1,2,soft_majo,3.02,2.97,0.04999999999999982
1,2,hard_majo,1.03,1.03,0.0
1,2,per_cd,2.98,0.555,2.425
1,2,per_ccd,3.42,1.245,2.175
1,2,per_ddc,2.315,0.69,1.625
1,2,mistrust,1.03,1.03,0.0
1,2,WSLS,3.0,2.975,0.02499999999999991
1,2,TFTT,3.02,2.97,0.04999999999999982
1,2,hard_tft,3.0,2.975,0.02499999999999991
1,2,slow_tft,3.02,2.97,0.04999999999999982
1,2,GrdTFT,3.0,2.975,0.02499999999999991
1,2,prober,2.995,2.97,0.02499999999999991
1,2,mem2,3.0,2.975,0.02499999999999991
1,2,grok:grok-3-mini,3.0,2.975,0.02499999999999991
1,2,Tideman & Chieruzzi,2.98,2.98,0.0
1,2,Nydegger,3.02,2.97,0.04999999999999982
1,2,Grofman,3.02,2.97,0.04999999999999982
1,2,Shubik,3.0,2.975,0.02499999999999991
1,2,Stein & Rapoport: 0.05,2.98,2.98,0.0
1,2,GRIM,3.0,2.975,0.02499999999999991
1,2,Davis: 10,3.0,2.975,0.02499999999999991
1,2,Graaskamp: 0.05,2.795,3.12,-0.3250000000000002
1,2,Downing,3.02,2.92,0.10000000000000009
1,2,"Feld: 1.0, 0.5, 200",1.73,1.905,-0.17500000000000004
1,2,Joss: 0.9,2.79,3.115,-0.3250000000000002
1,2,Tullock,2.795,3.12,-0.3250000000000002
1,2,Anonymous,2.985,0.71,2.275
1,2,Random: 0.5,2.99,1.04,1.9500000000000002
1,3,Cu,3.02,2.97,0.04999999999999982
1,3,Du,0.995,1.02,-0.025000000000000022
1,3,Tit For Tat,3.0,2.975,0.02499999999999991
1,3,spiteful,3.0,2.975,0.02499999999999991
1,3,soft_majo,3.02,2.97,0.04999999999999982
1,3,hard_majo,1.03,1.03,0.0
1,3,per_cd,2.98,0.555,2.425
1,3,per_ccd,3.42,1.245,2.175
1,3,per_ddc,2.315,0.69,1.625
1,3,mistrust,1.03,1.03,0.0
1,3,WSLS,3.0,2.975,0.02499999999999991
1,3,TFTT,3.02,2.97,0.04999999999999982
1,3,hard_tft,3.0,2.975,0.02499999999999991
1,3,slow_tft,3.02,2.97,0.04999999999999982
1,3,GrdTFT,3.0,2.975,0.02499999999999991
1,3,prober,2.995,2.97,0.02499999999999991
1,3,mem2,3.0,2.975,0.02499999999999991
1,3,grok:grok-3-mini,3.0,2.975,0.02499999999999991
1,3,Tideman & Chieruzzi,2.98,2.98,0.0
1,3,Nydegger,3.02,2.97,0.04999999999999982
1,3,Grofman,3.02,2.97,0.04999999999999982
1,3,Shubik,3.0,2.975,0.02499999999999991
1,3,Stein & Rapoport: 0.05,2.98,2.98,0.0
1,3,GRIM,3.0,2.975,0.02499999999999991
1,3,Davis: 10,3.0,2.975,0.02499999999999991
1,3,Graaskamp: 0.05,2.81,3.11,-0.2999999999999998
1,3,Downing,3.02,2.92,0.10000000000000009
1,3,"Feld: 1.0, 0.5, 200",1.425,1.5,-0.07499999999999996
1,3,Joss: 0.9,1.04,1.04,0.0
1,3,Tullock,2.15,2.4,-0.25
1,3,Anonymous,3.02,0.92,2.1
1,3,Random: 0.5,2.805,0.755,2.0500000000000003
1,4,Cu,3.02,2.97,0.04999999999999982
1,4,Du,0.995,1.02,-0.025000000000000022
1,4,Tit For Tat,3.0,2.975,0.02499999999999991
1,4,spiteful,3.0,2.975,0.02499999999999991
1,4,soft_majo,3.02,2.97,0.04999999999999982
1,4,hard_majo,1.03,1.03,0.0
1,4,per_cd,2.98,0.555,2.425
1,4,per_ccd,3.42,1.245,2.175
1,4,per_ddc,2.315,0.69,1.625
1,4,mistrust,1.03,1.03,0.0
1,4,WSLS,3.0,2.975,0.02499999999999991
1,4,TFTT,3.02,2.97,0.04999999999999982
1,4,hard_tft,3.0,2.975,0.02499999999999991
1,4,slow_tft,3.02,2.97,0.04999999999999982
1,4,GrdTFT,3.0,2.975,0.02499999999999991
1,4,prober,2.995,2.97,0.02499999999999991
1,4,mem2,3.0,2.975,0.02499999999999991
1,4,grok:grok-3-mini,3.0,2.975,0.02499999999999991
1,4,Tideman & Chieruzzi,2.98,2.98,0.0
1,4,Nydegger,3.02,2.97,0.04999999999999982
1,4,Grofman,3.0,2.975,0.02499999999999991
1,4,Shubik,3.0,2.975,0.02499999999999991
1,4,Stein & Rapoport: 0.05,2.98,2.98,0.0
1,4,GRIM,3.0,2.975,0.02499999999999991
1,4,Davis: 10,3.0,2.975,0.02499999999999991
1,4,Graaskamp: 0.05,2.795,3.12,-0.3250000000000002
1,4,Downing,3.02,2.92,0.10000000000000009
1,4,"Feld: 1.0, 0.5, 200",1.19,1.24,-0.050000000000000044
1,4,Joss: 0.9,1.485,1.56,-0.07499999999999996
1,4,Tullock,2.85,3.075,-0.2250000000000001
1,4,Anonymous,2.975,0.725,2.25
1,4,Random: 0.5,2.79,0.64,2.15
1,5,Cu,3.02,2.97,0.04999999999999982
1,5,Du,0.995,1.02,-0.025000000000000022
1,5,Tit For Tat,3.0,2.975,0.02499999999999991
1,5,spiteful,3.0,2.975,0.02499999999999991
1,5,soft_majo,3.02,2.97,0.04999999999999982
1,5,hard_majo,1.03,1.03,0.0
1,5,per_cd,2.98,0.555,2.425
1,5,per_ccd,3.42,1.245,2.175
1,5,per_ddc,2.315,0.69,1.625
1,5,mistrust,1.03,1.03,0.0
1,5,WSLS,3.0,2.975,0.02499999999999991
1,5,TFTT,3.02,2.97,0.04999999999999982
1,5,hard_tft,3.0,2.975,0.02499999999999991
1,5,slow_tft,3.02,2.97,0.04999999999999982
1,5,GrdTFT,3.0,2.975,0.02499999999999991
1,5,prober,2.995,2.97,0.02499999999999991
1,5,mem2,3.0,2.975,0.02499999999999991
1,5,grok:grok-3-mini,3.0,2.975,0.02499999999999991
1,5,Tideman & Chieruzzi,2.98,2.98,0.0
1,5,Nydegger,3.02,2.97,0.04999999999999982
1,5,Grofman,3.0,2.975,0.02499999999999991
1,5,Shubik,3.0,2.975,0.02499999999999991
1,5,Stein & Rapoport: 0.05,2.98,2.98,0.0
1,5,GRIM,3.0,2.975,0.02499999999999991
1,5,Davis: 10,3.0,2.975,0.02499999999999991
1,5,Graaskamp: 0.05,2.805,3.105,-0.2999999999999998
1,5,Downing,3.02,2.92,0.10000000000000009
1,5,"Feld: 1.0, 0.5, 200",1.295,1.345,-0.050000000000000044
1,5,Joss: 0.9,1.2,1.3,-0.10000000000000009
1,5,Tullock,1.43,1.53,-0.10000000000000009
1,5,Anonymous,2.765,0.89,1.875
1,5,Random: 0.5,2.955,0.98,1.975
1,6,Cu,3.02,2.97,0.04999999999999982
1,6,Du,0.995,1.02,-0.025000000000000022
1,6,Tit For Tat,3.0,2.975,0.02499999999999991
1,6,spiteful,3.0,2.975,0.02499999999999991
1,6,soft_majo,3.02,2.97,0.04999999999999982
1,6,hard_majo,1.03,1.03,0.0
1,6,per_cd,2.98,0.555,2.425
1,6,per_ccd,3.42,1.245,2.175
1,6,per_ddc,2.315,0.69,1.625
1,6,mistrust,1.03,1.03,0.0
1,6,WSLS,3.0,2.975,0.02499999999999991
1,6,TFTT,3.02,2.97,0.04999999999999982
1,6,hard_tft,3.0,2.975,0.02499999999999991
1,6,slow_tft,3.02,2.97,0.04999999999999982
1,6,GrdTFT,3.0,2.975,0.02499999999999991
1,6,prober,2.995,2.97,0.02499999999999991
1,6,mem2,3.0,2.975,0.02499999999999991
1,6,grok:grok-3-mini,3.0,2.975,0.02499999999999991
1,6,Tideman & Chieruzzi,2.98,2.98,0.0
1,6,Nydegger,3.02,2.97,0.04999999999999982
1,6,Grofman,3.0,2.975,0.02499999999999991
1,6,Shubik,3.0,2.975,0.02499999999999991
1,6,Stein & Rapoport: 0.05,2.98,2.98,0.0
1,6,GRIM,3.0,2.975,0.02499999999999991
1,6,Davis: 10,3.0,2.975,0.02499999999999991
1,6,Graaskamp: 0.05,2.79,3.115,-0.3250000000000002
1,6,Downing,3.02,2.92,0.10000000000000009
1,6,"Feld: 1.0, 0.5, 200",1.715,1.815,-0.09999999999999987
1,6,Joss: 0.9,2.085,2.31,-0.2250000000000001
1,6,Tullock,2.805,3.105,-0.2999999999999998
1,6,Anonymous,3.145,0.62,2.525
1,6,Random: 0.5,3.045,0.695,2.35
1,7,Cu,3.02,2.97,0.04999999999999982
1,7,Du,0.995,1.02,-0.025000000000000022
1,7,Tit For Tat,3.0,2.975,0.02499999999999991
1,7,spiteful,3.0,2.975,0.02499999999999991
1,7,soft_majo,3.02,2.97,0.04999999999999982
1,7,hard_majo,1.03,1.03,0.0
1,7,per_cd,2.98,0.555,2.425
1,7,per_ccd,3.42,1.245,2.175
1,7,per_ddc,2.315,0.69,1.625
1,7,mistrust,1.03,1.03,0.0
1,7,WSLS,3.0,2.975,0.02499999999999991
1,7,TFTT,3.02,2.97,0.04999999999999982
1,7,hard_tft,3.0,2.975,0.02499999999999991
1,7,slow_tft,3.02,2.97,0.04999999999999982
1,7,GrdTFT,3.0,2.975,0.02499999999999991
1,7,prober,2.995,2.97,0.02499999999999991
1,7,mem2,3.0,2.975,0.02499999999999991
1,7,grok:grok-3-mini,3.0,2.975,0.02499999999999991
1,7,Tideman & Chieruzzi,2.98,2.98,0.0
1,7,Nydegger,3.02,2.97,0.04999999999999982
1,7,Grofman,3.0,2.975,0.02499999999999991
1,7,Shubik,3.0,2.975,0.02499999999999991
1,7,Stein & Rapoport: 0.05,2.98,2.98,0.0
1,7,GRIM,3.0,2.975,0.02499999999999991
1,7,Davis: 10,3.0,2.975,0.02499999999999991
1,7,Graaskamp: 0.05,2.795,3.12,-0.3250000000000002
1,7,Downing,3.02,2.92,0.10000000000000009
1,7,"Feld: 1.0, 0.5, 200",1.67,1.895,-0.2250000000000001
1,7,Joss: 0.9,1.17,1.22,-0.050000000000000044
1,7,Tullock,2.615,3.015,-0.3999999999999999
1,7,Anonymous,2.74,0.69,2.0500000000000003
1,7,Random: 0.5,2.7,0.95,1.7500000000000002
1,8,Cu,3.02,2.97,0.04999999999999982
1,8,Du,0.995,1.02,-0.025000000000000022
1,8,Tit For Tat,3.0,2.975,0.02499999999999991
1,8,spiteful,3.0,2.975,0.02499999999999991
1,8,soft_majo,3.02,2.97,0.04999999999999982
1,8,hard_majo,1.03,1.03,0.0
1,8,per_cd,2.98,0.555,2.425
1,8,per_ccd,3.42,1.245,2.175
1,8,per_ddc,2.315,0.69,1.625
1,8,mistrust,1.03,1.03,0.0
1,8,WSLS,3.0,2.975,0.02499999999999991
1,8,TFTT,3.02,2.97,0.04999999999999982
1,8,hard_tft,3.0,2.975,0.02499999999999991
1,8,slow_tft,3.02,2.97,0.04999999999999982
1,8,GrdTFT,3.0,2.975,0.02499999999999991
1,8,prober,2.995,2.97,0.02499999999999991
1,8,mem2,3.0,2.975,0.02499999999999991
1,8,grok:grok-3-mini,3.0,2.975,0.02499999999999991
1,8,Tideman & Chieruzzi,2.98,2.98,0.0
1,8,Nydegger,3.02,2.97,0.04999999999999982
1,8,Grofman,3.0,2.975,0.02499999999999991
1,8,Shubik,3.0,2.975,0.02499999999999991
1,8,Stein & Rapoport: 0.05,2.98,2.98,0.0
1,8,GRIM,3.0,2.975,0.02499999999999991
1,8,Davis: 10,3.0,2.975,0.02499999999999991
1,8,Graaskamp: 0.05,2.765,3.14,-0.375
1,8,Downing,3.02,2.92,0.10000000000000009
1,8,"Feld: 1.0, 0.5, 200",1.255,1.28,-0.025000000000000133
1,8,Joss: 0.9,1.05,1.05,0.0
1,8,Tullock,1.605,1.73,-0.125
1,8,Anonymous,2.915,0.69,2.225
1,8,Random: 0.5,2.83,0.805,2.025
1,9,Cu,3.02,2.97,0.04999999999999982
1,9,Du,0.995,1.02,-0.025000000000000022
1,9,Tit For Tat,3.0,2.975,0.02499999999999991
1,9,spiteful,3.0,2.975,0.02499999999999991
1,9,soft_majo,3.02,2.97,0.04999999999999982
1,9,hard_majo,1.03,1.03,0.0
1,9,per_cd,2.98,0.555,2.425
1,9,per_ccd,3.42,1.245,2.175
1,9,per_ddc,2.315,0.69,1.625
1,9,mistrust,1.03,1.03,0.0
1,9,WSLS,3.0,2.975,0.02499999999999991
1,9,TFTT,3.02,2.97,0.04999999999999982
1,9,hard_tft,3.0,2.975,0.02499999999999991
1,9,slow_tft,3.02,2.97,0.04999999999999982
1,9,GrdTFT,3.0,2.975,0.02499999999999991
1,9,prober,2.995,2.97,0.02499999999999991
1,9,mem2,3.0,2.975,0.02499999999999991
1,9,grok:grok-3-mini,3.0,2.975,0.02499999999999991
1,9,Tideman & Chieruzzi,2.98,2.98,0.0
1,9,Nydegger,3.02,2.97,0.04999999999999982
1,9,Grofman,3.0,2.975,0.02499999999999991
1,9,Shubik,3.0,2.975,0.02499999999999991
1,9,Stein & Rapoport: 0.05,2.98,2.98,0.0
1,9,GRIM,3.0,2.975,0.02499999999999991
1,9,Davis: 10,3.0,2.975,0.02499999999999991
1,9,Graaskamp: 0.05,2.825,3.1,-0.2749999999999999
1,9,Downing,3.02,2.92,0.10000000000000009
1,9,"Feld: 1.0, 0.5, 200",1.35,1.4,-0.04999999999999982
1,9,Joss: 0.9,1.14,1.19,-0.050000000000000044
1,9,Tullock,2.72,3.17,-0.44999999999999973
1,9,Anonymous,2.62,0.695,1.9250000000000003
1,9,Random: 0.5,2.905,0.83,2.0749999999999997
1,10,Cu,3.02,2.97,0.04999999999999982
1,10,Du,0.995,1.02,-0.025000000000000022
1,10,Tit For Tat,3.0,2.975,0.02499999999999991
1,10,spiteful,3.0,2.975,0.02499999999999991
1,10,soft_majo,3.02,2.97,0.04999999999999982
1,10,hard_majo,1.03,1.03,0.0
1,10,per_cd,2.98,0.555,2.425
1,10,per_ccd,3.42,1.245,2.175
1,10,per_ddc,2.315,0.69,1.625
1,10,mistrust,1.03,1.03,0.0
1,10,WSLS,3.0,2.975,0.02499999999999991
1,10,TFTT,3.02,2.97,0.04999999999999982
1,10,hard_tft,3.0,2.975,0.02499999999999991
1,10,slow_tft,3.02,2.97,0.04999999999999982
1,10,GrdTFT,3.0,2.975,0.02499999999999991
1,10,prober,2.995,2.97,0.02499999999999991
1,10,mem2,3.0,2.975,0.02499999999999991
1,10,grok:grok-3-mini,3.0,2.975,0.02499999999999991
1,10,Tideman & Chieruzzi,2.98,2.98,0.0
1,10,Nydegger,3.02,2.97,0.04999999999999982
1,10,Grofman,3.0,2.975,0.02499999999999991
1,10,Shubik,3.0,2.975,0.02499999999999991
1,10,Stein & Rapoport: 0.05,2.98,2.98,0.0
1,10,GRIM,3.0,2.975,0.02499999999999991
1,10,Davis: 10,3.0,2.975,0.02499999999999991
1,10,Graaskamp: 0.05,2.795,3.12,-0.3250000000000002
1,10,Downing,3.02,2.92,0.10000000000000009
1,10,"Feld: 1.0, 0.5, 200",1.61,1.685,-0.07499999999999996
1,10,Joss: 0.9,1.05,1.05,0.0
1,10,Tullock,2.81,3.11,-0.2999999999999998
1,10,Anonymous,2.76,0.86,1.9
1,10,Random: 0.5,2.865,0.665,2.2
1,11,Cu,3.02,2.97,0.04999999999999982
1,11,Du,0.995,1.02,-0.025000000000000022
1,11,Tit For Tat,3.0,2.975,0.02499999999999991
1,11,spiteful,3.0,2.975,0.02499999999999991
1,11,soft_majo,3.02,2.97,0.04999999999999982
1,11,hard_majo,1.03,1.03,0.0
1,11,per_cd,2.98,0.555,2.425
1,11,per_ccd,3.42,1.245,2.175
1,11,per_ddc,2.315,0.69,1.625
1,11,mistrust,1.03,1.03,0.0
1,11,WSLS,3.0,2.975,0.02499999999999991
1,11,TFTT,3.02,2.97,0.04999999999999982
1,11,hard_tft,3.0,2.975,0.02499999999999991
1,11,slow_tft,3.02,2.97,0.04999999999999982
1,11,GrdTFT,3.0,2.975,0.02499999999999991
1,11,prober,2.995,2.97,0.02499999999999991
1,11,mem2,3.0,2.975,0.02499999999999991
1,11,grok:grok-3-mini,3.0,2.975,0.02499999999999991
1,11,Tideman & Chieruzzi,2.98,2.98,0.0
1,11,Nydegger,3.02,2.97,0.04999999999999982
1,11,Grofman,3.02,2.97,0.04999999999999982
1,11,Shubik,3.0,2.975,0.02499999999999991
1,11,Stein & Rapoport: 0.05,2.98,2.98,0.0
1,11,GRIM,3.0,2.975,0.02499999999999991
1,11,Davis: 10,3.0,2.975,0.02499999999999991
1,11,Graaskamp: 0.05,2.765,3.14,-0.375
1,11,Downing,3.02,2.92,0.10000000000000009
1,11,"Feld: 1.0, 0.5, 200",1.89,2.09,-0.19999999999999996
1,11,Joss: 0.9,1.04,1.04,0.0
1,11,Tullock,2.545,2.77,-0.2250000000000001
1,11,Anonymous,3.055,0.68,2.375
1,11,Random: 0.5,2.71,0.61,2.1
1,12,Cu,3.02,2.97,0.04999999999999982
1,12,Du,0.995,1.02,-0.025000000000000022
1,12,Tit For Tat,3.0,2.975,0.02499999999999991
1,12,spiteful,3.0,2.975,0.02499999999999991
1,12,soft_majo,3.02,2.97,0.04999999999999982
1,12,hard_majo,1.03,1.03,0.0
1,12,per_cd,2.98,0.555,2.425
1,12,per_ccd,3.42,1.245,2.175
1,12,per_ddc,2.315,0.69,1.625
1,12,mistrust,1.03,1.03,0.0
1,12,WSLS,3.0,2.975,0.02499999999999991
1,12,TFTT,3.02,2.97,0.04999999999999982
1,12,hard_tft,3.0,2.975,0.02499999999999991
1,12,slow_tft,3.02,2.97,0.04999999999999982
1,12,GrdTFT,3.0,2.975,0.02499999999999991
1,12,prober,2.995,2.97,0.02499999999999991
1,12,mem2,3.0,2.975,0.02499999999999991
1,12,grok:grok-3-mini,3.0,2.975,0.02499999999999991
1,12,Tideman & Chieruzzi,2.98,2.98,0.0
1,12,Nydegger,3.02,2.97,0.04999999999999982
1,12,Grofman,3.0,2.975,0.02499999999999991
1,12,Shubik,3.0,2.975,0.02499999999999991
1,12,Stein & Rapoport: 0.05,2.98,2.98,0.0
1,12,GRIM,3.0,2.975,0.02499999999999991
1,12,Davis: 10,3.0,2.975,0.02499999999999991
1,12,Graaskamp: 0.05,2.765,3.14,-0.375
1,12,Downing,3.02,2.92,0.10000000000000009
1,12,"Feld: 1.0, 0.5, 200",1.37,1.42,-0.04999999999999982
1,12,Joss: 0.9,1.605,1.68,-0.07499999999999996
1,12,Tullock,1.915,1.99,-0.07499999999999996
1,12,Anonymous,3.0,0.8,2.2
1,12,Random: 0.5,3.105,0.83,2.275
1,13,Cu,3.02,2.97,0.04999999999999982
1,13,Du,0.995,1.02,-0.025000000000000022
1,13,Tit For Tat,3.0,2.975,0.02499999999999991
1,13,spiteful,3.0,2.975,0.02499999999999991
1,13,soft_majo,3.02,2.97,0.04999999999999982
1,13,hard_majo,1.03,1.03,0.0
1,13,per_cd,2.98,0.555,2.425
1,13,per_ccd,3.42,1.245,2.175
1,13,per_ddc,2.315,0.69,1.625
1,13,mistrust,1.03,1.03,0.0
1,13,WSLS,3.0,2.975,0.02499999999999991
1,13,TFTT,3.02,2.97,0.04999999999999982
1,13,hard_tft,3.0,2.975,0.02499999999999991
1,13,slow_tft,3.02,2.97,0.04999999999999982
1,13,GrdTFT,3.0,2.975,0.02499999999999991
1,13,prober,2.995,2.97,0.02499999999999991
1,13,mem2,3.0,2.975,0.02499999999999991
1,13,grok:grok-3-mini,3.0,2.975,0.02499999999999991
1,13,Tideman & Chieruzzi,2.98,2.98,0.0
1,13,Nydegger,3.02,2.97,0.04999999999999982
1,13,Grofman,3.0,2.975,0.02499999999999991
1,13,Shubik,3.0,2.975,0.02499999999999991
1,13,Stein & Rapoport: 0.05,2.98,2.98,0.0
1,13,GRIM,3.0,2.975,0.02499999999999991
1,13,Davis: 10,3.0,2.975,0.02499999999999991
1,13,Graaskamp: 0.05,2.82,3.095,-0.27500000000000036
1,13,Downing,3.02,2.92,0.10000000000000009
1,13,"Feld: 1.0, 0.5, 200",1.815,1.965,-0.15000000000000013
1,13,Joss: 0.9,1.32,1.445,-0.125
1,13,Tullock,1.555,1.655,-0.10000000000000009
1,13,Anonymous,2.78,0.63,2.15
1,13,Random: 0.5,2.765,0.715,2.0500000000000003
1,14,Cu,3.02,2.97,0.04999999999999982
1,14,Du,0.995,1.02,-0.025000000000000022
1,14,Tit For Tat,3.0,2.975,0.02499999999999991
1,14,spiteful,3.0,2.975,0.02499999999999991
1,14,soft_majo,3.02,2.97,0.04999999999999982
1,14,hard_majo,1.03,1.03,0.0
1,14,per_cd,2.98,0.555,2.425
1,14,per_ccd,3.42,1.245,2.175
1,14,per_ddc,2.315,0.69,1.625
1,14,mistrust,1.03,1.03,0.0
1,14,WSLS,3.0,2.975,0.02499999999999991
1,14,TFTT,3.02,2.97,0.04999999999999982
1,14,hard_tft,3.0,2.975,0.02499999999999991
1,14,slow_tft,3.02,2.97,0.04999999999999982
1,14,GrdTFT,3.0,2.975,0.02499999999999991
1,14,prober,2.995,2.97,0.02499999999999991
1,14,mem2,3.0,2.975,0.02499999999999991
1,14,grok:grok-3-mini,3.0,2.975,0.02499999999999991
1,14,Tideman & Chieruzzi,2.98,2.98,0.0
1,14,Nydegger,3.02,2.97,0.04999999999999982
1,14,Grofman,3.0,2.975,0.02499999999999991
1,14,Shubik,3.0,2.975,0.02499999999999991
1,14,Stein & Rapoport: 0.05,2.98,2.98,0.0
1,14,GRIM,3.0,2.975,0.02499999999999991
1,14,Davis: 10,3.0,2.975,0.02499999999999991
1,14,Graaskamp: 0.05,2.79,3.115,-0.3250000000000002
1,14,Downing,3.02,2.92,0.10000000000000009
1,14,"Feld: 1.0, 0.5, 200",1.52,1.57,-0.050000000000000044
1,14,Joss: 0.9,1.275,1.35,-0.07500000000000018
1,14,Tullock,1.515,1.54,-0.025000000000000133
1,14,Anonymous,2.925,0.85,2.0749999999999997
1,14,Random: 0.5,2.87,0.62,2.25
1,15,Cu,3.02,2.97,0.04999999999999982
1,15,Du,0.995,1.02,-0.025000000000000022
1,15,Tit For Tat,3.0,2.975,0.02499999999999991
1,15,spiteful,3.0,2.975,0.02499999999999991
1,15,soft_majo,3.02,2.97,0.04999999999999982
1,15,hard_majo,1.03,1.03,0.0
1,15,per_cd,2.98,0.555,2.425
1,15,per_ccd,3.42,1.245,2.175
1,15,per_ddc,2.315,0.69,1.625
1,15,mistrust,1.03,1.03,0.0
1,15,WSLS,3.0,2.975,0.02499999999999991
1,15,TFTT,3.02,2.97,0.04999999999999982
1,15,hard_tft,3.0,2.975,0.02499999999999991
1,15,slow_tft,3.02,2.97,0.04999999999999982
1,15,GrdTFT,3.0,2.975,0.02499999999999991
1,15,prober,2.995,2.97,0.02499999999999991
1,15,mem2,3.0,2.975,0.02499999999999991
1,15,grok:grok-3-mini,3.0,2.975,0.02499999999999991
1,15,Tideman & Chieruzzi,2.98,2.98,0.0
1,15,Nydegger,3.02,2.97,0.04999999999999982
1,15,Grofman,3.02,2.97,0.04999999999999982
1,15,Shubik,3.0,2.975,0.02499999999999991
1,15,Stein & Rapoport: 0.05,2.98,2.98,0.0
1,15,GRIM,3.0,2.975,0.02499999999999991
1,15,Davis: 10,3.0,2.975,0.02499999999999991
1,15,Graaskamp: 0.05,2.82,3.095,-0.27500000000000036
1,15,Downing,3.02,2.92,0.10000000000000009
1,15,"Feld: 1.0, 0.5, 200",1.565,1.665,-0.10000000000000009
1,15,Joss: 0.9,1.82,2.02,-0.19999999999999996
1,15,Tullock,2.82,3.095,-0.27500000000000036
1,15,Anonymous,2.965,0.64,2.3249999999999997
1,15,Random: 0.5,2.965,0.89,2.0749999999999997
1,16,Cu,3.02,2.97,0.04999999999999982
1,16,Du,0.995,1.02,-0.025000000000000022
1,16,Tit For Tat,3.0,2.975,0.02499999999999991
1,16,spiteful,3.0,2.975,0.02499999999999991
1,16,soft_majo,3.02,2.97,0.04999999999999982
1,16,hard_majo,1.03,1.03,0.0
1,16,per_cd,2.98,0.555,2.425
1,16,per_ccd,3.42,1.245,2.175
1,16,per_ddc,2.315,0.69,1.625
1,16,mistrust,1.03,1.03,0.0
1,16,WSLS,3.0,2.975,0.02499999999999991
1,16,TFTT,3.02,2.97,0.04999999999999982
1,16,hard_tft,3.0,2.975,0.02499999999999991
1,16,slow_tft,3.02,2.97,0.04999999999999982
1,16,GrdTFT,3.0,2.975,0.02499999999999991
1,16,prober,2.995,2.97,0.02499999999999991
1,16,mem2,3.0,2.975,0.02499999999999991
1,16,grok:grok-3-mini,3.0,2.975,0.02499999999999991
1,16,Tideman & Chieruzzi,2.98,2.98,0.0
1,16,Nydegger,3.02,2.97,0.04999999999999982
1,16,Grofman,3.0,2.975,0.02499999999999991
1,16,Shubik,3.0,2.975,0.02499999999999991
1,16,Stein & Rapoport: 0.05,2.98,2.98,0.0
1,16,GRIM,3.0,2.975,0.02499999999999991
1,16,Davis: 10,3.0,2.975,0.02499999999999991
1,16,Graaskamp: 0.05,2.795,3.12,-0.3250000000000002
1,16,Downing,3.02,2.92,0.10000000000000009
1,16,"Feld: 1.0, 0.5, 200",1.54,1.74,-0.19999999999999996
1,16,Joss: 0.9,1.28,1.38,-0.09999999999999987
1,16,Tullock,2.24,2.565,-0.32499999999999973
1,16,Anonymous,3.08,0.83,2.25
1,16,Random: 0.5,3.015,0.74,2.2750000000000004
1,17,Cu,3.02,2.97,0.04999999999999982
1,17,Du,0.995,1.02,-0.025000000000000022
1,17,Tit For Tat,3.0,2.975,0.02499999999999991
1,17,spiteful,3.0,2.975,0.02499999999999991
1,17,soft_majo,3.02,2.97,0.04999999999999982
1,17,hard_majo,1.03,1.03,0.0
1,17,per_cd,2.98,0.555,2.425
1,17,per_ccd,3.42,1.245,2.175
1,17,per_ddc,2.315,0.69,1.625
1,17,mistrust,1.03,1.03,0.0
1,17,WSLS,3.0,2.975,0.02499999999999991
1,17,TFTT,3.02,2.97,0.04999999999999982
1,17,hard_tft,3.0,2.975,0.02499999999999991
1,17,slow_tft,3.02,2.97,0.04999999999999982
1,17,GrdTFT,3.0,2.975,0.02499999999999991
1,17,prober,2.995,2.97,0.02499999999999991
1,17,mem2,3.0,2.975,0.02499999999999991
1,17,grok:grok-3-mini,3.0,2.975,0.02499999999999991
1,17,Tideman & Chieruzzi,2.98,2.98,0.0
1,17,Nydegger,3.02,2.97,0.04999999999999982
1,17,Grofman,3.02,2.97,0.04999999999999982
1,17,Shubik,3.0,2.975,0.02499999999999991
1,17,Stein & Rapoport: 0.05,2.98,2.98,0.0
1,17,GRIM,3.0,2.975,0.02499999999999991
1,17,Davis: 10,3.0,2.975,0.02499999999999991
1,17,Graaskamp: 0.05,2.81,3.11,-0.2999999999999998
1,17,Downing,3.02,2.92,0.10000000000000009
1,17,"Feld: 1.0, 0.5, 200",1.89,2.09,-0.19999999999999996
1,17,Joss: 0.9,1.51,1.66,-0.1499999999999999
1,17,Tullock,2.56,2.96,-0.3999999999999999
1,17,Anonymous,2.825,0.65,2.1750000000000003
1,17,Random: 0.5,2.97,0.695,2.2750000000000004
1,18,Cu,3.02,2.97,0.04999999999999982
1,18,Du,0.995,1.02,-0.025000000000000022
1,18,Tit For Tat,3.0,2.975,0.02499999999999991
1,18,spiteful,3.0,2.975,0.02499999999999991
1,18,soft_majo,3.02,2.97,0.04999999999999982
1,18,hard_majo,1.03,1.03,0.0
1,18,per_cd,2.98,0.555,2.425
1,18,per_ccd,3.42,1.245,2.175
1,18,per_ddc,2.315,0.69,1.625
1,18,mistrust,1.03,1.03,0.0
1,18,WSLS,3.0,2.975,0.02499999999999991
1,18,TFTT,3.02,2.97,0.04999999999999982
1,18,hard_tft,3.0,2.975,0.02499999999999991
1,18,slow_tft,3.02,2.97,0.04999999999999982
1,18,GrdTFT,3.0,2.975,0.02499999999999991
1,18,prober,2.995,2.97,0.02499999999999991
1,18,mem2,3.0,2.975,0.02499999999999991
1,18,grok:grok-3-mini,3.0,2.975,0.02499999999999991
1,18,Tideman & Chieruzzi,2.98,2.98,0.0
1,18,Nydegger,3.02,2.97,0.04999999999999982
1,18,Grofman,3.0,2.975,0.02499999999999991
1,18,Shubik,3.0,2.975,0.02499999999999991
1,18,Stein & Rapoport: 0.05,2.98,2.98,0.0
1,18,GRIM,3.0,2.975,0.02499999999999991
1,18,Davis: 10,3.0,2.975,0.02499999999999991
1,18,Graaskamp: 0.05,2.81,3.11,-0.2999999999999998
1,18,Downing,3.02,2.92,0.10000000000000009
1,18,"Feld: 1.0, 0.5, 200",1.75,1.9,-0.1499999999999999
1,18,Joss: 0.9,1.055,1.105,-0.050000000000000044
1,18,Tullock,2.69,2.84,-0.1499999999999999
1,18,Anonymous,2.81,0.61,2.2
1,18,Random: 0.5,3.025,0.6,2.425
1,19,Cu,3.02,2.97,0.04999999999999982
1,19,Du,0.995,1.02,-0.025000000000000022
1,19,Tit For Tat,3.0,2.975,0.02499999999999991
1,19,spiteful,3.0,2.975,0.02499999999999991
1,19,soft_majo,3.02,2.97,0.04999999999999982
1,19,hard_majo,1.03,1.03,0.0
1,19,per_cd,2.98,0.555,2.425
1,19,per_ccd,3.42,1.245,2.175
1,19,per_ddc,2.315,0.69,1.625
1,19,mistrust,1.03,1.03,0.0
1,19,WSLS,3.0,2.975,0.02499999999999991
1,19,TFTT,3.02,2.97,0.04999999999999982
1,19,hard_tft,3.0,2.975,0.02499999999999991
1,19,slow_tft,3.02,2.97,0.04999999999999982
1,19,GrdTFT,3.0,2.975,0.02499999999999991
1,19,prober,2.995,2.97,0.02499999999999991
1,19,mem2,3.0,2.975,0.02499999999999991
1,19,grok:grok-3-mini,3.0,2.975,0.02499999999999991
1,19,Tideman & Chieruzzi,2.98,2.98,0.0
1,19,Nydegger,3.02,2.97,0.04999999999999982
1,19,Grofman,3.0,2.975,0.02499999999999991
1,19,Shubik,3.0,2.975,0.02499999999999991
1,19,Stein & Rapoport: 0.05,2.98,2.98,0.0
1,19,GRIM,3.0,2.975,0.02499999999999991
1,19,Davis: 10,3.0,2.975,0.02499999999999991
1,19,Graaskamp: 0.05,2.81,3.11,-0.2999999999999998
1,19,Downing,3.02,2.92,0.10000000000000009
1,19,"Feld: 1.0, 0.5, 200",1.72,1.82,-0.10000000000000009
1,19,Joss: 0.9,2.76,3.135,-0.375
1,19,Tullock,2.6,2.975,-0.375
1,19,Anonymous,2.815,0.715,2.1
1,19,Random: 0.5,2.8,0.65,2.15
2,0,Cu,3.02,2.97,0.04999999999999982
2,0,Du,0.995,1.02,-0.025000000000000022
2,0,Tit For Tat,3.0,2.975,0.02499999999999991
2,0,spiteful,3.0,2.975,0.02499999999999991
2,0,soft_majo,3.02,2.97,0.04999999999999982
2,0,hard_majo,1.03,1.03,0.0
2,0,per_cd,2.98,0.555,2.425
2,0,per_ccd,3.42,1.245,2.175
2,0,per_ddc,2.315,0.69,1.625
2,0,mistrust,1.03,1.03,0.0
2,0,WSLS,3.0,2.975,0.02499999999999991
2,0,TFTT,3.02,2.97,0.04999999999999982
2,0,hard_tft,3.0,2.975,0.02499999999999991
2,0,slow_tft,3.02,2.97,0.04999999999999982
2,0,GrdTFT,3.0,2.975,0.02499999999999991
2,0,prober,2.995,2.97,0.02499999999999991
2,0,mem2,3.0,2.975,0.02499999999999991
2,0,grok:grok-3-mini,3.0,2.975,0.02499999999999991
2,0,Tideman & Chieruzzi,2.98,2.98,0.0
2,0,Nydegger,3.02,2.97,0.04999999999999982
2,0,Grofman,3.0,2.975,0.02499999999999991
2,0,Shubik,3.0,2.975,0.02499999999999991
2,0,Stein & Rapoport: 0.05,2.98,2.98,0.0
2,0,GRIM,3.0,2.975,0.02499999999999991
2,0,Davis: 10,3.0,2.975,0.02499999999999991
2,0,Graaskamp: 0.05,2.765,3.14,-0.375
2,0,Downing,3.02,2.92,0.10000000000000009
2,0,"Feld: 1.0, 0.5, 200",1.725,1.9,-0.17499999999999982
2,0,Joss: 0.9,2.635,3.01,-0.375
2,0,Tullock,2.78,3.13,-0.3500000000000001
2,0,Anonymous,2.99,0.89,2.1
2,0,Random: 0.5,2.83,0.805,2.025
2,1,Cu,3.02,2.97,0.04999999999999982
2,1,Du,0.995,1.02,-0.025000000000000022
2,1,Tit For Tat,3.0,2.975,0.02499999999999991
2,1,spiteful,3.0,2.975,0.02499999999999991
2,1,soft_majo,3.02,2.97,0.04999999999999982
2,1,hard_majo,1.03,1.03,0.0
2,1,per_cd,2.98,0.555,2.425
2,1,per_ccd,3.42,1.245,2.175
2,1,per_ddc,2.315,0.69,1.625
2,1,mistrust,1.03,1.03,0.0
2,1,WSLS,3.0,2.975,0.02499999999999991
2,1,TFTT,3.02,2.97,0.04999999999999982
2,1,hard_tft,3.0,2.975,0.02499999999999991
2,1,slow_tft,3.02,2.97,0.04999999999999982
2,1,GrdTFT,3.0,2.975,0.02499999999999991
2,1,prober,2.995,2.97,0.02499999999999991
2,1,mem2,3.0,2.975,0.02499999999999991
2,1,grok:grok-3-mini,3.0,2.975,0.02499999999999991
2,1,Tideman & Chieruzzi,2.98,2.98,0.0
2,1,Nydegger,3.02,2.97,0.04999999999999982
2,1,Grofman,3.02,2.97,0.04999999999999982
2,1,Shubik,3.0,2.975,0.02499999999999991
2,1,Stein & Rapoport: 0.05,2.98,2.98,0.0
2,1,GRIM,3.0,2.975,0.02499999999999991
2,1,Davis: 10,3.0,2.975,0.02499999999999991
2,1,Graaskamp: 0.05,2.78,3.13,-0.3500000000000001
2,1,Downing,3.02,2.92,0.10000000000000009
2,1,"Feld: 1.0, 0.5, 200",1.735,1.91,-0.17499999999999982
2,1,Joss: 0.9,1.31,1.435,-0.125
2,1,Tullock,2.465,2.715,-0.25
2,1,Anonymous,3.095,1.095,2.0
2,1,Random: 0.5,2.91,0.635,2.2750000000000004
2,2,Cu,3.02,2.97,0.04999999999999982
2,2,Du,0.995,1.02,-0.025000000000000022
2,2,Tit For Tat,3.0,2.975,0.02499999999999991
2,2,spiteful,3.0,2.975,0.02499999999999991
2,2,soft_majo,3.02,2.97,0.04999999999999982
2,2,hard_majo,1.03,1.03,0.0
2,2,per_cd,2.98,0.555,2.425
2,2,per_ccd,3.42,1.245,2.175
2,2,per_ddc,2.315,0.69,1.625
2,2,mistrust,1.03,1.03,0.0
2,2,WSLS,3.0,2.975,0.02499999999999991
2,2,TFTT,3.02,2.97,0.04999999999999982
2,2,hard_tft,3.0,2.975,0.02499999999999991
2,2,slow_tft,3.02,2.97,0.04999999999999982
2,2,GrdTFT,3.0,2.975,0.02499999999999991
2,2,prober,2.995,2.97,0.02499999999999991
2,2,mem2,3.0,2.975,0.02499999999999991
2,2,grok:grok-3-mini,3.0,2.975,0.02499999999999991
2,2,Tideman & Chieruzzi,2.98,2.98,0.0
2,2,Nydegger,3.02,2.97,0.04999999999999982
2,2,Grofman,3.02,2.97,0.04999999999999982
2,2,Shubik,3.0,2.975,0.02499999999999991
2,2,Stein & Rapoport: 0.05,2.98,2.98,0.0
2,2,GRIM,3.0,2.975,0.02499999999999991
2,2,Davis: 10,3.0,2.975,0.02499999999999991
2,2,Graaskamp: 0.05,2.795,3.12,-0.3250000000000002
2,2,Downing,3.02,2.92,0.10000000000000009
2,2,"Feld: 1.0, 0.5, 200",1.785,2.035,-0.2500000000000002
2,2,Joss: 0.9,1.225,1.3,-0.07499999999999996
2,2,Tullock,2.9,3.05,-0.1499999999999999
2,2,Anonymous,2.855,0.78,2.075
2,2,Random: 0.5,2.905,0.805,2.0999999999999996
2,3,Cu,3.02,2.97,0.04999999999999982
2,3,Du,0.995,1.02,-0.025000000000000022
2,3,Tit For Tat,3.0,2.975,0.02499999999999991
2,3,spiteful,3.0,2.975,0.02499999999999991
2,3,soft_majo,3.02,2.97,0.04999999999999982
2,3,hard_majo,1.03,1.03,0.0
2,3,per_cd,2.98,0.555,2.425
2,3,per_ccd,3.42,1.245,2.175
2,3,per_ddc,2.315,0.69,1.625
2,3,mistrust,1.03,1.03,0.0
2,3,WSLS,3.0,2.975,0.02499999999999991
2,3,TFTT,3.02,2.97,0.04999999999999982
2,3,hard_tft,3.0,2.975,0.02499999999999991
2,3,slow_tft,3.02,2.97,0.04999999999999982
2,3,GrdTFT,3.0,2.975,0.02499999999999991
2,3,prober,2.995,2.97,0.02499999999999991
2,3,mem2,3.0,2.975,0.02499999999999991
2,3,grok:grok-3-mini,3.0,2.975,0.02499999999999991
2,3,Tideman & Chieruzzi,2.98,2.98,0.0
2,3,Nydegger,3.02,2.97,0.04999999999999982
2,3,Grofman,3.02,2.97,0.04999999999999982
2,3,Shubik,3.0,2.975,0.02499999999999991
2,3,Stein & Rapoport: 0.05,2.98,2.98,0.0
2,3,GRIM,3.0,2.975,0.02499999999999991
2,3,Davis: 10,3.0,2.975,0.02499999999999991
2,3,Graaskamp: 0.05,2.81,3.11,-0.2999999999999998
2,3,Downing,3.02,2.92,0.10000000000000009
2,3,"Feld: 1.0, 0.5, 200",1.42,1.545,-0.125
2,3,Joss: 0.9,2.805,3.105,-0.2999999999999998
2,3,Tullock,1.755,1.905,-0.15000000000000013
2,3,Anonymous,2.82,0.67,2.15
2,3,Random: 0.5,3.0,0.825,2.175
2,4,Cu,3.02,2.97,0.04999999999999982
2,4,Du,0.995,1.02,-0.025000000000000022
2,4,Tit For Tat,3.0,2.975,0.02499999999999991
2,4,spiteful,3.0,2.975,0.02499999999999991
2,4,soft_majo,3.02,2.97,0.04999999999999982
2,4,hard_majo,1.03,1.03,0.0
2,4,per_cd,2.98,0.555,2.425
2,4,per_ccd,3.42,1.245,2.175
2,4,per_ddc,2.315,0.69,1.625
2,4,mistrust,1.03,1.03,0.0
2,4,WSLS,3.0,2.975,0.02499999999999991
2,4,TFTT,3.02,2.97,0.04999999999999982
2,4,hard_tft,3.0,2.975,0.02499999999999991
2,4,slow_tft,3.02,2.97,0.04999999999999982
2,4,GrdTFT,3.0,2.975,0.02499999999999991
2,4,prober,2.995,2.97,0.02499999999999991
2,4,mem2,3.0,2.975,0.02499999999999991
2,4,grok:grok-3-mini,3.0,2.975,0.02499999999999991
2,4,Tideman & Chieruzzi,2.98,2.98,0.0
2,4,Nydegger,3.02,2.97,0.04999999999999982
2,4,Grofman,3.0,2.975,0.02499999999999991
2,4,Shubik,3.0,2.975,0.02499999999999991
2,4,Stein & Rapoport: 0.05,2.98,2.98,0.0
2,4,GRIM,3.0,2.975,0.02499999999999991
2,4,Davis: 10,3.0,2.975,0.02499999999999991
2,4,Graaskamp: 0.05,2.76,3.135,-0.375
2,4,Downing,3.02,2.92,0.10000000000000009
2,4,"Feld: 1.0, 0.5, 200",1.63,1.78,-0.15000000000000013
2,4,Joss: 0.9,1.04,1.04,0.0
2,4,Tullock,1.945,2.095,-0.15000000000000013
2,4,Anonymous,3.12,0.72,2.4000000000000004
2,4,Random: 0.5,2.715,0.64,2.0749999999999997
2,5,Cu,3.02,2.97,0.04999999999999982
2,5,Du,0.995,1.02,-0.025000000000000022
2,5,Tit For Tat,3.0,2.975,0.02499999999999991
2,5,spiteful,3.0,2.975,0.02499999999999991
2,5,soft_majo,3.02,2.97,0.04999999999999982
2,5,hard_majo,1.03,1.03,0.0
2,5,per_cd,2.98,0.555,2.425
2,5,per_ccd,3.42,1.245,2.175
2,5,per_ddc,2.315,0.69,1.625
2,5,mistrust,1.03,1.03,0.0
2,5,WSLS,3.0,2.975,0.02499999999999991
2,5,TFTT,3.02,2.97,0.04999999999999982
2,5,hard_tft,3.0,2.975,0.02499999999999991
2,5,slow_tft,3.02,2.97,0.04999999999999982
2,5,GrdTFT,3.0,2.975,0.02499999999999991
2,5,prober,2.995,2.97,0.02499999999999991
2,5,mem2,3.0,2.975,0.02499999999999991
2,5,grok:grok-3-mini,3.0,2.975,0.02499999999999991
2,5,Tideman & Chieruzzi,2.98,2.98,0.0
2,5,Nydegger,3.02,2.97,0.04999999999999982
2,5,Grofman,3.0,2.975,0.02499999999999991
2,5,Shubik,3.0,2.975,0.02499999999999991
2,5,Stein & Rapoport: 0.05,2.98,2.98,0.0
2,5,GRIM,3.0,2.975,0.02499999999999991
2,5,Davis: 10,3.0,2.975,0.02499999999999991
2,5,Graaskamp: 0.05,2.775,3.125,-0.3500000000000001
2,5,Downing,3.02,2.92,0.10000000000000009
2,5,"Feld: 1.0, 0.5, 200",1.81,1.935,-0.125
2,5,Joss: 0.9,1.05,1.05,0.0
2,5,Tullock,2.12,2.22,-0.10000000000000009
2,5,Anonymous,2.9,0.825,2.075
2,5,Random: 0.5,3.01,0.785,2.2249999999999996
2,6,Cu,3.02,2.97,0.04999999999999982
2,6,Du,0.995,1.02,-0.025000000000000022
2,6,Tit For Tat,3.0,2.975,0.02499999999999991
2,6,spiteful,3.0,2.975,0.02499999999999991
2,6,soft_majo,3.02,2.97,0.04999999999999982
2,6,hard_majo,1.03,1.03,0.0
2,6,per_cd,2.98,0.555,2.425
2,6,per_ccd,3.42,1.245,2.175
2,6,per_ddc,2.315,0.69,1.625
2,6,mistrust,1.03,1.03,0.0
2,6,WSLS,3.0,2.975,0.02499999999999991
2,6,TFTT,3.02,2.97,0.04999999999999982
2,6,hard_tft,3.0,2.975,0.02499999999999991
2,6,slow_tft,3.02,2.97,0.04999999999999982
2,6,GrdTFT,3.0,2.975,0.02499999999999991
2,6,prober,2.995,2.97,0.02499999999999991
2,6,mem2,3.0,2.975,0.02499999999999991
2,6,grok:grok-3-mini,3.0,2.975,0.02499999999999991
2,6,Tideman & Chieruzzi,2.98,2.98,0.0
2,6,Nydegger,3.02,2.97,0.04999999999999982
2,6,Grofman,3.0,2.975,0.02499999999999991
2,6,Shubik,3.0,2.975,0.02499999999999991
2,6,Stein & Rapoport: 0.05,2.98,2.98,0.0
2,6,GRIM,3.0,2.975,0.02499999999999991
2,6,Davis: 10,3.0,2.975,0.02499999999999991
2,6,Graaskamp: 0.05,2.76,3.135,-0.375
2,6,Downing,3.02,2.92,0.10000000000000009
2,6,"Feld: 1.0, 0.5, 200",1.81,2.085,-0.2749999999999999
2,6,Joss: 0.9,1.295,1.42,-0.125
2,6,Tullock,1.905,1.93,-0.02499999999999991
2,6,Anonymous,2.98,0.605,2.375
2,6,Random: 0.5,2.725,0.65,2.075
2,7,Cu,3.02,2.97,0.04999999999999982
2,7,Du,0.995,1.02,-0.025000000000000022
2,7,Tit For Tat,3.0,2.975,0.02499999999999991
2,7,spiteful,3.0,2.975,0.02499999999999991
2,7,soft_majo,3.02,2.97,0.04999999999999982
2,7,hard_majo,1.03,1.03,0.0
2,7,per_cd,2.98,0.555,2.425
2,7,per_ccd,3.42,1.245,2.175
2,7,per_ddc,2.315,0.69,1.625
2,7,mistrust,1.03,1.03,0.0
2,7,WSLS,3.0,2.975,0.02499999999999991
2,7,TFTT,3.02,2.97,0.04999999999999982
2,7,hard_tft,3.0,2.975,0.02499999999999991
2,7,slow_tft,3.02,2.97,0.04999999999999982
2,7,GrdTFT,3.0,2.975,0.02499999999999991
2,7,prober,2.995,2.97,0.02499999999999991
2,7,mem2,3.0,2.975,0.02499999999999991
2,7,grok:grok-3-mini,3.0,2.975,0.02499999999999991
2,7,Tideman & Chieruzzi,2.98,2.98,0.0
2,7,Nydegger,3.02,2.97,0.04999999999999982
2,7,Grofman,3.02,2.97,0.04999999999999982
2,7,Shubik,3.0,2.975,0.02499999999999991
2,7,Stein & Rapoport: 0.05,2.98,2.98,0.0
2,7,GRIM,3.0,2.975,0.02499999999999991
2,7,Davis: 10,3.0,2.975,0.02499999999999991
2,7,Graaskamp: 0.05,2.795,3.12,-0.3250000000000002
2,7,Downing,3.02,2.92,0.10000000000000009
2,7,"Feld: 1.0, 0.5, 200",1.39,1.515,-0.125
2,7,Joss: 0.9,2.41,2.71,-0.2999999999999998
2,7,Tullock,2.78,3.105,-0.3250000000000002
2,7,Anonymous,2.775,0.8,1.9749999999999999
2,7,Random: 0.5,2.78,0.655,2.125
2,8,Cu,3.02,2.97,0.04999999999999982
2,8,Du,0.995,1.02,-0.025000000000000022
2,8,Tit For Tat,3.0,2.975,0.02499999999999991
2,8,spiteful,3.0,2.975,0.02499999999999991
2,8,soft_majo,3.02,2.97,0.04999999999999982
2,8,hard_majo,1.03,1.03,0.0
2,8,per_cd,2.98,0.555,2.425
2,8,per_ccd,3.42,1.245,2.175
2,8,per_ddc,2.315,0.69,1.625
2,8,mistrust,1.03,1.03,0.0
2,8,WSLS,3.0,2.975,0.02499999999999991
2,8,TFTT,3.02,2.97,0.04999999999999982
2,8,hard_tft,3.0,2.975,0.02499999999999991
2,8,slow_tft,3.02,2.97,0.04999999999999982
2,8,GrdTFT,3.0,2.975,0.02499999999999991
2,8,prober,2.995,2.97,0.02499999999999991
2,8,mem2,3.0,2.975,0.02499999999999991
2,8,grok:grok-3-mini,3.0,2.975,0.02499999999999991
2,8,Tideman & Chieruzzi,2.98,2.98,0.0
2,8,Nydegger,3.02,2.97,0.04999999999999982
2,8,Grofman,3.02,2.97,0.04999999999999982
2,8,Shubik,3.0,2.975,0.02499999999999991
2,8,Stein & Rapoport: 0.05,2.98,2.98,0.0
2,8,GRIM,3.0,2.975,0.02499999999999991
2,8,Davis: 10,3.0,2.975,0.02499999999999991
2,8,Graaskamp: 0.05,2.81,3.11,-0.2999999999999998
2,8,Downing,3.02,2.92,0.10000000000000009
2,8,"Feld: 1.0, 0.5, 200",1.745,1.92,-0.17499999999999982
2,8,Joss: 0.9,1.04,1.04,0.0
2,8,Tullock,2.41,2.56,-0.1499999999999999
2,8,Anonymous,2.79,0.59,2.2
2,8,Random: 0.5,2.85,0.575,2.2750000000000004
2,9,Cu,3.02,2.97,0.04999999999999982
2,9,Du,0.995,1.02,-0.025000000000000022
2,9,Tit For Tat,3.0,2.975,0.02499999999999991
2,9,spiteful,3.0,2.975,0.02499999999999991
2,9,soft_majo,3.02,2.97,0.04999999999999982
2,9,hard_majo,1.03,1.03,0.0
2,9,per_cd,2.98,0.555,2.425
2,9,per_ccd,3.42,1.245,2.175
2,9,per_ddc,2.315,0.69,1.625
2,9,mistrust,1.03,1.03,0.0
2,9,WSLS,3.0,2.975,0.02499999999999991
2,9,TFTT,3.02,2.97,0.04999999999999982
2,9,hard_tft,3.0,2.975,0.02499999999999991
2,9,slow_tft,3.02,2.97,0.04999999999999982
2,9,GrdTFT,3.0,2.975,0.02499999999999991
2,9,prober,2.995,2.97,0.02499999999999991
2,9,mem2,3.0,2.975,0.02499999999999991
2,9,grok:grok-3-mini,3.0,2.975,0.02499999999999991
2,9,Tideman & Chieruzzi,2.98,2.98,0.0
2,9,Nydegger,3.02,2.97,0.04999999999999982
2,9,Grofman,3.02,2.97,0.04999999999999982
2,9,Shubik,3.0,2.975,0.02499999999999991
2,9,Stein & Rapoport: 0.05,2.98,2.98,0.0
2,9,GRIM,3.0,2.975,0.02499999999999991
2,9,Davis: 10,3.0,2.975,0.02499999999999991
2,9,Graaskamp: 0.05,2.795,3.12,-0.3250000000000002
2,9,Downing,3.02,2.92,0.10000000000000009
2,9,"Feld: 1.0, 0.5, 200",1.27,1.345,-0.07499999999999996
2,9,Joss: 0.9,1.075,1.1,-0.025000000000000133
2,9,Tullock,1.745,1.82,-0.07499999999999996
2,9,Anonymous,2.915,0.615,2.3
2,9,Random: 0.5,2.85,0.85,2.0
2,10,Cu,3.02,2.97,0.04999999999999982
2,10,Du,0.995,1.02,-0.025000000000000022
2,10,Tit For Tat,3.0,2.975,0.02499999999999991
2,10,spiteful,3.0,2.975,0.02499999999999991
2,10,soft_majo,3.02,2.97,0.04999999999999982
2,10,hard_majo,1.03,1.03,0.0
2,10,per_cd,2.98,0.555,2.425
2,10,per_ccd,3.42,1.245,2.175
2,10,per_ddc,2.315,0.69,1.625
2,10,mistrust,1.03,1.03,0.0
2,10,WSLS,3.0,2.975,0.02499999999999991
2,10,TFTT,3.02,2.97,0.04999999999999982
2,10,hard_tft,3.0,2.975,0.02499999999999991
2,10,slow_tft,3.02,2.97,0.04999999999999982
2,10,GrdTFT,3.0,2.975,0.02499999999999991
2,10,prober,2.995,2.97,0.02499999999999991
2,10,mem2,3.0,2.975,0.02499999999999991
2,10,grok:grok-3-mini,3.0,2.975,0.02499999999999991
2,10,Tideman & Chieruzzi,2.98,2.98,0.0
2,10,Nydegger,3.02,2.97,0.04999999999999982
2,10,Grofman,3.02,2.97,0.04999999999999982
2,10,Shubik,3.0,2.975,0.02499999999999991
2,10,Stein & Rapoport: 0.05,2.98,2.98,0.0
2,10,GRIM,3.0,2.975,0.02499999999999991
2,10,Davis: 10,3.0,2.975,0.02499999999999991
2,10,Graaskamp: 0.05,2.795,3.12,-0.3250000000000002
2,10,Downing,3.02,2.92,0.10000000000000009
2,10,"Feld: 1.0, 0.5, 200",1.555,1.63,-0.07499999999999996
2,10,Joss: 0.9,2.82,3.095,-0.27500000000000036
2,10,Tullock,1.23,1.23,0.0
2,10,Anonymous,2.78,0.73,2.05
2,10,Random: 0.5,2.715,0.59,2.125
2,11,Cu,3.02,2.97,0.04999999999999982
2,11,Du,0.995,1.02,-0.025000000000000022
2,11,Tit For Tat,3.0,2.975,0.02499999999999991
2,11,spiteful,3.0,2.975,0.02499999999999991
2,11,soft_majo,3.02,2.97,0.04999999999999982
2,11,hard_majo,1.03,1.03,0.0
2,11,per_cd,2.98,0.555,2.425
2,11,per_ccd,3.42,1.245,2.175
2,11,per_ddc,2.315,0.69,1.625
2,11,mistrust,1.03,1.03,0.0
2,11,WSLS,3.0,2.975,0.02499999999999991
2,11,TFTT,3.02,2.97,0.04999999999999982
2,11,hard_tft,3.0,2.975,0.02499999999999991
2,11,slow_tft,3.02,2.97,0.04999999999999982
2,11,GrdTFT,3.0,2.975,0.02499999999999991
2,11,prober,2.995,2.97,0.02499999999999991
2,11,mem2,3.0,2.975,0.02499999999999991
2,11,grok:grok-3-mini,3.0,2.975,0.02499999999999991
2,11,Tideman & Chieruzzi,2.98,2.98,0.0
2,11,Nydegger,3.02,2.97,0.04999999999999982
2,11,Grofman,3.02,2.97,0.04999999999999982
2,11,Shubik,3.0,2.975,0.02499999999999991
2,11,Stein & Rapoport: 0.05,2.98,2.98,0.0
2,11,GRIM,3.0,2.975,0.02499999999999991
2,11,Davis: 10,3.0,2.975,0.02499999999999991
2,11,Graaskamp: 0.05,2.805,3.105,-0.2999999999999998
2,11,Downing,3.02,2.92,0.10000000000000009
2,11,"Feld: 1.0, 0.5, 200",1.05,1.05,0.0
2,11,Joss: 0.9,2.155,2.43,-0.27500000000000036
2,11,Tullock,1.23,1.28,-0.050000000000000044
2,11,Anonymous,2.895,0.92,1.975
2,11,Random: 0.5,2.945,0.795,2.15
2,12,Cu,3.02,2.97,0.04999999999999982
2,12,Du,0.995,1.02,-0.025000000000000022
2,12,Tit For Tat,3.0,2.975,0.02499999999999991
2,12,spiteful,3.0,2.975,0.02499999999999991
2,12,soft_majo,3.02,2.97,0.04999999999999982
2,12,hard_majo,1.03,1.03,0.0
2,12,per_cd,2.98,0.555,2.425
2,12,per_ccd,3.42,1.245,2.175
2,12,per_ddc,2.315,0.69,1.625
2,12,mistrust,1.03,1.03,0.0
2,12,WSLS,3.0,2.975,0.02499999999999991
2,12,TFTT,3.02,2.97,0.04999999999999982
2,12,hard_tft,3.0,2.975,0.02499999999999991
2,12,slow_tft,3.02,2.97,0.04999999999999982
2,12,GrdTFT,3.0,2.975,0.02499999999999991
2,12,prober,2.995,2.97,0.02499999999999991
2,12,mem2,3.0,2.975,0.02499999999999991
2,12,grok:grok-3-mini,3.0,2.975,0.02499999999999991
2,12,Tideman & Chieruzzi,2.98,2.98,0.0
2,12,Nydegger,3.02,2.97,0.04999999999999982
2,12,Grofman,3.0,2.975,0.02499999999999991
2,12,Shubik,3.0,2.975,0.02499999999999991
2,12,Stein & Rapoport: 0.05,2.98,2.98,0.0
2,12,GRIM,3.0,2.975,0.02499999999999991
2,12,Davis: 10,3.0,2.975,0.02499999999999991
2,12,Graaskamp: 0.05,2.81,3.11,-0.2999999999999998
2,12,Downing,3.02,2.92,0.10000000000000009
2,12,"Feld: 1.0, 0.5, 200",1.775,1.9,-0.125
2,12,Joss: 0.9,1.305,1.38,-0.07499999999999996
2,12,Tullock,2.725,3.15,-0.4249999999999998
2,12,Anonymous,2.925,0.6,2.3249999999999997
2,12,Random: 0.5,2.985,0.66,2.3249999999999997
2,13,Cu,3.02,2.97,0.04999999999999982
2,13,Du,0.995,1.02,-0.025000000000000022
2,13,Tit For Tat,3.0,2.975,0.02499999999999991
2,13,spiteful,3.0,2.975,0.02499999999999991
2,13,soft_majo,3.02,2.97,0.04999999999999982
2,13,hard_majo,1.03,1.03,0.0
2,13,per_cd,2.98,0.555,2.425
2,13,per_ccd,3.42,1.245,2.175
2,13,per_ddc,2.315,0.69,1.625
2,13,mistrust,1.03,1.03,0.0
2,13,WSLS,3.0,2.975,0.02499999999999991
2,13,TFTT,3.02,2.97,0.04999999999999982
2,13,hard_tft,3.0,2.975,0.02499999999999991
2,13,slow_tft,3.02,2.97,0.04999999999999982
2,13,GrdTFT,3.0,2.975,0.02499999999999991
2,13,prober,2.995,2.97,0.02499999999999991
2,13,mem2,3.0,2.975,0.02499999999999991
2,13,grok:grok-3-mini,3.0,2.975,0.02499999999999991
2,13,Tideman & Chieruzzi,2.98,2.98,0.0
2,13,Nydegger,3.02,2.97,0.04999999999999982
2,13,Grofman,3.0,2.975,0.02499999999999991
2,13,Shubik,3.0,2.975,0.02499999999999991
2,13,Stein & Rapoport: 0.05,2.98,2.98,0.0
2,13,GRIM,3.0,2.975,0.02499999999999991
2,13,Davis: 10,3.0,2.975,0.02499999999999991
2,13,Graaskamp: 0.05,2.825,3.1,-0.2749999999999999
2,13,Downing,3.02,2.92,0.10000000000000009
2,13,"Feld: 1.0, 0.5, 200",1.89,2.115,-0.2250000000000003
2,13,Joss: 0.9,1.095,1.12,-0.025000000000000133
2,13,Tullock,2.03,2.13,-0.10000000000000009
2,13,Anonymous,2.765,0.74,2.0250000000000004
2,13,Random: 0.5,2.905,0.68,2.2249999999999996
2,14,Cu,3.02,2.97,0.04999999999999982
2,14,Du,0.995,1.02,-0.025000000000000022
2,14,Tit For Tat,3.0,2.975,0.02499999999999991
2,14,spiteful,3.0,2.975,0.02499999999999991
2,14,soft_majo,3.02,2.97,0.04999999999999982
2,14,hard_majo,1.03,1.03,0.0
2,14,per_cd,2.98,0.555,2.425
2,14,per_ccd,3.42,1.245,2.175
2,14,per_ddc,2.315,0.69,1.625
2,14,mistrust,1.03,1.03,0.0
2,14,WSLS,3.0,2.975,0.02499999999999991
2,14,TFTT,3.02,2.97,0.04999999999999982
2,14,hard_tft,3.0,2.975,0.02499999999999991
2,14,slow_tft,3.02,2.97,0.04999999999999982
2,14,GrdTFT,3.0,2.975,0.02499999999999991
2,14,prober,2.995,2.97,0.02499999999999991
2,14,mem2,3.0,2.975,0.02499999999999991
2,14,grok:grok-3-mini,3.0,2.975,0.02499999999999991
2,14,Tideman & Chieruzzi,2.98,2.98,0.0
2,14,Nydegger,3.02,2.97,0.04999999999999982
2,14,Grofman,3.02,2.97,0.04999999999999982
2,14,Shubik,3.0,2.975,0.02499999999999991
2,14,Stein & Rapoport: 0.05,2.98,2.98,0.0
2,14,GRIM,3.0,2.975,0.02499999999999991
2,14,Davis: 10,3.0,2.975,0.02499999999999991
2,14,Graaskamp: 0.05,2.825,3.1,-0.2749999999999999
2,14,Downing,3.02,2.92,0.10000000000000009
2,14,"Feld: 1.0, 0.5, 200",1.49,1.565,-0.07499999999999996
2,14,Joss: 0.9,1.05,1.05,0.0
2,14,Tullock,2.81,3.11,-0.2999999999999998
2,14,Anonymous,2.98,0.805,2.175
2,14,Random: 0.5,3.075,0.65,2.4250000000000003
2,15,Cu,3.02,2.97,0.04999999999999982
2,15,Du,0.995,1.02,-0.025000000000000022
2,15,Tit For Tat,3.0,2.975,0.02499999999999991
2,15,spiteful,3.0,2.975,0.02499999999999991
2,15,soft_majo,3.02,2.97,0.04999999999999982
2,15,hard_majo,1.03,1.03,0.0
2,15,per_cd,2.98,0.555,2.425
2,15,per_ccd,3.42,1.245,2.175
2,15,per_ddc,2.315,0.69,1.625
2,15,mistrust,1.03,1.03,0.0
2,15,WSLS,3.0,2.975,0.02499999999999991
2,15,TFTT,3.02,2.97,0.04999999999999982
2,15,hard_tft,3.0,2.975,0.02499999999999991
2,15,slow_tft,3.02,2.97,0.04999999999999982
2,15,GrdTFT,3.0,2.975,0.02499999999999991
2,15,prober,2.995,2.97,0.02499999999999991
2,15,mem2,3.0,2.975,0.02499999999999991
2,15,grok:grok-3-mini,3.0,2.975,0.02499999999999991
2,15,Tideman & Chieruzzi,2.98,2.98,0.0
2,15,Nydegger,3.02,2.97,0.04999999999999982
2,15,Grofman,3.0,2.975,0.02499999999999991
2,15,Shubik,3.0,2.975,0.02499999999999991
2,15,Stein & Rapoport: 0.05,2.98,2.98,0.0
2,15,GRIM,3.0,2.975,0.02499999999999991
2,15,Davis: 10,3.0,2.975,0.02499999999999991
2,15,Graaskamp: 0.05,2.81,3.11,-0.2999999999999998
2,15,Downing,3.02,2.92,0.10000000000000009
2,15,"Feld: 1.0, 0.5, 200",1.505,1.63,-0.125
2,15,Joss: 0.9,1.28,1.38,-0.09999999999999987
2,15,Tullock,2.615,2.89,-0.2749999999999999
2,15,Anonymous,2.95,0.675,2.2750000000000004
2,15,Random: 0.5,2.9,0.8,2.0999999999999996
2,16,Cu,3.02,2.97,0.04999999999999982
2,16,Du,0.995,1.02,-0.025000000000000022
2,16,Tit For Tat,3.0,2.975,0.02499999999999991
2,16,spiteful,3.0,2.975,0.02499999999999991
2,16,soft_majo,3.02,2.97,0.04999999999999982
2,16,hard_majo,1.03,1.03,0.0
2,16,per_cd,2.98,0.555,2.425
2,16,per_ccd,3.42,1.245,2.175
2,16,per_ddc,2.315,0.69,1.625
2,16,mistrust,1.03,1.03,0.0
2,16,WSLS,3.0,2.975,0.02499999999999991
2,16,TFTT,3.02,2.97,0.04999999999999982
2,16,hard_tft,3.0,2.975,0.02499999999999991
2,16,slow_tft,3.02,2.97,0.04999999999999982
2,16,GrdTFT,3.0,2.975,0.02499999999999991
2,16,prober,2.995,2.97,0.02499999999999991
2,16,mem2,3.0,2.975,0.02499999999999991
2,16,grok:grok-3-mini,3.0,2.975,0.02499999999999991
2,16,Tideman & Chieruzzi,2.98,2.98,0.0
2,16,Nydegger,3.02,2.97,0.04999999999999982
2,16,Grofman,3.0,2.975,0.02499999999999991
2,16,Shubik,3.0,2.975,0.02499999999999991
2,16,Stein & Rapoport: 0.05,2.98,2.98,0.0
2,16,GRIM,3.0,2.975,0.02499999999999991
2,16,Davis: 10,3.0,2.975,0.02499999999999991
2,16,Graaskamp: 0.05,2.795,3.12,-0.3250000000000002
2,16,Downing,3.02,2.92,0.10000000000000009
2,16,"Feld: 1.0, 0.5, 200",1.32,1.395,-0.07499999999999996
2,16,Joss: 0.9,1.675,1.8,-0.125
2,16,Tullock,1.315,1.34,-0.025000000000000133
2,16,Anonymous,2.885,0.81,2.0749999999999997
2,16,Random: 0.5,2.855,0.68,2.175
2,17,Cu,3.02,2.97,0.04999999999999982
2,17,Du,0.995,1.02,-0.025000000000000022
2,17,Tit For Tat,3.0,2.975,0.02499999999999991
2,17,spiteful,3.0,2.975,0.02499999999999991
2,17,soft_majo,3.02,2.97,0.04999999999999982
2,17,hard_majo,1.03,1.03,0.0
2,17,per_cd,2.98,0.555,2.425
2,17,per_ccd,3.42,1.245,2.175
2,17,per_ddc,2.315,0.69,1.625
2,17,mistrust,1.03,1.03,0.0
2,17,WSLS,3.0,2.975,0.02499999999999991
2,17,TFTT,3.02,2.97,0.04999999999999982
2,17,hard_tft,3.0,2.975,0.02499999999999991
2,17,slow_tft,3.02,2.97,0.04999999999999982
2,17,GrdTFT,3.0,2.975,0.02499999999999991
2,17,prober,2.995,2.97,0.02499999999999991
2,17,mem2,3.0,2.975,0.02499999999999991
2,17,grok:grok-3-mini,3.0,2.975,0.02499999999999991
2,17,Tideman & Chieruzzi,2.98,2.98,0.0
2,17,Nydegger,3.02,2.97,0.04999999999999982
2,17,Grofman,3.0,2.975,0.02499999999999991
2,17,Shubik,3.0,2.975,0.02499999999999991
2,17,Stein & Rapoport: 0.05,2.98,2.98,0.0
2,17,GRIM,3.0,2.975,0.02499999999999991
2,17,Davis: 10,3.0,2.975,0.02499999999999991
2,17,Graaskamp: 0.05,2.825,3.1,-0.2749999999999999
2,17,Downing,3.02,2.92,0.10000000000000009
2,17,"Feld: 1.0, 0.5, 200",1.505,1.605,-0.10000000000000009
2,17,Joss: 0.9,1.435,1.56,-0.125
2,17,Tullock,1.69,1.84,-0.15000000000000013
2,17,Anonymous,2.83,0.73,2.1
2,17,Random: 0.5,2.85,0.875,1.975
2,18,Cu,3.02,2.97,0.04999999999999982
2,18,Du,0.995,1.02,-0.025000000000000022
2,18,Tit For Tat,3.0,2.975,0.02499999999999991
2,18,spiteful,3.0,2.975,0.02499999999999991
2,18,soft_majo,3.02,2.97,0.04999999999999982
2,18,hard_majo,1.03,1.03,0.0
2,18,per_cd,2.98,0.555,2.425
2,18,per_ccd,3.42,1.245,2.175
2,18,per_ddc,2.315,0.69,1.625
2,18,mistrust,1.03,1.03,0.0
2,18,WSLS,3.0,2.975,0.02499999999999991
2,18,TFTT,3.02,2.97,0.04999999999999982
2,18,hard_tft,3.0,2.975,0.02499999999999991
2,18,slow_tft,3.02,2.97,0.04999999999999982
2,18,GrdTFT,3.0,2.975,0.02499999999999991
2,18,prober,2.995,2.97,0.02499999999999991
2,18,mem2,3.0,2.975,0.02499999999999991
2,18,grok:grok-3-mini,3.0,2.975,0.02499999999999991
2,18,Tideman & Chieruzzi,2.98,2.98,0.0
2,18,Nydegger,3.02,2.97,0.04999999999999982
2,18,Grofman,3.0,2.975,0.02499999999999991
2,18,Shubik,3.0,2.975,0.02499999999999991
2,18,Stein & Rapoport: 0.05,2.98,2.98,0.0
2,18,GRIM,3.0,2.975,0.02499999999999991
2,18,Davis: 10,3.0,2.975,0.02499999999999991
2,18,Graaskamp: 0.05,2.81,3.11,-0.2999999999999998
2,18,Downing,3.02,2.92,0.10000000000000009
2,18,"Feld: 1.0, 0.5, 200",1.845,2.095,-0.2500000000000002
2,18,Joss: 0.9,1.05,1.05,0.0
2,18,Tullock,1.555,1.68,-0.125
2,18,Anonymous,3.015,0.865,2.1500000000000004
2,18,Random: 0.5,3.055,0.655,2.4000000000000004
2,19,Cu,3.02,2.97,0.04999999999999982
2,19,Du,0.995,1.02,-0.025000000000000022
2,19,Tit For Tat,3.0,2.975,0.02499999999999991
2,19,spiteful,3.0,2.975,0.02499999999999991
2,19,soft_majo,3.02,2.97,0.04999999999999982
2,19,hard_majo,1.03,1.03,0.0
2,19,per_cd,2.98,0.555,2.425
2,19,per_ccd,3.42,1.245,2.175
2,19,per_ddc,2.315,0.69,1.625
2,19,mistrust,1.03,1.03,0.0
2,19,WSLS,3.0,2.975,0.02499999999999991
2,19,TFTT,3.02,2.97,0.04999999999999982
2,19,hard_tft,3.0,2.975,0.02499999999999991
2,19,slow_tft,3.02,2.97,0.04999999999999982
2,19,GrdTFT,3.0,2.975,0.02499999999999991
2,19,prober,2.995,2.97,0.02499999999999991
2,19,mem2,3.0,2.975,0.02499999999999991
2,19,grok:grok-3-mini,3.0,2.975,0.02499999999999991
2,19,Tideman & Chieruzzi,2.98,2.98,0.0
2,19,Nydegger,3.02,2.97,0.04999999999999982
2,19,Grofman,3.0,2.975,0.02499999999999991
2,19,Shubik,3.0,2.975,0.02499999999999991
2,19,Stein & Rapoport: 0.05,2.98,2.98,0.0
2,19,GRIM,3.0,2.975,0.02499999999999991
2,19,Davis: 10,3.0,2.975,0.02499999999999991
2,19,Graaskamp: 0.05,2.79,3.115,-0.3250000000000002
2,19,Downing,3.02,2.92,0.10000000000000009
2,19,"Feld: 1.0, 0.5, 200",1.415,1.49,-0.07499999999999996
2,19,Joss: 0.9,1.965,2.14,-0.17500000000000004
2,19,Tullock,1.265,1.24,0.02499999999999991
2,19,Anonymous,3.0,0.65,2.35
2,19,Random: 0.5,2.955,0.655,2.3
3,0,Cu,3.02,2.97,0.04999999999999982
3,0,Du,0.995,1.02,-0.025000000000000022
3,0,Tit For Tat,3.0,2.975,0.02499999999999991
3,0,spiteful,3.0,2.975,0.02499999999999991
3,0,soft_majo,3.02,2.97,0.04999999999999982
3,0,hard_majo,1.03,1.03,0.0
3,0,per_cd,2.98,0.555,2.425
3,0,per_ccd,3.42,1.245,2.175
3,0,per_ddc,2.315,0.69,1.625
3,0,mistrust,1.03,1.03,0.0
3,0,WSLS,3.0,2.975,0.02499999999999991
3,0,TFTT,3.02,2.97,0.04999999999999982
3,0,hard_tft,3.0,2.975,0.02499999999999991
3,0,slow_tft,3.02,2.97,0.04999999999999982
3,0,GrdTFT,3.0,2.975,0.02499999999999991
3,0,prober,2.995,2.97,0.02499999999999991
3,0,mem2,3.0,2.975,0.02499999999999991
3,0,grok:grok-3-mini,3.0,2.975,0.02499999999999991
3,0,Tideman & Chieruzzi,2.98,2.98,0.0
3,0,Nydegger,3.02,2.97,0.04999999999999982
3,0,Grofman,3.0,2.975,0.02499999999999991
3,0,Shubik,3.0,2.975,0.02499999999999991
3,0,Stein & Rapoport: 0.05,2.98,2.98,0.0
3,0,GRIM,3.0,2.975,0.02499999999999991
3,0,Davis: 10,3.0,2.975,0.02499999999999991
3,0,Graaskamp: 0.05,2.805,3.105,-0.2999999999999998
3,0,Downing,3.02,2.92,0.10000000000000009
3,0,"Feld: 1.0, 0.5, 200",1.765,1.89,-0.125
3,0,Joss: 0.9,1.075,1.1,-0.025000000000000133
3,0,Tullock,1.27,1.22,0.050000000000000044
3,0,Anonymous,2.92,0.67,2.25
3,0,Random: 0.5,2.76,0.66,2.0999999999999996
3,1,Cu,3.02,2.97,0.04999999999999982
3,1,Du,0.995,1.02,-0.025000000000000022
3,1,Tit For Tat,3.0,2.975,0.02499999999999991
3,1,spiteful,3.0,2.975,0.02499999999999991
3,1,soft_majo,3.02,2.97,0.04999999999999982
3,1,hard_majo,1.03,1.03,0.0
3,1,per_cd,2.98,0.555,2.425
3,1,per_ccd,3.42,1.245,2.175
3,1,per_ddc,2.315,0.69,1.625
3,1,mistrust,1.03,1.03,0.0
3,1,WSLS,3.0,2.975,0.02499999999999991
3,1,TFTT,3.02,2.97,0.04999999999999982
3,1,hard_tft,3.0,2.975,0.02499999999999991
3,1,slow_tft,3.02,2.97,0.04999999999999982
3,1,GrdTFT,3.0,2.975,0.02499999999999991
3,1,prober,2.995,2.97,0.02499999999999991
3,1,mem2,3.0,2.975,0.02499999999999991
3,1,grok:grok-3-mini,3.0,2.975,0.02499999999999991
3,1,Tideman & Chieruzzi,2.98,2.98,0.0
3,1,Nydegger,3.02,2.97,0.04999999999999982
3,1,Grofman,3.0,2.975,0.02499999999999991
3,1,Shubik,3.0,2.975,0.02499999999999991
3,1,Stein & Rapoport: 0.05,2.98,2.98,0.0
3,1,GRIM,3.0,2.975,0.02499999999999991
3,1,Davis: 10,3.0,2.975,0.02499999999999991
3,1,Graaskamp: 0.05,2.825,3.1,-0.2749999999999999
3,1,Downing,3.02,2.92,0.10000000000000009
3,1,"Feld: 1.0, 0.5, 200",1.445,1.645,-0.19999999999999996
3,1,Joss: 0.9,1.125,1.15,-0.02499999999999991
3,1,Tullock,2.625,2.825,-0.20000000000000018
3,1,Anonymous,3.04,0.715,2.325
3,1,Random: 0.5,2.96,0.685,2.275
3,2,Cu,3.02,2.97,0.04999999999999982
3,2,Du,0.995,1.02,-0.025000000000000022
3,2,Tit For Tat,3.0,2.975,0.02499999999999991
3,2,spiteful,3.0,2.975,0.02499999999999991
3,2,soft_majo,3.02,2.97,0.04999999999999982
3,2,hard_majo,1.03,1.03,0.0
3,2,per_cd,2.98,0.555,2.425
3,2,per_ccd,3.42,1.245,2.175
3,2,per_ddc,2.315,0.69,1.625
3,2,mistrust,1.03,1.03,0.0
3,2,WSLS,3.0,2.975,0.02499999999999991
3,2,TFTT,3.02,2.97,0.04999999999999982
3,2,hard_tft,3.0,2.975,0.02499999999999991
3,2,slow_tft,3.02,2.97,0.04999999999999982
3,2,GrdTFT,3.0,2.975,0.02499999999999991
3,2,prober,2.995,2.97,0.02499999999999991
3,2,mem2,3.0,2.975,0.02499999999999991
3,2,grok:grok-3-mini,3.0,2.975,0.02499999999999991
3,2,Tideman & Chieruzzi,2.98,2.98,0.0
3,2,Nydegger,3.02,2.97,0.04999999999999982
3,2,Grofman,3.02,2.97,0.04999999999999982
3,2,Shubik,3.0,2.975,0.02499999999999991
3,2,Stein & Rapoport: 0.05,2.98,2.98,0.0
3,2,GRIM,3.0,2.975,0.02499999999999991
3,2,Davis: 10,3.0,2.975,0.02499999999999991
3,2,Graaskamp: 0.05,2.81,3.11,-0.2999999999999998
3,2,Downing,3.02,2.92,0.10000000000000009
3,2,"Feld: 1.0, 0.5, 200",1.345,1.42,-0.07499999999999996
3,2,Joss: 0.9,1.05,1.05,0.0
3,2,Tullock,2.675,3.175,-0.5
3,2,Anonymous,3.06,0.91,2.15
3,2,Random: 0.5,2.8,0.65,2.15
3,3,Cu,3.02,2.97,0.04999999999999982
3,3,Du,0.995,1.02,-0.025000000000000022
3,3,Tit For Tat,3.0,2.975,0.02499999999999991
3,3,spiteful,3.0,2.975,0.02499999999999991
3,3,soft_majo,3.02,2.97,0.04999999999999982
3,3,hard_majo,1.03,1.03,0.0
3,3,per_cd,2.98,0.555,2.425
3,3,per_ccd,3.42,1.245,2.175
3,3,per_ddc,2.315,0.69,1.625
3,3,mistrust,1.03,1.03,0.0
3,3,WSLS,3.0,2.975,0.02499999999999991
3,3,TFTT,3.02,2.97,0.04999999999999982
3,3,hard_tft,3.0,2.975,0.02499999999999991
3,3,slow_tft,3.02,2.97,0.04999999999999982
3,3,GrdTFT,3.0,2.975,0.02499999999999991
3,3,prober,2.995,2.97,0.02499999999999991
3,3,mem2,3.0,2.975,0.02499999999999991
3,3,grok:grok-3-mini,3.0,2.975,0.02499999999999991
3,3,Tideman & Chieruzzi,2.98,2.98,0.0
3,3,Nydegger,3.02,2.97,0.04999999999999982
3,3,Grofman,3.0,2.975,0.02499999999999991
3,3,Shubik,3.0,2.975,0.02499999999999991
3,3,Stein & Rapoport: 0.05,2.98,2.98,0.0
3,3,GRIM,3.0,2.975,0.02499999999999991
3,3,Davis: 10,3.0,2.975,0.02499999999999991
3,3,Graaskamp: 0.05,2.81,3.11,-0.2999999999999998
3,3,Downing,3.02,2.92,0.10000000000000009
3,3,"Feld: 1.0, 0.5, 200",1.415,1.44,-0.02499999999999991
3,3,Joss: 0.9,2.045,2.32,-0.2749999999999999
3,3,Tullock,1.625,1.7,-0.07499999999999996
3,3,Anonymous,2.785,0.66,2.125
3,3,Random: 0.5,2.9,0.6,2.3
3,4,Cu,3.02,2.97,0.04999999999999982
3,4,Du,0.995,1.02,-0.025000000000000022
3,4,Tit For Tat,3.0,2.975,0.02499999999999991
3,4,spiteful,3.0,2.975,0.02499999999999991
3,4,soft_majo,3.02,2.97,0.04999999999999982
3,4,hard_majo,1.03,1.03,0.0
3,4,per_cd,2.98,0.555,2.425
3,4,per_ccd,3.42,1.245,2.175
3,4,per_ddc,2.315,0.69,1.625
3,4,mistrust,1.03,1.03,0.0
3,4,WSLS,3.0,2.975,0.02499999999999991
3,4,TFTT,3.02,2.97,0.04999999999999982
3,4,hard_tft,3.0,2.975,0.02499999999999991
3,4,slow_tft,3.02,2.97,0.04999999999999982
3,4,GrdTFT,3.0,2.975,0.02499999999999991
3,4,prober,2.995,2.97,0.02499999999999991
3,4,mem2,3.0,2.975,0.02499999999999991
3,4,grok:grok-3-mini,3.0,2.975,0.02499999999999991
3,4,Tideman & Chieruzzi,2.98,2.98,0.0
3,4,Nydegger,3.02,2.97,0.04999999999999982
3,4,Grofman,3.0,2.975,0.02499999999999991
3,4,Shubik,3.0,2.975,0.02499999999999991
3,4,Stein & Rapoport: 0.05,2.98,2.98,0.0
3,4,GRIM,3.0,2.975,0.02499999999999991
3,4,Davis: 10,3.0,2.975,0.02499999999999991
3,4,Graaskamp: 0.05,2.795,3.12,-0.3250000000000002
3,4,Downing,3.02,2.92,0.10000000000000009
3,4,"Feld: 1.0, 0.5, 200",1.49,1.615,-0.125
3,4,Joss: 0.9,1.145,1.22,-0.07499999999999996
3,4,Tullock,2.695,2.92,-0.2250000000000001
3,4,Anonymous,2.985,0.66,2.3249999999999997
3,4,Random: 0.5,2.745,0.695,2.0500000000000003
3,5,Cu,3.02,2.97,0.04999999999999982
3,5,Du,0.995,1.02,-0.025000000000000022
3,5,Tit For Tat,3.0,2.975,0.02499999999999991
3,5,spiteful,3.0,2.975,0.02499999999999991
3,5,soft_majo,3.02,2.97,0.04999999999999982
3,5,hard_majo,1.03,1.03,0.0
3,5,per_cd,2.98,0.555,2.425
3,5,per_ccd,3.42,1.245,2.175
3,5,per_ddc,2.315,0.69,1.625
3,5,mistrust,1.03,1.03,0.0
3,5,WSLS,3.0,2.975,0.02499999999999991
3,5,TFTT,3.02,2.97,0.04999999999999982
3,5,hard_tft,3.0,2.975,0.02499999999999991
3,5,slow_tft,3.02,2.97,0.04999999999999982
3,5,GrdTFT,3.0,2.975,0.02499999999999991
3,5,prober,2.995,2.97,0.02499999999999991
3,5,mem2,3.0,2.975,0.02499999999999991
3,5,grok:grok-3-mini,3.0,2.975,0.02499999999999991
3,5,Tideman & Chieruzzi,2.98,2.98,0.0
3,5,Nydegger,3.02,2.97,0.04999999999999982
3,5,Grofman,3.0,2.975,0.02499999999999991
3,5,Shubik,3.0,2.975,0.02499999999999991
3,5,Stein & Rapoport: 0.05,2.98,2.98,0.0
3,5,GRIM,3.0,2.975,0.02499999999999991
3,5,Davis: 10,3.0,2.975,0.02499999999999991
3,5,Graaskamp: 0.05,2.825,3.1,-0.2749999999999999
3,5,Downing,3.02,2.92,0.10000000000000009
3,5,"Feld: 1.0, 0.5, 200",1.74,1.89,-0.1499999999999999
3,5,Joss: 0.9,2.805,3.105,-0.2999999999999998
3,5,Tullock,1.205,1.18,0.025000000000000133
3,5,Anonymous,3.07,0.77,2.3
3,5,Random: 0.5,2.975,0.9,2.075
3,6,Cu,3.02,2.97,0.04999999999999982
3,6,Du,0.995,1.02,-0.025000000000000022
3,6,Tit For Tat,3.0,2.975,0.02499999999999991
3,6,spiteful,3.0,2.975,0.02499999999999991
3,6,soft_majo,3.02,2.97,0.04999999999999982
3,6,hard_majo,1.03,1.03,0.0
3,6,per_cd,2.98,0.555,2.425
3,6,per_ccd,3.42,1.245,2.175
3,6,per_ddc,2.315,0.69,1.625
3,6,mistrust,1.03,1.03,0.0
3,6,WSLS,3.0,2.975,0.02499999999999991
3,6,TFTT,3.02,2.97,0.04999999999999982
3,6,hard_tft,3.0,2.975,0.02499999999999991
3,6,slow_tft,3.02,2.97,0.04999999999999982
3,6,GrdTFT,3.0,2.975,0.02499999999999991
3,6,prober,2.995,2.97,0.02499999999999991
3,6,mem2,3.0,2.975,0.02499999999999991
3,6,grok:grok-3-mini,3.0,2.975,0.02499999999999991
3,6,Tideman & Chieruzzi,2.98,2.98,0.0
3,6,Nydegger,3.02,2.97,0.04999999999999982
3,6,Grofman,3.0,2.975,0.02499999999999991
3,6,Shubik,3.0,2.975,0.02499999999999991
3,6,Stein & Rapoport: 0.05,2.98,2.98,0.0
3,6,GRIM,3.0,2.975,0.02499999999999991
3,6,Davis: 10,3.0,2.975,0.02499999999999991
3,6,Graaskamp: 0.05,2.79,3.115,-0.3250000000000002
3,6,Downing,3.02,2.92,0.10000000000000009
3,6,"Feld: 1.0, 0.5, 200",1.63,1.83,-0.20000000000000018
3,6,Joss: 0.9,1.905,2.13,-0.22499999999999987
3,6,Tullock,1.515,1.565,-0.050000000000000044
3,6,Anonymous,2.98,0.58,2.4
3,6,Random: 0.5,2.9,0.8,2.0999999999999996
3,7,Cu,3.02,2.97,0.04999999999999982
3,7,Du,0.995,1.02,-0.025000000000000022
3,7,Tit For Tat,3.0,2.975,0.02499999999999991
3,7,spiteful,3.0,2.975,0.02499999999999991
3,7,soft_majo,3.02,2.97,0.04999999999999982
3,7,hard_majo,1.03,1.03,0.0
3,7,per_cd,2.98,0.555,2.425
3,7,per_ccd,3.42,1.245,2.175
3,7,per_ddc,2.315,0.69,1.625
3,7,mistrust,1.03,1.03,0.0
3,7,WSLS,3.0,2.975,0.02499999999999991
3,7,TFTT,3.02,2.97,0.04999999999999982
3,7,hard_tft,3.0,2.975,0.02499999999999991
3,7,slow_tft,3.02,2.97,0.04999999999999982
3,7,GrdTFT,3.0,2.975,0.02499999999999991
3,7,prober,2.995,2.97,0.02499999999999991
3,7,mem2,3.0,2.975,0.02499999999999991
3,7,grok:grok-3-mini,3.0,2.975,0.02499999999999991
3,7,Tideman & Chieruzzi,2.98,2.98,0.0
3,7,Nydegger,3.02,2.97,0.04999999999999982
3,7,Grofman,3.0,2.975,0.02499999999999991
3,7,Shubik,3.0,2.975,0.02499999999999991
3,7,Stein & Rapoport: 0.05,2.98,2.98,0.0
3,7,GRIM,3.0,2.975,0.02499999999999991
3,7,Davis: 10,3.0,2.975,0.02499999999999991
3,7,Graaskamp: 0.05,2.79,3.115,-0.3250000000000002
3,7,Downing,3.02,2.92,0.10000000000000009
3,7,"Feld: 1.0, 0.5, 200",1.63,1.805,-0.17500000000000004
3,7,Joss: 0.9,1.28,1.33,-0.050000000000000044
3,7,Tullock,1.195,1.145,0.050000000000000044
3,7,Anonymous,3.09,0.715,2.375
3,7,Random: 0.5,3.02,0.645,2.375
3,8,Cu,3.02,2.97,0.04999999999999982
3,8,Du,0.995,1.02,-0.025000000000000022
3,8,Tit For Tat,3.0,2.975,0.02499999999999991
3,8,spiteful,3.0,2.975,0.02499999999999991
3,8,soft_majo,3.02,2.97,0.04999999999999982
3,8,hard_majo,1.03,1.03,0.0
3,8,per_cd,2.98,0.555,2.425
3,8,per_ccd,3.42,1.245,2.175
3,8,per_ddc,2.315,0.69,1.625
3,8,mistrust,1.03,1.03,0.0
3,8,WSLS,3.0,2.975,0.02499999999999991
3,8,TFTT,3.02,2.97,0.04999999999999982
3,8,hard_tft,3.0,2.975,0.02499999999999991
3,8,slow_tft,3.02,2.97,0.04999999999999982
3,8,GrdTFT,3.0,2.975,0.02499999999999991
3,8,prober,2.995,2.97,0.02499999999999991
3,8,mem2,3.0,2.975,0.02499999999999991
3,8,grok:grok-3-mini,3.0,2.975,0.02499999999999991
3,8,Tideman & Chieruzzi,2.98,2.98,0.0
3,8,Nydegger,3.02,2.97,0.04999999999999982
3,8,Grofman,3.02,2.97,0.04999999999999982
3,8,Shubik,3.0,2.975,0.02499999999999991
3,8,Stein & Rapoport: 0.05,2.98,2.98,0.0
3,8,GRIM,3.0,2.975,0.02499999999999991
3,8,Davis: 10,3.0,2.975,0.02499999999999991
3,8,Graaskamp: 0.05,2.795,3.12,-0.3250000000000002
3,8,Downing,3.02,2.92,0.10000000000000009
3,8,"Feld: 1.0, 0.5, 200",1.695,1.77,-0.07499999999999996
3,8,Joss: 0.9,1.04,1.04,0.0
3,8,Tullock,2.195,2.32,-0.125
3,8,Anonymous,2.755,0.655,2.0999999999999996
3,8,Random: 0.5,2.875,0.625,2.25
3,9,Cu,3.02,2.97,0.04999999999999982
3,9,Du,0.995,1.02,-0.025000000000000022
3,9,Tit For Tat,3.0,2.975,0.02499999999999991
3,9,spiteful,3.0,2.975,0.02499999999999991
3,9,soft_majo,3.02,2.97,0.04999999999999982
3,9,hard_majo,1.03,1.03,0.0
3,9,per_cd,2.98,0.555,2.425
3,9,per_ccd,3.42,1.245,2.175
3,9,per_ddc,2.315,0.69,1.625
3,9,mistrust,1.03,1.03,0.0
3,9,WSLS,3.0,2.975,0.02499999999999991
3,9,TFTT,3.02,2.97,0.04999999999999982
3,9,hard_tft,3.0,2.975,0.02499999999999991
3,9,slow_tft,3.02,2.97,0.04999999999999982
3,9,GrdTFT,3.0,2.975,0.02499999999999991
3,9,prober,2.995,2.97,0.02499999999999991
3,9,mem2,3.0,2.975,0.02499999999999991
3,9,grok:grok-3-mini,3.0,2.975,0.02499999999999991
3,9,Tideman & Chieruzzi,2.98,2.98,0.0
3,9,Nydegger,3.02,2.97,0.04999999999999982
3,9,Grofman,3.0,2.975,0.02499999999999991
3,9,Shubik,3.0,2.975,0.02499999999999991
3,9,Stein & Rapoport: 0.05,2.98,2.98,0.0
3,9,GRIM,3.0,2.975,0.02499999999999991
3,9,Davis: 10,3.0,2.975,0.02499999999999991
3,9,Graaskamp: 0.05,2.825,3.1,-0.2749999999999999
3,9,Downing,3.02,2.92,0.10000000000000009
3,9,"Feld: 1.0, 0.5, 200",1.255,1.28,-0.025000000000000133
3,9,Joss: 0.9,1.465,1.59,-0.125
3,9,Tullock,2.755,2.98,-0.2250000000000001
3,9,Anonymous,3.145,0.995,2.15
3,9,Random: 0.5,2.795,0.72,2.075
3,10,Cu,3.02,2.97,0.04999999999999982
3,10,Du,0.995,1.02,-0.025000000000000022
3,10,Tit For Tat,3.0,2.975,0.02499999999999991
3,10,spiteful,3.0,2.975,0.02499999999999991
3,10,soft_majo,3.02,2.97,0.04999999999999982
3,10,hard_majo,1.03,1.03,0.0
3,10,per_cd,2.98,0.555,2.425
3,10,per_ccd,3.42,1.245,2.175
3,10,per_ddc,2.315,0.69,1.625
3,10,mistrust,1.03,1.03,0.0
3,10,WSLS,3.0,2.975,0.02499999999999991
3,10,TFTT,3.02,2.97,0.04999999999999982
3,10,hard_tft,3.0,2.975,0.02499999999999991
3,10,slow_tft,3.02,2.97,0.04999999999999982
3,10,GrdTFT,3.0,2.975,0.02499999999999991
3,10,prober,2.995,2.97,0.02499999999999991
3,10,mem2,3.0,2.975,0.02499999999999991
3,10,grok:grok-3-mini,3.0,2.975,0.02499999999999991
3,10,Tideman & Chieruzzi,2.98,2.98,0.0
3,10,Nydegger,3.02,2.97,0.04999999999999982
3,10,Grofman,3.02,2.97,0.04999999999999982
3,10,Shubik,3.0,2.975,0.02499999999999991
3,10,Stein & Rapoport: 0.05,2.98,2.98,0.0
3,10,GRIM,3.0,2.975,0.02499999999999991
3,10,Davis: 10,3.0,2.975,0.02499999999999991
3,10,Graaskamp: 0.05,2.81,3.11,-0.2999999999999998
3,10,Downing,3.02,2.92,0.10000000000000009
3,10,"Feld: 1.0, 0.5, 200",1.645,1.82,-0.17500000000000004
3,10,Joss: 0.9,1.05,1.05,0.0
3,10,Tullock,1.315,1.315,0.0
3,10,Anonymous,2.915,0.54,2.375
3,10,Random: 0.5,2.975,0.7,2.2750000000000004
3,11,Cu,3.02,2.97,0.04999999999999982
3,11,Du,0.995,1.02,-0.025000000000000022
3,11,Tit For Tat,3.0,2.975,0.02499999999999991
3,11,spiteful,3.0,2.975,0.02499999999999991
3,11,soft_majo,3.02,2.97,0.04999999999999982
3,11,hard_majo,1.03,1.03,0.0
3,11,per_cd,2.98,0.555,2.425
3,11,per_ccd,3.42,1.245,2.175
3,11,per_ddc,2.315,0.69,1.625
3,11,mistrust,1.03,1.03,0.0
3,11,WSLS,3.0,2.975,0.02499999999999991
3,11,TFTT,3.02,2.97,0.04999999999999982
3,11,hard_tft,3.0,2.975,0.02499999999999991
3,11,slow_tft,3.02,2.97,0.04999999999999982
3,11,GrdTFT,3.0,2.975,0.02499999999999991
3,11,prober,2.995,2.97,0.02499999999999991
3,11,mem2,3.0,2.975,0.02499999999999991
3,11,grok:grok-3-mini,3.0,2.975,0.02499999999999991
3,11,Tideman & Chieruzzi,2.98,2.98,0.0
3,11,Nydegger,3.02,2.97,0.04999999999999982
3,11,Grofman,3.0,2.975,0.02499999999999991
3,11,Shubik,3.0,2.975,0.02499999999999991
3,11,Stein & Rapoport: 0.05,2.98,2.98,0.0
3,11,GRIM,3.0,2.975,0.02499999999999991
3,11,Davis: 10,3.0,2.975,0.02499999999999991
3,11,Graaskamp: 0.05,2.825,3.1,-0.2749999999999999
3,11,Downing,3.02,2.92,0.10000000000000009
3,11,"Feld: 1.0, 0.5, 200",1.695,1.82,-0.125
3,11,Joss: 0.9,1.04,1.04,0.0
3,11,Tullock,2.645,2.97,-0.3250000000000002
3,11,Anonymous,2.775,0.675,2.0999999999999996
3,11,Random: 0.5,2.945,0.745,2.1999999999999997
3,12,Cu,3.02,2.97,0.04999999999999982
3,12,Du,0.995,1.02,-0.025000000000000022
3,12,Tit For Tat,3.0,2.975,0.02499999999999991
3,12,spiteful,3.0,2.975,0.02499999999999991
3,12,soft_majo,3.02,2.97,0.04999999999999982
3,12,hard_majo,1.03,1.03,0.0
3,12,per_cd,2.98,0.555,2.425
3,12,per_ccd,3.42,1.245,2.175
3,12,per_ddc,2.315,0.69,1.625
3,12,mistrust,1.03,1.03,0.0
3,12,WSLS,3.0,2.975,0.02499999999999991
3,12,TFTT,3.02,2.97,0.04999999999999982
3,12,hard_tft,3.0,2.975,0.02499999999999991
3,12,slow_tft,3.02,2.97,0.04999999999999982
3,12,GrdTFT,3.0,2.975,0.02499999999999991
3,12,prober,2.995,2.97,0.02499999999999991
3,12,mem2,3.0,2.975,0.02499999999999991
3,12,grok:grok-3-mini,3.0,2.975,0.02499999999999991
3,12,Tideman & Chieruzzi,2.98,2.98,0.0
3,12,Nydegger,3.02,2.97,0.04999999999999982
3,12,Grofman,3.0,2.975,0.02499999999999991
3,12,Shubik,3.0,2.975,0.02499999999999991
3,12,Stein & Rapoport: 0.05,2.98,2.98,0.0
3,12,GRIM,3.0,2.975,0.02499999999999991
3,12,Davis: 10,3.0,2.975,0.02499999999999991
3,12,Graaskamp: 0.05,2.775,3.125,-0.3500000000000001
3,12,Downing,3.02,2.92,0.10000000000000009
3,12,"Feld: 1.0, 0.5, 200",1.53,1.63,-0.09999999999999987
3,12,Joss: 0.9,1.395,1.47,-0.07499999999999996
3,12,Tullock,1.565,1.54,0.02499999999999991
3,12,Anonymous,2.855,0.555,2.3
3,12,Random: 0.5,2.905,0.83,2.0749999999999997
3,13,Cu,3.02,2.97,0.04999999999999982
3,13,Du,0.995,1.02,-0.025000000000000022
3,13,Tit For Tat,3.0,2.975,0.02499999999999991
3,13,spiteful,3.0,2.975,0.02499999999999991
3,13,soft_majo,3.02,2.97,0.04999999999999982
3,13,hard_majo,1.03,1.03,0.0
3,13,per_cd,2.98,0.555,2.425
3,13,per_ccd,3.42,1.245,2.175
3,13,per_ddc,2.315,0.69,1.625
3,13,mistrust,1.03,1.03,0.0
3,13,WSLS,3.0,2.975,0.02499999999999991
3,13,TFTT,3.02,2.97,0.04999999999999982
3,13,hard_tft,3.0,2.975,0.02499999999999991
3,13,slow_tft,3.02,2.97,0.04999999999999982
3,13,GrdTFT,3.0,2.975,0.02499999999999991
3,13,prober,2.995,2.97,0.02499999999999991
3,13,mem2,3.0,2.975,0.02499999999999991
3,13,grok:grok-3-mini,3.0,2.975,0.02499999999999991
3,13,Tideman & Chieruzzi,2.98,2.98,0.0
3,13,Nydegger,3.02,2.97,0.04999999999999982
3,13,Grofman,3.0,2.975,0.02499999999999991
3,13,Shubik,3.0,2.975,0.02499999999999991
3,13,Stein & Rapoport: 0.05,2.98,2.98,0.0
3,13,GRIM,3.0,2.975,0.02499999999999991
3,13,Davis: 10,3.0,2.975,0.02499999999999991
3,13,Graaskamp: 0.05,2.81,3.11,-0.2999999999999998
3,13,Downing,3.02,2.92,0.10000000000000009
3,13,"Feld: 1.0, 0.5, 200",1.49,1.64,-0.1499999999999999
3,13,Joss: 0.9,1.335,1.41,-0.07499999999999996
3,13,Tullock,2.82,3.095,-0.27500000000000036
3,13,Anonymous,2.785,0.885,1.9000000000000001
3,13,Random: 0.5,2.755,0.68,2.0749999999999997
3,14,Cu,3.02,2.97,0.04999999999999982
3,14,Du,0.995,1.02,-0.025000000000000022
3,14,Tit For Tat,3.0,2.975,0.02499999999999991
3,14,spiteful,3.0,2.975,0.02499999999999991
3,14,soft_majo,3.02,2.97,0.04999999999999982
3,14,hard_majo,1.03,1.03,0.0
3,14,per_cd,2.98,0.555,2.425
3,14,per_ccd,3.42,1.245,2.175
3,14,per_ddc,2.315,0.69,1.625
3,14,mistrust,1.03,1.03,0.0
3,14,WSLS,3.0,2.975,0.02499999999999991
3,14,TFTT,3.02,2.97,0.04999999999999982
3,14,hard_tft,3.0,2.975,0.02499999999999991
3,14,slow_tft,3.02,2.97,0.04999999999999982
3,14,GrdTFT,3.0,2.975,0.02499999999999991
3,14,prober,2.995,2.97,0.02499999999999991
3,14,mem2,3.0,2.975,0.02499999999999991
3,14,grok:grok-3-mini,3.0,2.975,0.02499999999999991
3,14,Tideman & Chieruzzi,2.98,2.98,0.0
3,14,Nydegger,3.02,2.97,0.04999999999999982
3,14,Grofman,3.0,2.975,0.02499999999999991
3,14,Shubik,3.0,2.975,0.02499999999999991
3,14,Stein & Rapoport: 0.05,2.98,2.98,0.0
3,14,GRIM,3.0,2.975,0.02499999999999991
3,14,Davis: 10,3.0,2.975,0.02499999999999991
3,14,Graaskamp: 0.05,2.81,3.11,-0.2999999999999998
3,14,Downing,3.02,2.92,0.10000000000000009
3,14,"Feld: 1.0, 0.5, 200",1.845,2.095,-0.2500000000000002
3,14,Joss: 0.9,1.225,1.25,-0.02499999999999991
3,14,Tullock,1.44,1.39,0.050000000000000044
3,14,Anonymous,2.795,0.745,2.05
3,14,Random: 0.5,2.73,0.88,1.85
3,15,Cu,3.02,2.97,0.04999999999999982
3,15,Du,0.995,1.02,-0.025000000000000022
3,15,Tit For Tat,3.0,2.975,0.02499999999999991
3,15,spiteful,3.0,2.975,0.02499999999999991
3,15,soft_majo,3.02,2.97,0.04999999999999982
3,15,hard_majo,1.03,1.03,0.0
3,15,per_cd,2.98,0.555,2.425
3,15,per_ccd,3.42,1.245,2.175
3,15,per_ddc,2.315,0.69,1.625
3,15,mistrust,1.03,1.03,0.0
3,15,WSLS,3.0,2.975,0.02499999999999991
3,15,TFTT,3.02,2.97,0.04999999999999982
3,15,hard_tft,3.0,2.975,0.02499999999999991
3,15,slow_tft,3.02,2.97,0.04999999999999982
3,15,GrdTFT,3.0,2.975,0.02499999999999991
3,15,prober,2.995,2.97,0.02499999999999991
3,15,mem2,3.0,2.975,0.02499999999999991
3,15,grok:grok-3-mini,3.0,2.975,0.02499999999999991
3,15,Tideman & Chieruzzi,2.98,2.98,0.0
3,15,Nydegger,3.02,2.97,0.04999999999999982
3,15,Grofman,3.0,2.975,0.02499999999999991
3,15,Shubik,3.0,2.975,0.02499999999999991
3,15,Stein & Rapoport: 0.05,2.98,2.98,0.0
3,15,GRIM,3.0,2.975,0.02499999999999991
3,15,Davis: 10,3.0,2.975,0.02499999999999991
3,15,Graaskamp: 0.05,2.805,3.105,-0.2999999999999998
3,15,Downing,3.02,2.92,0.10000000000000009
3,15,"Feld: 1.0, 0.5, 200",1.525,1.675,-0.15000000000000013
3,15,Joss: 0.9,1.05,1.05,0.0
3,15,Tullock,1.565,1.615,-0.050000000000000044
3,15,Anonymous,2.975,1.075,1.9000000000000001
3,15,Random: 0.5,2.84,0.665,2.175
3,16,Cu,3.02,2.97,0.04999999999999982
3,16,Du,0.995,1.02,-0.025000000000000022
3,16,Tit For Tat,3.0,2.975,0.02499999999999991
3,16,spiteful,3.0,2.975,0.02499999999999991
3,16,soft_majo,3.02,2.97,0.04999999999999982
3,16,hard_majo,1.03,1.03,0.0
3,16,per_cd,2.98,0.555,2.425
3,16,per_ccd,3.42,1.245,2.175
3,16,per_ddc,2.315,0.69,1.625
3,16,mistrust,1.03,1.03,0.0
3,16,WSLS,3.0,2.975,0.02499999999999991
3,16,TFTT,3.02,2.97,0.04999999999999982
3,16,hard_tft,3.0,2.975,0.02499999999999991
3,16,slow_tft,3.02,2.97,0.04999999999999982
3,16,GrdTFT,3.0,2.975,0.02499999999999991
3,16,prober,2.995,2.97,0.02499999999999991
3,16,mem2,3.0,2.975,0.02499999999999991
3,16,grok:grok-3-mini,3.0,2.975,0.02499999999999991
3,16,Tideman & Chieruzzi,2.98,2.98,0.0
3,16,Nydegger,3.02,2.97,0.04999999999999982
3,16,Grofman,3.02,2.97,0.04999999999999982
3,16,Shubik,3.0,2.975,0.02499999999999991
3,16,Stein & Rapoport: 0.05,2.98,2.98,0.0
3,16,GRIM,3.0,2.975,0.02499999999999991
3,16,Davis: 10,3.0,2.975,0.02499999999999991
3,16,Graaskamp: 0.05,2.78,3.13,-0.3500000000000001
3,16,Downing,3.02,2.92,0.10000000000000009
3,16,"Feld: 1.0, 0.5, 200",1.655,1.73,-0.07499999999999996
3,16,Joss: 0.9,1.445,1.52,-0.07499999999999996
3,16,Tullock,2.855,3.08,-0.2250000000000001
3,16,Anonymous,2.9,0.675,2.2249999999999996
3,16,Random: 0.5,3.0,0.7,2.3
3,17,Cu,3.02,2.97,0.04999999999999982
3,17,Du,0.995,1.02,-0.025000000000000022
3,17,Tit For Tat,3.0,2.975,0.02499999999999991
3,17,spiteful,3.0,2.975,0.02499999999999991
3,17,soft_majo,3.02,2.97,0.04999999999999982
3,17,hard_majo,1.03,1.03,0.0
3,17,per_cd,2.98,0.555,2.425
3,17,per_ccd,3.42,1.245,2.175
3,17,per_ddc,2.315,0.69,1.625
3,17,mistrust,1.03,1.03,0.0
3,17,WSLS,3.0,2.975,0.02499999999999991
3,17,TFTT,3.02,2.97,0.04999999999999982
3,17,hard_tft,3.0,2.975,0.02499999999999991
3,17,slow_tft,3.02,2.97,0.04999999999999982
3,17,GrdTFT,3.0,2.975,0.02499999999999991
3,17,prober,2.995,2.97,0.02499999999999991
3,17,mem2,3.0,2.975,0.02499999999999991
3,17,grok:grok-3-mini,3.0,2.975,0.02499999999999991
3,17,Tideman & Chieruzzi,2.98,2.98,0.0
3,17,Nydegger,3.02,2.97,0.04999999999999982
3,17,Grofman,3.0,2.975,0.02499999999999991
3,17,Shubik,3.0,2.975,0.02499999999999991
3,17,Stein & Rapoport: 0.05,2.98,2.98,0.0
3,17,GRIM,3.0,2.975,0.02499999999999991
3,17,Davis: 10,3.0,2.975,0.02499999999999991
3,17,Graaskamp: 0.05,2.795,3.12,-0.3250000000000002
3,17,Downing,3.02,2.92,0.10000000000000009
3,17,"Feld: 1.0, 0.5, 200",1.79,1.94,-0.1499999999999999
3,17,Joss: 0.9,1.205,1.28,-0.07499999999999996
3,17,Tullock,1.3,1.3,0.0
3,17,Anonymous,3.01,0.76,2.25
3,17,Random: 0.5,3.0,0.875,2.125
3,18,Cu,3.02,2.97,0.04999999999999982
3,18,Du,0.995,1.02,-0.025000000000000022
3,18,Tit For Tat,3.0,2.975,0.02499999999999991
3,18,spiteful,3.0,2.975,0.02499999999999991
3,18,soft_majo,3.02,2.97,0.04999999999999982
3,18,hard_majo,1.03,1.03,0.0
3,18,per_cd,2.98,0.555,2.425
3,18,per_ccd,3.42,1.245,2.175
3,18,per_ddc,2.315,0.69,1.625
3,18,mistrust,1.03,1.03,0.0
3,18,WSLS,3.0,2.975,0.02499999999999991
3,18,TFTT,3.02,2.97,0.04999999999999982
3,18,hard_tft,3.0,2.975,0.02499999999999991
3,18,slow_tft,3.02,2.97,0.04999999999999982
3,18,GrdTFT,3.0,2.975,0.02499999999999991
3,18,prober,2.995,2.97,0.02499999999999991
3,18,mem2,3.0,2.975,0.02499999999999991
3,18,grok:grok-3-mini,3.0,2.975,0.02499999999999991
3,18,Tideman & Chieruzzi,2.98,2.98,0.0
3,18,Nydegger,3.02,2.97,0.04999999999999982
3,18,Grofman,3.0,2.975,0.02499999999999991
3,18,Shubik,3.0,2.975,0.02499999999999991
3,18,Stein & Rapoport: 0.05,2.98,2.98,0.0
3,18,GRIM,3.0,2.975,0.02499999999999991
3,18,Davis: 10,3.0,2.975,0.02499999999999991
3,18,Graaskamp: 0.05,2.795,3.12,-0.3250000000000002
3,18,Downing,3.02,2.92,0.10000000000000009
3,18,"Feld: 1.0, 0.5, 200",1.88,2.03,-0.1499999999999999
3,18,Joss: 0.9,2.255,2.43,-0.17500000000000027
3,18,Tullock,1.38,1.33,0.04999999999999982
3,18,Anonymous,2.85,0.85,2.0
3,18,Random: 0.5,2.86,0.66,2.1999999999999997
3,19,Cu,3.02,2.97,0.04999999999999982
3,19,Du,0.995,1.02,-0.025000000000000022
3,19,Tit For Tat,3.0,2.975,0.02499999999999991
3,19,spiteful,3.0,2.975,0.02499999999999991
3,19,soft_majo,3.02,2.97,0.04999999999999982
3,19,hard_majo,1.03,1.03,0.0
3,19,per_cd,2.98,0.555,2.425
3,19,per_ccd,3.42,1.245,2.175
3,19,per_ddc,2.315,0.69,1.625
3,19,mistrust,1.03,1.03,0.0
3,19,WSLS,3.0,2.975,0.02499999999999991
3,19,TFTT,3.02,2.97,0.04999999999999982
3,19,hard_tft,3.0,2.975,0.02499999999999991
3,19,slow_tft,3.02,2.97,0.04999999999999982
3,19,GrdTFT,3.0,2.975,0.02499999999999991
3,19,prober,2.995,2.97,0.02499999999999991
3,19,mem2,3.0,2.975,0.02499999999999991
3,19,grok:grok-3-mini,3.0,2.975,0.02499999999999991
3,19,Tideman & Chieruzzi,2.98,2.98,0.0
3,19,Nydegger,3.02,2.97,0.04999999999999982
3,19,Grofman,3.02,2.97,0.04999999999999982
3,19,Shubik,3.0,2.975,0.02499999999999991
3,19,Stein & Rapoport: 0.05,2.98,2.98,0.0
3,19,GRIM,3.0,2.975,0.02499999999999991
3,19,Davis: 10,3.0,2.975,0.02499999999999991
3,19,Graaskamp: 0.05,2.82,3.095,-0.27500000000000036
3,19,Downing,3.02,2.92,0.10000000000000009
3,19,"Feld: 1.0, 0.5, 200",1.39,1.49,-0.10000000000000009
3,19,Joss: 0.9,2.56,2.96,-0.3999999999999999
3,19,Tullock,2.18,2.38,-0.19999999999999973
3,19,Anonymous,2.825,0.75,2.075
3,19,Random: 0.5,2.95,0.55,2.4000000000000004
4,0,Cu,3.02,2.97,0.04999999999999982
4,0,Du,0.995,1.02,-0.025000000000000022
4,0,Tit For Tat,3.0,2.975,0.02499999999999991
4,0,spiteful,3.0,2.975,0.02499999999999991
4,0,soft_majo,3.02,2.97,0.04999999999999982
4,0,hard_majo,1.03,1.03,0.0
4,0,per_cd,2.98,0.555,2.425
4,0,per_ccd,3.42,1.245,2.175
4,0,per_ddc,2.315,0.69,1.625
4,0,mistrust,1.03,1.03,0.0
4,0,WSLS,3.0,2.975,0.02499999999999991
4,0,TFTT,3.02,2.97,0.04999999999999982
4,0,hard_tft,3.0,2.975,0.02499999999999991
4,0,slow_tft,3.02,2.97,0.04999999999999982
4,0,GrdTFT,3.0,2.975,0.02499999999999991
4,0,prober,2.995,2.97,0.02499999999999991
4,0,mem2,3.0,2.975,0.02499999999999991
4,0,grok:grok-3-mini,3.0,2.975,0.02499999999999991
4,0,Tideman & Chieruzzi,2.98,2.98,0.0
4,0,Nydegger,3.02,2.97,0.04999999999999982
4,0,Grofman,3.0,2.975,0.02499999999999991
4,0,Shubik,3.0,2.975,0.02499999999999991
4,0,Stein & Rapoport: 0.05,2.98,2.98,0.0
4,0,GRIM,3.0,2.975,0.02499999999999991
4,0,Davis: 10,3.0,2.975,0.02499999999999991
4,0,Graaskamp: 0.05,2.825,3.1,-0.2749999999999999
4,0,Downing,3.02,2.92,0.10000000000000009
4,0,"Feld: 1.0, 0.5, 200",1.375,1.4,-0.02499999999999991
4,0,Joss: 0.9,1.97,2.12,-0.15000000000000013
4,0,Tullock,1.265,1.265,0.0
4,0,Anonymous,2.815,1.015,1.8
4,0,Random: 0.5,3.015,0.94,2.075
4,1,Cu,3.02,2.97,0.04999999999999982
4,1,Du,0.995,1.02,-0.025000000000000022
4,1,Tit For Tat,3.0,2.975,0.02499999999999991
4,1,spiteful,3.0,2.975,0.02499999999999991
4,1,soft_majo,3.02,2.97,0.04999999999999982
4,1,hard_majo,1.03,1.03,0.0
4,1,per_cd,2.98,0.555,2.425
4,1,per_ccd,3.42,1.245,2.175
4,1,per_ddc,2.315,0.69,1.625
4,1,mistrust,1.03,1.03,0.0
4,1,WSLS,3.0,2.975,0.02499999999999991
4,1,TFTT,3.02,2.97,0.04999999999999982
4,1,hard_tft,3.0,2.975,0.02499999999999991
4,1,slow_tft,3.02,2.97,0.04999999999999982
4,1,GrdTFT,3.0,2.975,0.02499999999999991
4,1,prober,2.995,2.97,0.02499999999999991
4,1,mem2,3.0,2.975,0.02499999999999991
4,1,grok:grok-3-mini,3.0,2.975,0.02499999999999991
4,1,Tideman & Chieruzzi,2.98,2.98,0.0
4,1,Nydegger,3.02,2.97,0.04999999999999982
4,1,Grofman,3.02,2.97,0.04999999999999982
4,1,Shubik,3.0,2.975,0.02499999999999991
4,1,Stein & Rapoport: 0.05,2.98,2.98,0.0
4,1,GRIM,3.0,2.975,0.02499999999999991
4,1,Davis: 10,3.0,2.975,0.02499999999999991
4,1,Graaskamp: 0.05,2.76,3.135,-0.375
4,1,Downing,3.02,2.92,0.10000000000000009
4,1,"Feld: 1.0, 0.5, 200",1.64,1.79,-0.15000000000000013
4,1,Joss: 0.9,1.41,1.51,-0.10000000000000009
4,1,Tullock,1.54,1.54,0.0
4,1,Anonymous,3.04,0.865,2.175
4,1,Random: 0.5,2.885,0.71,2.175
4,2,Cu,3.02,2.97,0.04999999999999982
4,2,Du,0.995,1.02,-0.025000000000000022
4,2,Tit For Tat,3.0,2.975,0.02499999999999991
4,2,spiteful,3.0,2.975,0.02499999999999991
4,2,soft_majo,3.02,2.97,0.04999999999999982
4,2,hard_majo,1.03,1.03,0.0
4,2,per_cd,2.98,0.555,2.425
4,2,per_ccd,3.42,1.245,2.175
4,2,per_ddc,2.315,0.69,1.625
4,2,mistrust,1.03,1.03,0.0
4,2,WSLS,3.0,2.975,0.02499999999999991
4,2,TFTT,3.02,2.97,0.04999999999999982
4,2,hard_tft,3.0,2.975,0.02499999999999991
4,2,slow_tft,3.02,2.97,0.04999999999999982
4,2,GrdTFT,3.0,2.975,0.02499999999999991
4,2,prober,2.995,2.97,0.02499999999999991
4,2,mem2,3.0,2.975,0.02499999999999991
4,2,grok:grok-3-mini,3.0,2.975,0.02499999999999991
4,2,Tideman & Chieruzzi,2.98,2.98,0.0
4,2,Nydegger,3.02,2.97,0.04999999999999982
4,2,Grofman,3.0,2.975,0.02499999999999991
4,2,Shubik,3.0,2.975,0.02499999999999991
4,2,Stein & Rapoport: 0.05,2.98,2.98,0.0
4,2,GRIM,3.0,2.975,0.02499999999999991
4,2,Davis: 10,3.0,2.975,0.02499999999999991
4,2,Graaskamp: 0.05,2.76,3.135,-0.375
4,2,Downing,3.02,2.92,0.10000000000000009
4,2,"Feld: 1.0, 0.5, 200",1.465,1.59,-0.125
4,2,Joss: 0.9,1.05,1.05,0.0
4,2,Tullock,2.805,3.105,-0.2999999999999998
4,2,Anonymous,2.875,0.575,2.3
4,2,Random: 0.5,2.855,0.73,2.125
4,3,Cu,3.02,2.97,0.04999999999999982
4,3,Du,0.995,1.02,-0.025000000000000022
4,3,Tit For Tat,3.0,2.975,0.02499999999999991
4,3,spiteful,3.0,2.975,0.02499999999999991
4,3,soft_majo,3.02,2.97,0.04999999999999982
4,3,hard_majo,1.03,1.03,0.0
4,3,per_cd,2.98,0.555,2.425
4,3,per_ccd,3.42,1.245,2.175
4,3,per_ddc,2.315,0.69,1.625
4,3,mistrust,1.03,1.03,0.0
4,3,WSLS,3.0,2.975,0.02499999999999991
4,3,TFTT,3.02,2.97,0.04999999999999982
4,3,hard_tft,3.0,2.975,0.02499999999999991
4,3,slow_tft,3.02,2.97,0.04999999999999982
4,3,GrdTFT,3.0,2.975,0.02499999999999991
4,3,prober,2.995,2.97,0.02499999999999991
4,3,mem2,3.0,2.975,0.02499999999999991
4,3,grok:grok-3-mini,3.0,2.975,0.02499999999999991
4,3,Tideman & Chieruzzi,2.98,2.98,0.0
4,3,Nydegger,3.02,2.97,0.04999999999999982
4,3,Grofman,3.0,2.975,0.02499999999999991
4,3,Shubik,3.0,2.975,0.02499999999999991
4,3,Stein & Rapoport: 0.05,2.98,2.98,0.0
4,3,GRIM,3.0,2.975,0.02499999999999991
4,3,Davis: 10,3.0,2.975,0.02499999999999991
4,3,Graaskamp: 0.05,2.835,3.085,-0.25
4,3,Downing,3.02,2.92,0.10000000000000009
4,3,"Feld: 1.0, 0.5, 200",1.655,1.83,-0.17500000000000004
4,3,Joss: 0.9,1.195,1.295,-0.09999999999999987
4,3,Tullock,2.74,3.14,-0.3999999999999999
4,3,Anonymous,2.745,0.82,1.9250000000000003
4,3,Random: 0.5,2.955,0.655,2.3
4,4,Cu,3.02,2.97,0.04999999999999982
4,4,Du,0.995,1.02,-0.025000000000000022
4,4,Tit For Tat,3.0,2.975,0.02499999999999991
4,4,spiteful,3.0,2.975,0.02499999999999991
4,4,soft_majo,3.02,2.97,0.04999999999999982
4,4,hard_majo,1.03,1.03,0.0
4,4,per_cd,2.98,0.555,2.425
4,4,per_ccd,3.42,1.245,2.175
4,4,per_ddc,2.315,0.69,1.625
4,4,mistrust,1.03,1.03,0.0
4,4,WSLS,3.0,2.975,0.02499999999999991
4,4,TFTT,3.02,2.97,0.04999999999999982
4,4,hard_tft,3.0,2.975,0.02499999999999991
4,4,slow_tft,3.02,2.97,0.04999999999999982
4,4,GrdTFT,3.0,2.975,0.02499999999999991
4,4,prober,2.995,2.97,0.02499999999999991
4,4,mem2,3.0,2.975,0.02499999999999991
4,4,grok:grok-3-mini,3.0,2.975,0.02499999999999991
4,4,Tideman & Chieruzzi,2.98,2.98,0.0
4,4,Nydegger,3.02,2.97,0.04999999999999982
4,4,Grofman,3.02,2.97,0.04999999999999982
4,4,Shubik,3.0,2.975,0.02499999999999991
4,4,Stein & Rapoport: 0.05,2.98,2.98,0.0
4,4,GRIM,3.0,2.975,0.02499999999999991
4,4,Davis: 10,3.0,2.975,0.02499999999999991
4,4,Graaskamp: 0.05,2.805,3.105,-0.2999999999999998
4,4,Downing,3.02,2.92,0.10000000000000009
4,4,"Feld: 1.0, 0.5, 200",1.505,1.605,-0.10000000000000009
4,4,Joss: 0.9,1.905,2.13,-0.22499999999999987
4,4,Tullock,1.71,1.76,-0.050000000000000044
4,4,Anonymous,2.935,0.585,2.35
4,4,Random: 0.5,3.11,0.76,2.3499999999999996
4,5,Cu,3.02,2.97,0.04999999999999982
4,5,Du,0.995,1.02,-0.025000000000000022
4,5,Tit For Tat,3.0,2.975,0.02499999999999991
4,5,spiteful,3.0,2.975,0.02499999999999991
4,5,soft_majo,3.02,2.97,0.04999999999999982
4,5,hard_majo,1.03,1.03,0.0
4,5,per_cd,2.98,0.555,2.425
4,5,per_ccd,3.42,1.245,2.175
4,5,per_ddc,2.315,0.69,1.625
4,5,mistrust,1.03,1.03,0.0
4,5,WSLS,3.0,2.975,0.02499999999999991
4,5,TFTT,3.02,2.97,0.04999999999999982
4,5,hard_tft,3.0,2.975,0.02499999999999991
4,5,slow_tft,3.02,2.97,0.04999999999999982
4,5,GrdTFT,3.0,2.975,0.02499999999999991
4,5,prober,2.995,2.97,0.02499999999999991
4,5,mem2,3.0,2.975,0.02499999999999991
4,5,grok:grok-3-mini,3.0,2.975,0.02499999999999991
4,5,Tideman & Chieruzzi,2.98,2.98,0.0
4,5,Nydegger,3.02,2.97,0.04999999999999982
4,5,Grofman,3.02,2.97,0.04999999999999982
4,5,Shubik,3.0,2.975,0.02499999999999991
4,5,Stein & Rapoport: 0.05,2.98,2.98,0.0
4,5,GRIM,3.0,2.975,0.02499999999999991
4,5,Davis: 10,3.0,2.975,0.02499999999999991
4,5,Graaskamp: 0.05,2.81,3.11,-0.2999999999999998
4,5,Downing,3.02,2.92,0.10000000000000009
4,5,"Feld: 1.0, 0.5, 200",1.705,1.83,-0.125
4,5,Joss: 0.9,2.615,3.19,-0.5749999999999997
4,5,Tullock,1.565,1.59,-0.025000000000000133
4,5,Anonymous,2.9,0.675,2.2249999999999996
4,5,Random: 0.5,2.875,0.75,2.125
4,6,Cu,3.02,2.97,0.04999999999999982
4,6,Du,0.995,1.02,-0.025000000000000022
4,6,Tit For Tat,3.0,2.975,0.02499999999999991
4,6,spiteful,3.0,2.975,0.02499999999999991
4,6,soft_majo,3.02,2.97,0.04999999999999982
4,6,hard_majo,1.03,1.03,0.0
4,6,per_cd,2.98,0.555,2.425
4,6,per_ccd,3.42,1.245,2.175
4,6,per_ddc,2.315,0.69,1.625
4,6,mistrust,1.03,1.03,0.0
4,6,WSLS,3.0,2.975,0.02499999999999991
4,6,TFTT,3.02,2.97,0.04999999999999982
4,6,hard_tft,3.0,2.975,0.02499999999999991
4,6,slow_tft,3.02,2.97,0.04999999999999982
4,6,GrdTFT,3.0,2.975,0.02499999999999991
4,6,prober,2.995,2.97,0.02499999999999991
4,6,mem2,3.0,2.975,0.02499999999999991
4,6,grok:grok-3-mini,3.0,2.975,0.02499999999999991
4,6,Tideman & Chieruzzi,2.98,2.98,0.0
4,6,Nydegger,3.02,2.97,0.04999999999999982
4,6,Grofman,3.02,2.97,0.04999999999999982
4,6,Shubik,3.0,2.975,0.02499999999999991
4,6,Stein & Rapoport: 0.05,2.98,2.98,0.0
4,6,GRIM,3.0,2.975,0.02499999999999991
4,6,Davis: 10,3.0,2.975,0.02499999999999991
4,6,Graaskamp: 0.05,2.81,3.11,-0.2999999999999998
4,6,Downing,3.02,2.92,0.10000000000000009
4,6,"Feld: 1.0, 0.5, 200",1.69,1.79,-0.10000000000000009
4,6,Joss: 0.9,1.77,2.02,-0.25
4,6,Tullock,1.37,1.395,-0.02499999999999991
4,6,Anonymous,2.93,0.555,2.375
4,6,Random: 0.5,2.96,0.56,2.4
4,7,Cu,3.02,2.97,0.04999999999999982
4,7,Du,0.995,1.02,-0.025000000000000022
4,7,Tit For Tat,3.0,2.975,0.02499999999999991
4,7,spiteful,3.0,2.975,0.02499999999999991
4,7,soft_majo,3.02,2.97,0.04999999999999982
4,7,hard_majo,1.03,1.03,0.0
4,7,per_cd,2.98,0.555,2.425
4,7,per_ccd,3.42,1.245,2.175
4,7,per_ddc,2.315,0.69,1.625
4,7,mistrust,1.03,1.03,0.0
4,7,WSLS,3.0,2.975,0.02499999999999991
4,7,TFTT,3.02,2.97,0.04999999999999982
4,7,hard_tft,3.0,2.975,0.02499999999999991
4,7,slow_tft,3.02,2.97,0.04999999999999982
4,7,GrdTFT,3.0,2.975,0.02499999999999991
4,7,prober,2.995,2.97,0.02499999999999991
4,7,mem2,3.0,2.975,0.02499999999999991
4,7,grok:grok-3-mini,3.0,2.975,0.02499999999999991
4,7,Tideman & Chieruzzi,2.98,2.98,0.0
4,7,Nydegger,3.02,2.97,0.04999999999999982
4,7,Grofman,3.02,2.97,0.04999999999999982
4,7,Shubik,3.0,2.975,0.02499999999999991
4,7,Stein & Rapoport: 0.05,2.98,2.98,0.0
4,7,GRIM,3.0,2.975,0.02499999999999991
4,7,Davis: 10,3.0,2.975,0.02499999999999991
4,7,Graaskamp: 0.05,2.76,3.135,-0.375
4,7,Downing,3.02,2.92,0.10000000000000009
4,7,"Feld: 1.0, 0.5, 200",1.265,1.39,-0.125
4,7,Joss: 0.9,1.15,1.2,-0.050000000000000044
4,7,Tullock,2.185,2.385,-0.19999999999999973
4,7,Anonymous,2.98,0.655,2.325
4,7,Random: 0.5,2.92,0.795,2.125
4,8,Cu,3.02,2.97,0.04999999999999982
4,8,Du,0.995,1.02,-0.025000000000000022
4,8,Tit For Tat,3.0,2.975,0.02499999999999991
4,8,spiteful,3.0,2.975,0.02499999999999991
4,8,soft_majo,3.02,2.97,0.04999999999999982
4,8,hard_majo,1.03,1.03,0.0
4,8,per_cd,2.98,0.555,2.425
4,8,per_ccd,3.42,1.245,2.175
4,8,per_ddc,2.315,0.69,1.625
4,8,mistrust,1.03,1.03,0.0
4,8,WSLS,3.0,2.975,0.02499999999999991
4,8,TFTT,3.02,2.97,0.04999999999999982
4,8,hard_tft,3.0,2.975,0.02499999999999991
4,8,slow_tft,3.02,2.97,0.04999999999999982
4,8,GrdTFT,3.0,2.975,0.02499999999999991
4,8,prober,2.995,2.97,0.02499999999999991
4,8,mem2,3.0,2.975,0.02499999999999991
4,8,grok:grok-3-mini,3.0,2.975,0.02499999999999991
4,8,Tideman & Chieruzzi,2.98,2.98,0.0
4,8,Nydegger,3.02,2.97,0.04999999999999982
4,8,Grofman,3.0,2.975,0.02499999999999991
4,8,Shubik,3.0,2.975,0.02499999999999991
4,8,Stein & Rapoport: 0.05,2.98,2.98,0.0
4,8,GRIM,3.0,2.975,0.02499999999999991
4,8,Davis: 10,3.0,2.975,0.02499999999999991
4,8,Graaskamp: 0.05,2.795,3.12,-0.3250000000000002
4,8,Downing,3.02,2.92,0.10000000000000009
4,8,"Feld: 1.0, 0.5, 200",1.56,1.735,-0.17500000000000004
4,8,Joss: 0.9,1.62,1.82,-0.19999999999999996
4,8,Tullock,2.685,3.035,-0.3500000000000001
4,8,Anonymous,3.035,0.66,2.375
4,8,Random: 0.5,2.885,0.81,2.0749999999999997
4,9,Cu,3.02,2.97,0.04999999999999982
4,9,Du,0.995,1.02,-0.025000000000000022
4,9,Tit For Tat,3.0,2.975,0.02499999999999991
4,9,spiteful,3.0,2.975,0.02499999999999991
4,9,soft_majo,3.02,2.97,0.04999999999999982
4,9,hard_majo,1.03,1.03,0.0
4,9,per_cd,2.98,0.555,2.425
4,9,per_ccd,3.42,1.245,2.175
4,9,per_ddc,2.315,0.69,1.625
4,9,mistrust,1.03,1.03,0.0
4,9,WSLS,3.0,2.975,0.02499999999999991
4,9,TFTT,3.02,2.97,0.04999999999999982
4,9,hard_tft,3.0,2.975,0.02499999999999991
4,9,slow_tft,3.02,2.97,0.04999999999999982
4,9,GrdTFT,3.0,2.975,0.02499999999999991
4,9,prober,2.995,2.97,0.02499999999999991
4,9,mem2,3.0,2.975,0.02499999999999991
4,9,grok:grok-3-mini,3.0,2.975,0.02499999999999991
4,9,Tideman & Chieruzzi,2.98,2.98,0.0
4,9,Nydegger,3.02,2.97,0.04999999999999982
4,9,Grofman,3.0,2.975,0.02499999999999991
4,9,Shubik,3.0,2.975,0.02499999999999991
4,9,Stein & Rapoport: 0.05,2.98,2.98,0.0
4,9,GRIM,3.0,2.975,0.02499999999999991
4,9,Davis: 10,3.0,2.975,0.02499999999999991
4,9,Graaskamp: 0.05,2.805,3.105,-0.2999999999999998
4,9,Downing,3.02,2.92,0.10000000000000009
4,9,"Feld: 1.0, 0.5, 200",1.725,1.9,-0.17499999999999982
4,9,Joss: 0.9,1.59,1.74,-0.1499999999999999
4,9,Tullock,1.555,1.63,-0.07499999999999996
4,9,Anonymous,2.775,0.625,2.15
4,9,Random: 0.5,2.81,0.635,2.175
4,10,Cu,3.02,2.97,0.04999999999999982
4,10,Du,0.995,1.02,-0.025000000000000022
4,10,Tit For Tat,3.0,2.975,0.02499999999999991
4,10,spiteful,3.0,2.975,0.02499999999999991
4,10,soft_majo,3.02,2.97,0.04999999999999982
4,10,hard_majo,1.03,1.03,0.0
4,10,per_cd,2.98,0.555,2.425
4,10,per_ccd,3.42,1.245,2.175
4,10,per_ddc,2.315,0.69,1.625
4,10,mistrust,1.03,1.03,0.0
4,10,WSLS,3.0,2.975,0.02499999999999991
4,10,TFTT,3.02,2.97,0.04999999999999982
4,10,hard_tft,3.0,2.975,0.02499999999999991
4,10,slow_tft,3.02,2.97,0.04999999999999982
4,10,GrdTFT,3.0,2.975,0.02499999999999991
4,10,prober,2.995,2.97,0.02499999999999991
4,10,mem2,3.0,2.975,0.02499999999999991
4,10,grok:grok-3-mini,3.0,2.975,0.02499999999999991
4,10,Tideman & Chieruzzi,2.98,2.98,0.0
4,10,Nydegger,3.02,2.97,0.04999999999999982
4,10,Grofman,3.02,2.97,0.04999999999999982
4,10,Shubik,3.0,2.975,0.02499999999999991
4,10,Stein & Rapoport: 0.05,2.98,2.98,0.0
4,10,GRIM,3.0,2.975,0.02499999999999991
4,10,Davis: 10,3.0,2.975,0.02499999999999991
4,10,Graaskamp: 0.05,2.795,3.12,-0.3250000000000002
4,10,Downing,3.02,2.92,0.10000000000000009
4,10,"Feld: 1.0, 0.5, 200",1.205,1.28,-0.07499999999999996
4,10,Joss: 0.9,1.05,1.075,-0.02499999999999991
4,10,Tullock,2.735,3.16,-0.42500000000000027
4,10,Anonymous,2.905,0.63,2.275
4,10,Random: 0.5,2.955,0.98,1.975
4,11,Cu,3.02,2.97,0.04999999999999982
4,11,Du,0.995,1.02,-0.025000000000000022
4,11,Tit For Tat,3.0,2.975,0.02499999999999991
4,11,spiteful,3.0,2.975,0.02499999999999991
4,11,soft_majo,3.02,2.97,0.04999999999999982
4,11,hard_majo,1.03,1.03,0.0
4,11,per_cd,2.98,0.555,2.425
4,11,per_ccd,3.42,1.245,2.175
4,11,per_ddc,2.315,0.69,1.625
4,11,mistrust,1.03,1.03,0.0
4,11,WSLS,3.0,2.975,0.02499999999999991
4,11,TFTT,3.02,2.97,0.04999999999999982
4,11,hard_tft,3.0,2.975,0.02499999999999991
4,11,slow_tft,3.02,2.97,0.04999999999999982
4,11,GrdTFT,3.0,2.975,0.02499999999999991
4,11,prober,2.995,2.97,0.02499999999999991
4,11,mem2,3.0,2.975,0.02499999999999991
4,11,grok:grok-3-mini,3.0,2.975,0.02499999999999991
4,11,Tideman & Chieruzzi,2.98,2.98,0.0
4,11,Nydegger,3.02,2.97,0.04999999999999982
4,11,Grofman,3.0,2.975,0.02499999999999991
4,11,Shubik,3.0,2.975,0.02499999999999991
4,11,Stein & Rapoport: 0.05,2.98,2.98,0.0
4,11,GRIM,3.0,2.975,0.02499999999999991
4,11,Davis: 10,3.0,2.975,0.02499999999999991
4,11,Graaskamp: 0.05,2.81,3.11,-0.2999999999999998
4,11,Downing,3.02,2.92,0.10000000000000009
4,11,"Feld: 1.0, 0.5, 200",1.525,1.65,-0.125
4,11,Joss: 0.9,2.205,2.455,-0.25
4,11,Tullock,1.76,1.76,0.0
4,11,Anonymous,3.0,0.725,2.275
4,11,Random: 0.5,2.73,0.705,2.025
4,12,Cu,3.02,2.97,0.04999999999999982
4,12,Du,0.995,1.02,-0.025000000000000022
4,12,Tit For Tat,3.0,2.975,0.02499999999999991
4,12,spiteful,3.0,2.975,0.02499999999999991
4,12,soft_majo,3.02,2.97,0.04999999999999982
4,12,hard_majo,1.03,1.03,0.0
4,12,per_cd,2.98,0.555,2.425
4,12,per_ccd,3.42,1.245,2.175
4,12,per_ddc,2.315,0.69,1.625
4,12,mistrust,1.03,1.03,0.0
4,12,WSLS,3.0,2.975,0.02499999999999991
4,12,TFTT,3.02,2.97,0.04999999999999982
4,12,hard_tft,3.0,2.975,0.02499999999999991
4,12,slow_tft,3.02,2.97,0.04999999999999982
4,12,GrdTFT,3.0,2.975,0.02499999999999991
4,12,prober,2.995,2.97,0.02499999999999991
4,12,mem2,3.0,2.975,0.02499999999999991
4,12,grok:grok-3-mini,3.0,2.975,0.02499999999999991
4,12,Tideman & Chieruzzi,2.98,2.98,0.0
4,12,Nydegger,3.02,2.97,0.04999999999999982
4,12,Grofman,3.02,2.97,0.04999999999999982
4,12,Shubik,3.0,2.975,0.02499999999999991
4,12,Stein & Rapoport: 0.05,2.98,2.98,0.0
4,12,GRIM,3.0,2.975,0.02499999999999991
4,12,Davis: 10,3.0,2.975,0.02499999999999991
4,12,Graaskamp: 0.05,2.78,3.13,-0.3500000000000001
4,12,Downing,3.02,2.92,0.10000000000000009
4,12,"Feld: 1.0, 0.5, 200",1.595,1.695,-0.10000000000000009
4,12,Joss: 0.9,1.04,1.04,0.0
4,12,Tullock,1.22,1.245,-0.025000000000000133
4,12,Anonymous,2.88,0.63,2.25
4,12,Random: 0.5,2.85,0.8,2.05
4,13,Cu,3.02,2.97,0.04999999999999982
4,13,Du,0.995,1.02,-0.025000000000000022
4,13,Tit For Tat,3.0,2.975,0.02499999999999991
4,13,spiteful,3.0,2.975,0.02499999999999991
4,13,soft_majo,3.02,2.97,0.04999999999999982
4,13,hard_majo,1.03,1.03,0.0
4,13,per_cd,2.98,0.555,2.425
4,13,per_ccd,3.42,1.245,2.175
4,13,per_ddc,2.315,0.69,1.625
4,13,mistrust,1.03,1.03,0.0
4,13,WSLS,3.0,2.975,0.02499999999999991
4,13,TFTT,3.02,2.97,0.04999999999999982
4,13,hard_tft,3.0,2.975,0.02499999999999991
4,13,slow_tft,3.02,2.97,0.04999999999999982
4,13,GrdTFT,3.0,2.975,0.02499999999999991
4,13,prober,2.995,2.97,0.02499999999999991
4,13,mem2,3.0,2.975,0.02499999999999991
4,13,grok:grok-3-mini,3.0,2.975,0.02499999999999991
4,13,Tideman & Chieruzzi,2.98,2.98,0.0
4,13,Nydegger,3.02,2.97,0.04999999999999982
4,13,Grofman,3.0,2.975,0.02499999999999991
4,13,Shubik,3.0,2.975,0.02499999999999991
4,13,Stein & Rapoport: 0.05,2.98,2.98,0.0
4,13,GRIM,3.0,2.975,0.02499999999999991
4,13,Davis: 10,3.0,2.975,0.02499999999999991
4,13,Graaskamp: 0.05,2.79,3.115,-0.3250000000000002
4,13,Downing,3.02,2.92,0.10000000000000009
4,13,"Feld: 1.0, 0.5, 200",1.72,1.845,-0.125
4,13,Joss: 0.9,1.25,1.35,-0.10000000000000009
4,13,Tullock,1.92,2.12,-0.20000000000000018
4,13,Anonymous,3.065,0.615,2.45
4,13,Random: 0.5,2.7,0.775,1.9250000000000003
4,14,Cu,3.02,2.97,0.04999999999999982
4,14,Du,0.995,1.02,-0.025000000000000022
4,14,Tit For Tat,3.0,2.975,0.02499999999999991
4,14,spiteful,3.0,2.975,0.02499999999999991
4,14,soft_majo,3.02,2.97,0.04999999999999982
4,14,hard_majo,1.03,1.03,0.0
4,14,per_cd,2.98,0.555,2.425
4,14,per_ccd,3.42,1.245,2.175
4,14,per_ddc,2.315,0.69,1.625
4,14,mistrust,1.03,1.03,0.0
4,14,WSLS,3.0,2.975,0.02499999999999991
4,14,TFTT,3.02,2.97,0.04999999999999982
4,14,hard_tft,3.0,2.975,0.02499999999999991
4,14,slow_tft,3.02,2.97,0.04999999999999982
4,14,GrdTFT,3.0,2.975,0.02499999999999991
4,14,prober,2.995,2.97,0.02499999999999991
4,14,mem2,3.0,2.975,0.02499999999999991
4,14,grok:grok-3-mini,3.0,2.975,0.02499999999999991
4,14,Tideman & Chieruzzi,2.98,2.98,0.0
4,14,Nydegger,3.02,2.97,0.04999999999999982
4,14,Grofman,3.0,2.975,0.02499999999999991
4,14,Shubik,3.0,2.975,0.02499999999999991
4,14,Stein & Rapoport: 0.05,2.98,2.98,0.0
4,14,GRIM,3.0,2.975,0.02499999999999991
4,14,Davis: 10,3.0,2.975,0.02499999999999991
4,14,Graaskamp: 0.05,2.795,3.12,-0.3250000000000002
4,14,Downing,3.02,2.92,0.10000000000000009
4,14,"Feld: 1.0, 0.5, 200",1.76,2.01,-0.24999999999999978
4,14,Joss: 0.9,1.635,1.76,-0.125
4,14,Tullock,2.425,2.725,-0.30000000000000027
4,14,Anonymous,2.905,0.78,2.125
4,14,Random: 0.5,2.975,0.775,2.2
4,15,Cu,3.02,2.97,0.04999999999999982
4,15,Du,0.995,1.02,-0.025000000000000022
4,15,Tit For Tat,3.0,2.975,0.02499999999999991
4,15,spiteful,3.0,2.975,0.02499999999999991
4,15,soft_majo,3.02,2.97,0.04999999999999982
4,15,hard_majo,1.03,1.03,0.0
4,15,per_cd,2.98,0.555,2.425
4,15,per_ccd,3.42,1.245,2.175
4,15,per_ddc,2.315,0.69,1.625
4,15,mistrust,1.03,1.03,0.0
4,15,WSLS,3.0,2.975,0.02499999999999991
4,15,TFTT,3.02,2.97,0.04999999999999982
4,15,hard_tft,3.0,2.975,0.02499999999999991
4,15,slow_tft,3.02,2.97,0.04999999999999982
4,15,GrdTFT,3.0,2.975,0.02499999999999991
4,15,prober,2.995,2.97,0.02499999999999991
4,15,mem2,3.0,2.975,0.02499999999999991
4,15,grok:grok-3-mini,3.0,2.975,0.02499999999999991
4,15,Tideman & Chieruzzi,2.98,2.98,0.0
4,15,Nydegger,3.02,2.97,0.04999999999999982
4,15,Grofman,3.0,2.975,0.02499999999999991
4,15,Shubik,3.0,2.975,0.02499999999999991
4,15,Stein & Rapoport: 0.05,2.98,2.98,0.0
4,15,GRIM,3.0,2.975,0.02499999999999991
4,15,Davis: 10,3.0,2.975,0.02499999999999991
4,15,Graaskamp: 0.05,2.825,3.1,-0.2749999999999999
4,15,Downing,3.02,2.92,0.10000000000000009
4,15,"Feld: 1.0, 0.5, 200",1.86,2.11,-0.24999999999999978
4,15,Joss: 0.9,1.705,1.88,-0.17499999999999982
4,15,Tullock,2.88,3.055,-0.17500000000000027
4,15,Anonymous,3.17,0.67,2.5
4,15,Random: 0.5,2.97,0.645,2.325
4,16,Cu,3.02,2.97,0.04999999999999982
4,16,Du,0.995,1.02,-0.025000000000000022
4,16,Tit For Tat,3.0,2.975,0.02499999999999991
4,16,spiteful,3.0,2.975,0.02499999999999991
4,16,soft_majo,3.02,2.97,0.04999999999999982
4,16,hard_majo,1.03,1.03,0.0
4,16,per_cd,2.98,0.555,2.425
4,16,per_ccd,3.42,1.245,2.175
4,16,per_ddc,2.315,0.69,1.625
4,16,mistrust,1.03,1.03,0.0
4,16,WSLS,3.0,2.975,0.02499999999999991
4,16,TFTT,3.02,2.97,0.04999999999999982
4,16,hard_tft,3.0,2.975,0.02499999999999991
4,16,slow_tft,3.02,2.97,0.04999999999999982
4,16,GrdTFT,3.0,2.975,0.02499999999999991
4,16,prober,2.995,2.97,0.02499999999999991
4,16,mem2,3.0,2.975,0.02499999999999991
4,16,grok:grok-3-mini,3.0,2.975,0.02499999999999991
4,16,Tideman & Chieruzzi,2.98,2.98,0.0
4,16,Nydegger,3.02,2.97,0.04999999999999982
4,16,Grofman,3.02,2.97,0.04999999999999982
4,16,Shubik,3.0,2.975,0.02499999999999991
4,16,Stein & Rapoport: 0.05,2.98,2.98,0.0
4,16,GRIM,3.0,2.975,0.02499999999999991
4,16,Davis: 10,3.0,2.975,0.02499999999999991
4,16,Graaskamp: 0.05,2.795,3.12,-0.3250000000000002
4,16,Downing,3.02,2.92,0.10000000000000009
4,16,"Feld: 1.0, 0.5, 200",1.415,1.49,-0.07499999999999996
4,16,Joss: 0.9,1.855,1.98,-0.125
4,16,Tullock,2.31,2.41,-0.10000000000000009
4,16,Anonymous,2.94,1.09,1.8499999999999999
4,16,Random: 0.5,3.075,0.9,2.1750000000000003
4,17,Cu,3.02,2.97,0.04999999999999982
4,17,Du,0.995,1.02,-0.025000000000000022
4,17,Tit For Tat,3.0,2.975,0.02499999999999991
4,17,spiteful,3.0,2.975,0.02499999999999991
4,17,soft_majo,3.02,2.97,0.04999999999999982
4,17,hard_majo,1.03,1.03,0.0
4,17,per_cd,2.98,0.555,2.425
4,17,per_ccd,3.42,1.245,2.175
4,17,per_ddc,2.315,0.69,1.625
4,17,mistrust,1.03,1.03,0.0
4,17,WSLS,3.0,2.975,0.02499999999999991
4,17,TFTT,3.02,2.97,0.04999999999999982
4,17,hard_tft,3.0,2.975,0.02499999999999991
4,17,slow_tft,3.02,2.97,0.04999999999999982
4,17,GrdTFT,3.0,2.975,0.02499999999999991
4,17,prober,2.995,2.97,0.02499999999999991
4,17,mem2,3.0,2.975,0.02499999999999991
4,17,grok:grok-3-mini,3.0,2.975,0.02499999999999991
4,17,Tideman & Chieruzzi,2.98,2.98,0.0
4,17,Nydegger,3.02,2.97,0.04999999999999982
4,17,Grofman,3.0,2.975,0.02499999999999991
4,17,Shubik,3.0,2.975,0.02499999999999991
4,17,Stein & Rapoport: 0.05,2.98,2.98,0.0
4,17,GRIM,3.0,2.975,0.02499999999999991
4,17,Davis: 10,3.0,2.975,0.02499999999999991
4,17,Graaskamp: 0.05,2.795,3.12,-0.3250000000000002
4,17,Downing,3.02,2.92,0.10000000000000009
4,17,"Feld: 1.0, 0.5, 200",1.95,2.225,-0.27500000000000013
4,17,Joss: 0.9,1.47,1.62,-0.15000000000000013
4,17,Tullock,2.26,2.51,-0.25
4,17,Anonymous,3.025,0.875,2.15
4,17,Random: 0.5,2.905,0.83,2.0749999999999997
4,18,Cu,3.02,2.97,0.04999999999999982
4,18,Du,0.995,1.02,-0.025000000000000022
4,18,Tit For Tat,3.0,2.975,0.02499999999999991
4,18,spiteful,3.0,2.975,0.02499999999999991
4,18,soft_majo,3.02,2.97,0.04999999999999982
4,18,hard_majo,1.03,1.03,0.0
4,18,per_cd,2.98,0.555,2.425
4,18,per_ccd,3.42,1.245,2.175
4,18,per_ddc,2.315,0.69,1.625
4,18,mistrust,1.03,1.03,0.0
4,18,WSLS,3.0,2.975,0.02499999999999991
4,18,TFTT,3.02,2.97,0.04999999999999982
4,18,hard_tft,3.0,2.975,0.02499999999999991
4,18,slow_tft,3.02,2.97,0.04999999999999982
4,18,GrdTFT,3.0,2.975,0.02499999999999991
4,18,prober,2.995,2.97,0.02499999999999991
4,18,mem2,3.0,2.975,0.02499999999999991
4,18,grok:grok-3-mini,3.0,2.975,0.02499999999999991
4,18,Tideman & Chieruzzi,2.98,2.98,0.0
4,18,Nydegger,3.02,2.97,0.04999999999999982
4,18,Grofman,3.0,2.975,0.02499999999999991
4,18,Shubik,3.0,2.975,0.02499999999999991
4,18,Stein & Rapoport: 0.05,2.98,2.98,0.0
4,18,GRIM,3.0,2.975,0.02499999999999991
4,18,Davis: 10,3.0,2.975,0.02499999999999991
4,18,Graaskamp: 0.05,2.825,3.1,-0.2749999999999999
4,18,Downing,3.02,2.92,0.10000000000000009
4,18,"Feld: 1.0, 0.5, 200",1.42,1.595,-0.17500000000000004
4,18,Joss: 0.9,1.42,1.47,-0.050000000000000044
4,18,Tullock,2.66,2.885,-0.22499999999999964
4,18,Anonymous,2.825,0.775,2.0500000000000003
4,18,Random: 0.5,2.95,0.875,2.075
4,19,Cu,3.02,2.97,0.04999999999999982
4,19,Du,0.995,1.02,-0.025000000000000022
4,19,Tit For Tat,3.0,2.975,0.02499999999999991
4,19,spiteful,3.0,2.975,0.02499999999999991
4,19,soft_majo,3.02,2.97,0.04999999999999982
4,19,hard_majo,1.03,1.03,0.0
4,19,per_cd,2.98,0.555,2.425
4,19,per_ccd,3.42,1.245,2.175
4,19,per_ddc,2.315,0.69,1.625
4,19,mistrust,1.03,1.03,0.0
4,19,WSLS,3.0,2.975,0.02499999999999991
4,19,TFTT,3.02,2.97,0.04999999999999982
4,19,hard_tft,3.0,2.975,0.02499999999999991
4,19,slow_tft,3.02,2.97,0.04999999999999982
4,19,GrdTFT,3.0,2.975,0.02499999999999991
4,19,prober,2.995,2.97,0.02499999999999991
4,19,mem2,3.0,2.975,0.02499999999999991
4,19,grok:grok-3-mini,3.0,2.975,0.02499999999999991
4,19,Tideman & Chieruzzi,2.98,2.98,0.0
4,19,Nydegger,3.02,2.97,0.04999999999999982
4,19,Grofman,3.0,2.975,0.02499999999999991
4,19,Shubik,3.0,2.975,0.02499999999999991
4,19,Stein & Rapoport: 0.05,2.98,2.98,0.0
4,19,GRIM,3.0,2.975,0.02499999999999991
4,19,Davis: 10,3.0,2.975,0.02499999999999991
4,19,Graaskamp: 0.05,2.825,3.1,-0.2749999999999999
4,19,Downing,3.02,2.92,0.10000000000000009
4,19,"Feld: 1.0, 0.5, 200",1.645,1.77,-0.125
4,19,Joss: 0.9,1.075,1.1,-0.025000000000000133
4,19,Tullock,2.085,2.335,-0.25
4,19,Anonymous,3.02,0.77,2.25
4,19,Random: 0.5,2.825,0.6,2.225
5,0,Cu,3.02,2.97,0.04999999999999982
5,0,Du,0.995,1.02,-0.025000000000000022
5,0,Tit For Tat,3.0,2.975,0.02499999999999991
5,0,spiteful,3.0,2.975,0.02499999999999991
5,0,soft_majo,3.02,2.97,0.04999999999999982
5,0,hard_majo,1.03,1.03,0.0
5,0,per_cd,2.98,0.555,2.425
5,0,per_ccd,3.42,1.245,2.175
5,0,per_ddc,2.315,0.69,1.625
5,0,mistrust,1.03,1.03,0.0
5,0,WSLS,3.0,2.975,0.02499999999999991
5,0,TFTT,3.02,2.97,0.04999999999999982
5,0,hard_tft,3.0,2.975,0.02499999999999991
5,0,slow_tft,3.02,2.97,0.04999999999999982
5,0,GrdTFT,3.0,2.975,0.02499999999999991
5,0,prober,2.995,2.97,0.02499999999999991
5,0,mem2,3.0,2.975,0.02499999999999991
5,0,grok:grok-3-mini,3.0,2.975,0.02499999999999991
5,0,Tideman & Chieruzzi,2.98,2.98,0.0
5,0,Nydegger,3.02,2.97,0.04999999999999982
5,0,Grofman,3.02,2.97,0.04999999999999982
5,0,Shubik,3.0,2.975,0.02499999999999991
5,0,Stein & Rapoport: 0.05,2.98,2.98,0.0
5,0,GRIM,3.0,2.975,0.02499999999999991
5,0,Davis: 10,3.0,2.975,0.02499999999999991
5,0,Graaskamp: 0.05,2.78,3.13,-0.3500000000000001
5,0,Downing,3.02,2.92,0.10000000000000009
5,0,"Feld: 1.0, 0.5, 200",1.615,1.765,-0.1499999999999999
5,0,Joss: 0.9,2.375,2.7,-0.3250000000000002
5,0,Tullock,1.675,1.75,-0.07499999999999996
5,0,Anonymous,3.01,0.71,2.3
5,0,Random: 0.5,2.95,0.8,2.1500000000000004
5,1,Cu,3.02,2.97,0.04999999999999982
5,1,Du,0.995,1.02,-0.025000000000000022
5,1,Tit For Tat,3.0,2.975,0.02499999999999991
5,1,spiteful,3.0,2.975,0.02499999999999991
5,1,soft_majo,3.02,2.97,0.04999999999999982
5,1,hard_majo,1.03,1.03,0.0
5,1,per_cd,2.98,0.555,2.425
5,1,per_ccd,3.42,1.245,2.175
5,1,per_ddc,2.315,0.69,1.625
5,1,mistrust,1.03,1.03,0.0
5,1,WSLS,3.0,2.975,0.02499999999999991
5,1,TFTT,3.02,2.97,0.04999999999999982
5,1,hard_tft,3.0,2.975,0.02499999999999991
5,1,slow_tft,3.02,2.97,0.04999999999999982
5,1,GrdTFT,3.0,2.975,0.02499999999999991
5,1,prober,2.995,2.97,0.02499999999999991
5,1,mem2,3.0,2.975,0.02499999999999991
5,1,grok:grok-3-mini,3.0,2.975,0.02499999999999991
5,1,Tideman & Chieruzzi,2.98,2.98,0.0
5,1,Nydegger,3.02,2.97,0.04999999999999982
5,1,Grofman,3.02,2.97,0.04999999999999982
5,1,Shubik,3.0,2.975,0.02499999999999991
5,1,Stein & Rapoport: 0.05,2.98,2.98,0.0
5,1,GRIM,3.0,2.975,0.02499999999999991
5,1,Davis: 10,3.0,2.975,0.02499999999999991
5,1,Graaskamp: 0.05,2.825,3.1,-0.2749999999999999
5,1,Downing,3.02,2.92,0.10000000000000009
5,1,"Feld: 1.0, 0.5, 200",1.46,1.535,-0.07499999999999996
5,1,Joss: 0.9,1.52,1.72,-0.19999999999999996
5,1,Tullock,1.55,1.575,-0.02499999999999991
5,1,Anonymous,2.955,0.705,2.25
5,1,Random: 0.5,2.855,0.705,2.15
5,2,Cu,3.02,2.97,0.04999999999999982
5,2,Du,0.995,1.02,-0.025000000000000022
5,2,Tit For Tat,3.0,2.975,0.02499999999999991
5,2,spiteful,3.0,2.975,0.02499999999999991
5,2,soft_majo,3.02,2.97,0.04999999999999982
5,2,hard_majo,1.03,1.03,0.0
5,2,per_cd,2.98,0.555,2.425
5,2,per_ccd,3.42,1.245,2.175
5,2,per_ddc,2.315,0.69,1.625
5,2,mistrust,1.03,1.03,0.0
5,2,WSLS,3.0,2.975,0.02499999999999991
5,2,TFTT,3.02,2.97,0.04999999999999982
5,2,hard_tft,3.0,2.975,0.02499999999999991
5,2,slow_tft,3.02,2.97,0.04999999999999982
5,2,GrdTFT,3.0,2.975,0.02499999999999991
5,2,prober,2.995,2.97,0.02499999999999991
5,2,mem2,3.0,2.975,0.02499999999999991
5,2,grok:grok-3-mini,3.0,2.975,0.02499999999999991
5,2,Tideman & Chieruzzi,2.98,2.98,0.0
5,2,Nydegger,3.02,2.97,0.04999999999999982
5,2,Grofman,3.0,2.975,0.02499999999999991
5,2,Shubik,3.0,2.975,0.02499999999999991
5,2,Stein & Rapoport: 0.05,2.98,2.98,0.0
5,2,GRIM,3.0,2.975,0.02499999999999991
5,2,Davis: 10,3.0,2.975,0.02499999999999991
5,2,Graaskamp: 0.05,2.78,3.13,-0.3500000000000001
5,2,Downing,3.02,2.92,0.10000000000000009
5,2,"Feld: 1.0, 0.5, 200",1.32,1.395,-0.07499999999999996
5,2,Joss: 0.9,1.04,1.04,0.0
5,2,Tullock,2.775,3.125,-0.3500000000000001
5,2,Anonymous,2.85,0.65,2.2
5,2,Random: 0.5,2.87,0.945,1.9250000000000003
5,3,Cu,3.02,2.97,0.04999999999999982
5,3,Du,0.995,1.02,-0.025000000000000022
5,3,Tit For Tat,3.0,2.975,0.02499999999999991
5,3,spiteful,3.0,2.975,0.02499999999999991
5,3,soft_majo,3.02,2.97,0.04999999999999982
5,3,hard_majo,1.03,1.03,0.0
5,3,per_cd,2.98,0.555,2.425
5,3,per_ccd,3.42,1.245,2.175
5,3,per_ddc,2.315,0.69,1.625
5,3,mistrust,1.03,1.03,0.0
5,3,WSLS,3.0,2.975,0.02499999999999991
5,3,TFTT,3.02,2.97,0.04999999999999982
5,3,hard_tft,3.0,2.975,0.02499999999999991
5,3,slow_tft,3.02,2.97,0.04999999999999982
5,3,GrdTFT,3.0,2.975,0.02499999999999991
5,3,prober,2.995,2.97,0.02499999999999991
5,3,mem2,3.0,2.975,0.02499999999999991
5,3,grok:grok-3-mini,3.0,2.975,0.02499999999999991
5,3,Tideman & Chieruzzi,2.98,2.98,0.0
5,3,Nydegger,3.02,2.97,0.04999999999999982
5,3,Grofman,3.0,2.975,0.02499999999999991
5,3,Shubik,3.0,2.975,0.02499999999999991
5,3,Stein & Rapoport: 0.05,2.98,2.98,0.0
5,3,GRIM,3.0,2.975,0.02499999999999991
5,3,Davis: 10,3.0,2.975,0.02499999999999991
5,3,Graaskamp: 0.05,2.79,3.115,-0.3250000000000002
5,3,Downing,3.02,2.92,0.10000000000000009
5,3,"Feld: 1.0, 0.5, 200",1.255,1.305,-0.050000000000000044
5,3,Joss: 0.9,1.41,1.51,-0.10000000000000009
5,3,Tullock,1.765,1.915,-0.15000000000000013
5,3,Anonymous,2.985,0.685,2.3
5,3,Random: 0.5,2.985,0.76,2.2249999999999996
5,4,Cu,3.02,2.97,0.04999999999999982
5,4,Du,0.995,1.02,-0.025000000000000022
5,4,Tit For Tat,3.0,2.975,0.02499999999999991
5,4,spiteful,3.0,2.975,0.02499999999999991
5,4,soft_majo,3.02,2.97,0.04999999999999982
5,4,hard_majo,1.03,1.03,0.0
5,4,per_cd,2.98,0.555,2.425
5,4,per_ccd,3.42,1.245,2.175
5,4,per_ddc,2.315,0.69,1.625
5,4,mistrust,1.03,1.03,0.0
5,4,WSLS,3.0,2.975,0.02499999999999991
5,4,TFTT,3.02,2.97,0.04999999999999982
5,4,hard_tft,3.0,2.975,0.02499999999999991
5,4,slow_tft,3.02,2.97,0.04999999999999982
5,4,GrdTFT,3.0,2.975,0.02499999999999991
5,4,prober,2.995,2.97,0.02499999999999991
5,4,mem2,3.0,2.975,0.02499999999999991
5,4,grok:grok-3-mini,3.0,2.975,0.02499999999999991
5,4,Tideman & Chieruzzi,2.98,2.98,0.0
5,4,Nydegger,3.02,2.97,0.04999999999999982
5,4,Grofman,3.02,2.97,0.04999999999999982
5,4,Shubik,3.0,2.975,0.02499999999999991
5,4,Stein & Rapoport: 0.05,2.98,2.98,0.0
5,4,GRIM,3.0,2.975,0.02499999999999991
5,4,Davis: 10,3.0,2.975,0.02499999999999991
5,4,Graaskamp: 0.05,2.795,3.12,-0.3250000000000002
5,4,Downing,3.02,2.92,0.10000000000000009
5,4,"Feld: 1.0, 0.5, 200",1.495,1.57,-0.07499999999999996
5,4,Joss: 0.9,1.605,1.805,-0.19999999999999996
5,4,Tullock,1.465,1.515,-0.04999999999999982
5,4,Anonymous,2.98,0.58,2.4
5,4,Random: 0.5,2.795,0.57,2.225
5,5,Cu,3.02,2.97,0.04999999999999982
5,5,Du,0.995,1.02,-0.025000000000000022
5,5,Tit For Tat,3.0,2.975,0.02499999999999991
5,5,spiteful,3.0,2.975,0.02499999999999991
5,5,soft_majo,3.02,2.97,0.04999999999999982
5,5,hard_majo,1.03,1.03,0.0
5,5,per_cd,2.98,0.555,2.425
5,5,per_ccd,3.42,1.245,2.175
5,5,per_ddc,2.315,0.69,1.625
5,5,mistrust,1.03,1.03,0.0
5,5,WSLS,3.0,2.975,0.02499999999999991
5,5,TFTT,3.02,2.97,0.04999999999999982
5,5,hard_tft,3.0,2.975,0.02499999999999991
5,5,slow_tft,3.02,2.97,0.04999999999999982
5,5,GrdTFT,3.0,2.975,0.02499999999999991
5,5,prober,2.995,2.97,0.02499999999999991
5,5,mem2,3.0,2.975,0.02499999999999991
5,5,grok:grok-3-mini,3.0,2.975,0.02499999999999991
5,5,Tideman & Chieruzzi,2.98,2.98,0.0
5,5,Nydegger,3.02,2.97,0.04999999999999982
5,5,Grofman,3.0,2.975,0.02499999999999991
5,5,Shubik,3.0,2.975,0.02499999999999991
5,5,Stein & Rapoport: 0.05,2.98,2.98,0.0
5,5,GRIM,3.0,2.975,0.02499999999999991
5,5,Davis: 10,3.0,2.975,0.02499999999999991
5,5,Graaskamp: 0.05,2.78,3.13,-0.3500000000000001
5,5,Downing,3.02,2.92,0.10000000000000009
5,5,"Feld: 1.0, 0.5, 200",1.695,1.82,-0.125
5,5,Joss: 0.9,2.73,3.155,-0.4249999999999998
5,5,Tullock,2.205,2.48,-0.2749999999999999
5,5,Anonymous,2.995,0.645,2.35
5,5,Random: 0.5,2.945,0.595,2.3499999999999996
5,6,Cu,3.02,2.97,0.04999999999999982
5,6,Du,0.995,1.02,-0.025000000000000022
5,6,Tit For Tat,3.0,2.975,0.02499999999999991
5,6,spiteful,3.0,2.975,0.02499999999999991
5,6,soft_majo,3.02,2.97,0.04999999999999982
5,6,hard_majo,1.03,1.03,0.0
5,6,per_cd,2.98,0.555,2.425
5,6,per_ccd,3.42,1.245,2.175
5,6,per_ddc,2.315,0.69,1.625
5,6,mistrust,1.03,1.03,0.0
5,6,WSLS,3.0,2.975,0.02499999999999991
5,6,TFTT,3.02,2.97,0.04999999999999982
5,6,hard_tft,3.0,2.975,0.02499999999999991
5,6,slow_tft,3.02,2.97,0.04999999999999982
5,6,GrdTFT,3.0,2.975,0.02499999999999991
5,6,prober,2.995,2.97,0.02499999999999991
5,6,mem2,3.0,2.975,0.02499999999999991
5,6,grok:grok-3-mini,3.0,2.975,0.02499999999999991
5,6,Tideman & Chieruzzi,2.98,2.98,0.0
5,6,Nydegger,3.02,2.97,0.04999999999999982
5,6,Grofman,3.0,2.975,0.02499999999999991
5,6,Shubik,3.0,2.975,0.02499999999999991
5,6,Stein & Rapoport: 0.05,2.98,2.98,0.0
5,6,GRIM,3.0,2.975,0.02499999999999991
5,6,Davis: 10,3.0,2.975,0.02499999999999991
5,6,Graaskamp: 0.05,2.795,3.12,-0.3250000000000002
5,6,Downing,3.02,2.92,0.10000000000000009
5,6,"Feld: 1.0, 0.5, 200",1.695,1.87,-0.17500000000000004
5,6,Joss: 0.9,1.05,1.05,0.0
5,6,Tullock,2.04,2.24,-0.20000000000000018
5,6,Anonymous,2.96,0.86,2.1
5,6,Random: 0.5,2.725,0.625,2.1
5,7,Cu,3.02,2.97,0.04999999999999982
5,7,Du,0.995,1.02,-0.025000000000000022
5,7,Tit For Tat,3.0,2.975,0.02499999999999991
5,7,spiteful,3.0,2.975,0.02499999999999991
5,7,soft_majo,3.02,2.97,0.04999999999999982
5,7,hard_majo,1.03,1.03,0.0
5,7,per_cd,2.98,0.555,2.425
5,7,per_ccd,3.42,1.245,2.175
5,7,per_ddc,2.315,0.69,1.625
5,7,mistrust,1.03,1.03,0.0
5,7,WSLS,3.0,2.975,0.02499999999999991
5,7,TFTT,3.02,2.97,0.04999999999999982
5,7,hard_tft,3.0,2.975,0.02499999999999991
5,7,slow_tft,3.02,2.97,0.04999999999999982
5,7,GrdTFT,3.0,2.975,0.02499999999999991
5,7,prober,2.995,2.97,0.02499999999999991
5,7,mem2,3.0,2.975,0.02499999999999991
5,7,grok:grok-3-mini,3.0,2.975,0.02499999999999991
5,7,Tideman & Chieruzzi,2.98,2.98,0.0
5,7,Nydegger,3.02,2.97,0.04999999999999982
5,7,Grofman,3.02,2.97,0.04999999999999982
5,7,Shubik,3.0,2.975,0.02499999999999991
5,7,Stein & Rapoport: 0.05,2.98,2.98,0.0
5,7,GRIM,3.0,2.975,0.02499999999999991
5,7,Davis: 10,3.0,2.975,0.02499999999999991
5,7,Graaskamp: 0.05,2.825,3.1,-0.2749999999999999
5,7,Downing,3.02,2.92,0.10000000000000009
5,7,"Feld: 1.0, 0.5, 200",1.465,1.565,-0.09999999999999987
5,7,Joss: 0.9,1.755,1.93,-0.17500000000000004
5,7,Tullock,2.825,3.1,-0.2749999999999999
5,7,Anonymous,2.825,0.75,2.075
5,7,Random: 0.5,2.78,0.605,2.175
5,8,Cu,3.02,2.97,0.04999999999999982
5,8,Du,0.995,1.02,-0.025000000000000022
5,8,Tit For Tat,3.0,2.975,0.02499999999999991
5,8,spiteful,3.0,2.975,0.02499999999999991
5,8,soft_majo,3.02,2.97,0.04999999999999982
5,8,hard_majo,1.03,1.03,0.0
5,8,per_cd,2.98,0.555,2.425
5,8,per_ccd,3.42,1.245,2.175
5,8,per_ddc,2.315,0.69,1.625
5,8,mistrust,1.03,1.03,0.0
5,8,WSLS,3.0,2.975,0.02499999999999991
5,8,TFTT,3.02,2.97,0.04999999999999982
5,8,hard_tft,3.0,2.975,0.02499999999999991
5,8,slow_tft,3.02,2.97,0.04999999999999982
5,8,GrdTFT,3.0,2.975,0.02499999999999991
5,8,prober,2.995,2.97,0.02499999999999991
5,8,mem2,3.0,2.975,0.02499999999999991
5,8,grok:grok-3-mini,3.0,2.975,0.02499999999999991
5,8,Tideman & Chieruzzi,2.98,2.98,0.0
5,8,Nydegger,3.02,2.97,0.04999999999999982
5,8,Grofman,3.0,2.975,0.02499999999999991
5,8,Shubik,3.0,2.975,0.02499999999999991
5,8,Stein & Rapoport: 0.05,2.98,2.98,0.0
5,8,GRIM,3.0,2.975,0.02499999999999991
5,8,Davis: 10,3.0,2.975,0.02499999999999991
5,8,Graaskamp: 0.05,2.765,3.14,-0.375
5,8,Downing,3.02,2.92,0.10000000000000009
5,8,"Feld: 1.0, 0.5, 200",1.465,1.54,-0.07499999999999996
5,8,Joss: 0.9,2.15,2.525,-0.375
5,8,Tullock,2.675,3.175,-0.5
5,8,Anonymous,2.795,0.645,2.15
5,8,Random: 0.5,2.72,0.695,2.0250000000000004
5,9,Cu,3.02,2.97,0.04999999999999982
5,9,Du,0.995,1.02,-0.025000000000000022
5,9,Tit For Tat,3.0,2.975,0.02499999999999991
5,9,spiteful,3.0,2.975,0.02499999999999991
5,9,soft_majo,3.02,2.97,0.04999999999999982
5,9,hard_majo,1.03,1.03,0.0
5,9,per_cd,2.98,0.555,2.425
5,9,per_ccd,3.42,1.245,2.175
5,9,per_ddc,2.315,0.69,1.625
5,9,mistrust,1.03,1.03,0.0
5,9,WSLS,3.0,2.975,0.02499999999999991
5,9,TFTT,3.02,2.97,0.04999999999999982
5,9,hard_tft,3.0,2.975,0.02499999999999991
5,9,slow_tft,3.02,2.97,0.04999999999999982
5,9,GrdTFT,3.0,2.975,0.02499999999999991
5,9,prober,2.995,2.97,0.02499999999999991
5,9,mem2,3.0,2.975,0.02499999999999991
5,9,grok:grok-3-mini,3.0,2.975,0.02499999999999991
5,9,Tideman & Chieruzzi,2.98,2.98,0.0
5,9,Nydegger,3.02,2.97,0.04999999999999982
5,9,Grofman,3.0,2.975,0.02499999999999991
5,9,Shubik,3.0,2.975,0.02499999999999991
5,9,Stein & Rapoport: 0.05,2.98,2.98,0.0
5,9,GRIM,3.0,2.975,0.02499999999999991
5,9,Davis: 10,3.0,2.975,0.02499999999999991
5,9,Graaskamp: 0.05,2.795,3.12,-0.3250000000000002
5,9,Downing,3.02,2.92,0.10000000000000009
5,9,"Feld: 1.0, 0.5, 200",1.485,1.56,-0.07499999999999996
5,9,Joss: 0.9,1.365,1.44,-0.07499999999999996
5,9,Tullock,2.87,3.07,-0.19999999999999973
5,9,Anonymous,2.82,1.045,1.775
5,9,Random: 0.5,2.825,0.625,2.2
5,10,Cu,3.02,2.97,0.04999999999999982
5,10,Du,0.995,1.02,-0.025000000000000022
5,10,Tit For Tat,3.0,2.975,0.02499999999999991
5,10,spiteful,3.0,2.975,0.02499999999999991
5,10,soft_majo,3.02,2.97,0.04999999999999982
5,10,hard_majo,1.03,1.03,0.0
5,10,per_cd,2.98,0.555,2.425
5,10,per_ccd,3.42,1.245,2.175
5,10,per_ddc,2.315,0.69,1.625
5,10,mistrust,1.03,1.03,0.0
5,10,WSLS,3.0,2.975,0.02499999999999991
5,10,TFTT,3.02,2.97,0.04999999999999982
5,10,hard_tft,3.0,2.975,0.02499999999999991
5,10,slow_tft,3.02,2.97,0.04999999999999982
5,10,GrdTFT,3.0,2.975,0.02499999999999991
5,10,prober,2.995,2.97,0.02499999999999991
5,10,mem2,3.0,2.975,0.02499999999999991
5,10,grok:grok-3-mini,3.0,2.975,0.02499999999999991
5,10,Tideman & Chieruzzi,2.98,2.98,0.0
5,10,Nydegger,3.02,2.97,0.04999999999999982
5,10,Grofman,3.0,2.975,0.02499999999999991
5,10,Shubik,3.0,2.975,0.02499999999999991
5,10,Stein & Rapoport: 0.05,2.98,2.98,0.0
5,10,GRIM,3.0,2.975,0.02499999999999991
5,10,Davis: 10,3.0,2.975,0.02499999999999991
5,10,Graaskamp: 0.05,2.78,3.13,-0.3500000000000001
5,10,Downing,3.02,2.92,0.10000000000000009
5,10,"Feld: 1.0, 0.5, 200",1.88,2.08,-0.20000000000000018
5,10,Joss: 0.9,2.835,3.085,-0.25
5,10,Tullock,1.77,1.795,-0.02499999999999991
5,10,Anonymous,2.99,0.815,2.1750000000000003
5,10,Random: 0.5,2.79,0.915,1.875
5,11,Cu,3.02,2.97,0.04999999999999982
5,11,Du,0.995,1.02,-0.025000000000000022
5,11,Tit For Tat,3.0,2.975,0.02499999999999991
5,11,spiteful,3.0,2.975,0.02499999999999991
5,11,soft_majo,3.02,2.97,0.04999999999999982
5,11,hard_majo,1.03,1.03,0.0
5,11,per_cd,2.98,0.555,2.425
5,11,per_ccd,3.42,1.245,2.175
5,11,per_ddc,2.315,0.69,1.625
5,11,mistrust,1.03,1.03,0.0
5,11,WSLS,3.0,2.975,0.02499999999999991
5,11,TFTT,3.02,2.97,0.04999999999999982
5,11,hard_tft,3.0,2.975,0.02499999999999991
5,11,slow_tft,3.02,2.97,0.04999999999999982
5,11,GrdTFT,3.0,2.975,0.02499999999999991
5,11,prober,2.995,2.97,0.02499999999999991
5,11,mem2,3.0,2.975,0.02499999999999991
5,11,grok:grok-3-mini,3.0,2.975,0.02499999999999991
5,11,Tideman & Chieruzzi,2.98,2.98,0.0
5,11,Nydegger,3.02,2.97,0.04999999999999982
5,11,Grofman,3.0,2.975,0.02499999999999991
5,11,Shubik,3.0,2.975,0.02499999999999991
5,11,Stein & Rapoport: 0.05,2.98,2.98,0.0
5,11,GRIM,3.0,2.975,0.02499999999999991
5,11,Davis: 10,3.0,2.975,0.02499999999999991
5,11,Graaskamp: 0.05,2.795,3.12,-0.3250000000000002
5,11,Downing,3.02,2.92,0.10000000000000009
5,11,"Feld: 1.0, 0.5, 200",2.005,2.28,-0.2749999999999999
5,11,Joss: 0.9,1.555,1.68,-0.125
5,11,Tullock,2.01,2.11,-0.10000000000000009
5,11,Anonymous,2.815,0.615,2.2
5,11,Random: 0.5,2.74,0.94,1.8000000000000003
5,12,Cu,3.02,2.97,0.04999999999999982
5,12,Du,0.995,1.02,-0.025000000000000022
5,12,Tit For Tat,3.0,2.975,0.02499999999999991
5,12,spiteful,3.0,2.975,0.02499999999999991
5,12,soft_majo,3.02,2.97,0.04999999999999982
5,12,hard_majo,1.03,1.03,0.0
5,12,per_cd,2.98,0.555,2.425
5,12,per_ccd,3.42,1.245,2.175
5,12,per_ddc,2.315,0.69,1.625
5,12,mistrust,1.03,1.03,0.0
5,12,WSLS,3.0,2.975,0.02499999999999991
5,12,TFTT,3.02,2.97,0.04999999999999982
5,12,hard_tft,3.0,2.975,0.02499999999999991
5,12,slow_tft,3.02,2.97,0.04999999999999982
5,12,GrdTFT,3.0,2.975,0.02499999999999991
5,12,prober,2.995,2.97,0.02499999999999991
5,12,mem2,3.0,2.975,0.02499999999999991
5,12,grok:grok-3-mini,3.0,2.975,0.02499999999999991
5,12,Tideman & Chieruzzi,2.98,2.98,0.0
5,12,Nydegger,3.02,2.97,0.04999999999999982
5,12,Grofman,3.0,2.975,0.02499999999999991
5,12,Shubik,3.0,2.975,0.02499999999999991
5,12,Stein & Rapoport: 0.05,2.98,2.98,0.0
5,12,GRIM,3.0,2.975,0.02499999999999991
5,12,Davis: 10,3.0,2.975,0.02499999999999991
5,12,Graaskamp: 0.05,2.84,3.09,-0.25
5,12,Downing,3.02,2.92,0.10000000000000009
5,12,"Feld: 1.0, 0.5, 200",1.83,1.98,-0.1499999999999999
5,12,Joss: 0.9,1.095,1.145,-0.050000000000000044
5,12,Tullock,1.285,1.36,-0.07500000000000018
5,12,Anonymous,2.715,0.865,1.8499999999999999
5,12,Random: 0.5,2.745,0.62,2.125
5,13,Cu,3.02,2.97,0.04999999999999982
5,13,Du,0.995,1.02,-0.025000000000000022
5,13,Tit For Tat,3.0,2.975,0.02499999999999991
5,13,spiteful,3.0,2.975,0.02499999999999991
5,13,soft_majo,3.02,2.97,0.04999999999999982
5,13,hard_majo,1.03,1.03,0.0
5,13,per_cd,2.98,0.555,2.425
5,13,per_ccd,3.42,1.245,2.175
5,13,per_ddc,2.315,0.69,1.625
5,13,mistrust,1.03,1.03,0.0
5,13,WSLS,3.0,2.975,0.02499999999999991
5,13,TFTT,3.02,2.97,0.04999999999999982
5,13,hard_tft,3.0,2.975,0.02499999999999991
5,13,slow_tft,3.02,2.97,0.04999999999999982
5,13,GrdTFT,3.0,2.975,0.02499999999999991
5,13,prober,2.995,2.97,0.02499999999999991
5,13,mem2,3.0,2.975,0.02499999999999991
5,13,grok:grok-3-mini,3.0,2.975,0.02499999999999991
5,13,Tideman & Chieruzzi,2.98,2.98,0.0
5,13,Nydegger,3.02,2.97,0.04999999999999982
5,13,Grofman,3.02,2.97,0.04999999999999982
5,13,Shubik,3.0,2.975,0.02499999999999991
5,13,Stein & Rapoport: 0.05,2.98,2.98,0.0
5,13,GRIM,3.0,2.975,0.02499999999999991
5,13,Davis: 10,3.0,2.975,0.02499999999999991
5,13,Graaskamp: 0.05,2.795,3.12,-0.3250000000000002
5,13,Downing,3.02,2.92,0.10000000000000009
5,13,"Feld: 1.0, 0.5, 200",1.655,1.755,-0.09999999999999987
5,13,Joss: 0.9,1.61,1.735,-0.125
5,13,Tullock,2.805,3.105,-0.2999999999999998
5,13,Anonymous,3.005,0.805,2.1999999999999997
5,13,Random: 0.5,2.915,0.79,2.125
5,14,Cu,3.02,2.97,0.04999999999999982
5,14,Du,0.995,1.02,-0.025000000000000022
5,14,Tit For Tat,3.0,2.975,0.02499999999999991
5,14,spiteful,3.0,2.975,0.02499999999999991
5,14,soft_majo,3.02,2.97,0.04999999999999982
5,14,hard_majo,1.03,1.03,0.0
5,14,per_cd,2.98,0.555,2.425
5,14,per_ccd,3.42,1.245,2.175
5,14,per_ddc,2.315,0.69,1.625
5,14,mistrust,1.03,1.03,0.0
5,14,WSLS,3.0,2.975,0.02499999999999991
5,14,TFTT,3.02,2.97,0.04999999999999982
5,14,hard_tft,3.0,2.975,0.02499999999999991
5,14,slow_tft,3.02,2.97,0.04999999999999982
5,14,GrdTFT,3.0,2.975,0.02499999999999991
5,14,prober,2.995,2.97,0.02499999999999991
5,14,mem2,3.0,2.975,0.02499999999999991
5,14,grok:grok-3-mini,3.0,2.975,0.02499999999999991
5,14,Tideman & Chieruzzi,2.98,2.98,0.0
5,14,Nydegger,3.02,2.97,0.04999999999999982
5,14,Grofman,3.0,2.975,0.02499999999999991
5,14,Shubik,3.0,2.975,0.02499999999999991
5,14,Stein & Rapoport: 0.05,2.98,2.98,0.0
5,14,GRIM,3.0,2.975,0.02499999999999991
5,14,Davis: 10,3.0,2.975,0.02499999999999991
5,14,Graaskamp: 0.05,2.805,3.105,-0.2999999999999998
5,14,Downing,3.02,2.92,0.10000000000000009
5,14,"Feld: 1.0, 0.5, 200",1.905,2.13,-0.22499999999999987
5,14,Joss: 0.9,1.255,1.355,-0.10000000000000009
5,14,Tullock,1.34,1.415,-0.07499999999999996
5,14,Anonymous,2.615,0.69,1.9250000000000003
5,14,Random: 0.5,3.045,0.77,2.275
5,15,Cu,3.02,2.97,0.04999999999999982
5,15,Du,0.995,1.02,-0.025000000000000022
5,15,Tit For Tat,3.0,2.975,0.02499999999999991
5,15,spiteful,3.0,2.975,0.02499999999999991
5,15,soft_majo,3.02,2.97,0.04999999999999982
5,15,hard_majo,1.03,1.03,0.0
5,15,per_cd,2.98,0.555,2.425
5,15,per_ccd,3.42,1.245,2.175
5,15,per_ddc,2.315,0.69,1.625
5,15,mistrust,1.03,1.03,0.0
5,15,WSLS,3.0,2.975,0.02499999999999991
5,15,TFTT,3.02,2.97,0.04999999999999982
5,15,hard_tft,3.0,2.975,0.02499999999999991
5,15,slow_tft,3.02,2.97,0.04999999999999982
5,15,GrdTFT,3.0,2.975,0.02499999999999991
5,15,prober,2.995,2.97,0.02499999999999991
5,15,mem2,3.0,2.975,0.02499999999999991
5,15,grok:grok-3-mini,3.0,2.975,0.02499999999999991
5,15,Tideman & Chieruzzi,2.98,2.98,0.0
5,15,Nydegger,3.02,2.97,0.04999999999999982
5,15,Grofman,3.02,2.97,0.04999999999999982
5,15,Shubik,3.0,2.975,0.02499999999999991
5,15,Stein & Rapoport: 0.05,2.98,2.98,0.0
5,15,GRIM,3.0,2.975,0.02499999999999991
5,15,Davis: 10,3.0,2.975,0.02499999999999991
5,15,Graaskamp: 0.05,2.775,3.125,-0.3500000000000001
5,15,Downing,3.02,2.92,0.10000000000000009
5,15,"Feld: 1.0, 0.5, 200",1.63,1.73,-0.10000000000000009
5,15,Joss: 0.9,1.04,1.04,0.0
5,15,Tullock,2.75,3.15,-0.3999999999999999
5,15,Anonymous,3.0,0.8,2.2
5,15,Random: 0.5,2.84,0.64,2.1999999999999997
5,16,Cu,3.02,2.97,0.04999999999999982
5,16,Du,0.995,1.02,-0.025000000000000022
5,16,Tit For Tat,3.0,2.975,0.02499999999999991
5,16,spiteful,3.0,2.975,0.02499999999999991
5,16,soft_majo,3.02,2.97,0.04999999999999982
5,16,hard_majo,1.03,1.03,0.0
5,16,per_cd,2.98,0.555,2.425
5,16,per_ccd,3.42,1.245,2.175
5,16,per_ddc,2.315,0.69,1.625
5,16,mistrust,1.03,1.03,0.0
5,16,WSLS,3.0,2.975,0.02499999999999991
5,16,TFTT,3.02,2.97,0.04999999999999982
5,16,hard_tft,3.0,2.975,0.02499999999999991
5,16,slow_tft,3.02,2.97,0.04999999999999982
5,16,GrdTFT,3.0,2.975,0.02499999999999991
5,16,prober,2.995,2.97,0.02499999999999991
5,16,mem2,3.0,2.975,0.02499999999999991
5,16,grok:grok-3-mini,3.0,2.975,0.02499999999999991
5,16,Tideman & Chieruzzi,2.98,2.98,0.0
5,16,Nydegger,3.02,2.97,0.04999999999999982
5,16,Grofman,3.0,2.975,0.02499999999999991
5,16,Shubik,3.0,2.975,0.02499999999999991
5,16,Stein & Rapoport: 0.05,2.98,2.98,0.0
5,16,GRIM,3.0,2.975,0.02499999999999991
5,16,Davis: 10,3.0,2.975,0.02499999999999991
5,16,Graaskamp: 0.05,2.765,3.14,-0.375
5,16,Downing,3.02,2.92,0.10000000000000009
5,16,"Feld: 1.0, 0.5, 200",1.565,1.69,-0.125
5,16,Joss: 0.9,1.91,2.11,-0.19999999999999996
5,16,Tullock,1.235,1.235,0.0
5,16,Anonymous,2.92,0.82,2.1
5,16,Random: 0.5,2.685,0.735,1.9500000000000002
5,17,Cu,3.02,2.97,0.04999999999999982
5,17,Du,0.995,1.02,-0.025000000000000022
5,17,Tit For Tat,3.0,2.975,0.02499999999999991
5,17,spiteful,3.0,2.975,0.02499999999999991
5,17,soft_majo,3.02,2.97,0.04999999999999982
5,17,hard_majo,1.03,1.03,0.0
5,17,per_cd,2.98,0.555,2.425
5,17,per_ccd,3.42,1.245,2.175
5,17,per_ddc,2.315,0.69,1.625
5,17,mistrust,1.03,1.03,0.0
5,17,WSLS,3.0,2.975,0.02499999999999991
5,17,TFTT,3.02,2.97,0.04999999999999982
5,17,hard_tft,3.0,2.975,0.02499999999999991
5,17,slow_tft,3.02,2.97,0.04999999999999982
5,17,GrdTFT,3.0,2.975,0.02499999999999991
5,17,prober,2.995,2.97,0.02499999999999991
5,17,mem2,3.0,2.975,0.02499999999999991
5,17,grok:grok-3-mini,3.0,2.975,0.02499999999999991
5,17,Tideman & Chieruzzi,2.98,2.98,0.0
5,17,Nydegger,3.02,2.97,0.04999999999999982
5,17,Grofman,3.0,2.975,0.02499999999999991
5,17,Shubik,3.0,2.975,0.02499999999999991
5,17,Stein & Rapoport: 0.05,2.98,2.98,0.0
5,17,GRIM,3.0,2.975,0.02499999999999991
5,17,Davis: 10,3.0,2.975,0.02499999999999991
5,17,Graaskamp: 0.05,2.795,3.12,-0.3250000000000002
5,17,Downing,3.02,2.92,0.10000000000000009
5,17,"Feld: 1.0, 0.5, 200",1.815,1.94,-0.125
5,17,Joss: 0.9,2.03,2.255,-0.2250000000000001
5,17,Tullock,2.795,3.12,-0.3250000000000002
5,17,Anonymous,2.855,0.755,2.1
5,17,Random: 0.5,2.94,0.815,2.125
5,18,Cu,3.02,2.97,0.04999999999999982
5,18,Du,0.995,1.02,-0.025000000000000022
5,18,Tit For Tat,3.0,2.975,0.02499999999999991
5,18,spiteful,3.0,2.975,0.02499999999999991
5,18,soft_majo,3.02,2.97,0.04999999999999982
5,18,hard_majo,1.03,1.03,0.0
5,18,per_cd,2.98,0.555,2.425
5,18,per_ccd,3.42,1.245,2.175
5,18,per_ddc,2.315,0.69,1.625
5,18,mistrust,1.03,1.03,0.0
5,18,WSLS,3.0,2.975,0.02499999999999991
5,18,TFTT,3.02,2.97,0.04999999999999982
5,18,hard_tft,3.0,2.975,0.02499999999999991
5,18,slow_tft,3.02,2.97,0.04999999999999982
5,18,GrdTFT,3.0,2.975,0.02499999999999991
5,18,prober,2.995,2.97,0.02499999999999991
5,18,mem2,3.0,2.975,0.02499999999999991
5,18,grok:grok-3-mini,3.0,2.975,0.02499999999999991
5,18,Tideman & Chieruzzi,2.98,2.98,0.0
5,18,Nydegger,3.02,2.97,0.04999999999999982
5,18,Grofman,3.0,2.975,0.02499999999999991
5,18,Shubik,3.0,2.975,0.02499999999999991
5,18,Stein & Rapoport: 0.05,2.98,2.98,0.0
5,18,GRIM,3.0,2.975,0.02499999999999991
5,18,Davis: 10,3.0,2.975,0.02499999999999991
5,18,Graaskamp: 0.05,2.78,3.13,-0.3500000000000001
5,18,Downing,3.02,2.92,0.10000000000000009
5,18,"Feld: 1.0, 0.5, 200",1.485,1.61,-0.125
5,18,Joss: 0.9,1.04,1.04,0.0
5,18,Tullock,2.825,3.1,-0.2749999999999999
5,18,Anonymous,2.745,0.695,2.0500000000000003
5,18,Random: 0.5,2.83,0.88,1.9500000000000002
5,19,Cu,3.02,2.97,0.04999999999999982
5,19,Du,0.995,1.02,-0.025000000000000022
5,19,Tit For Tat,3.0,2.975,0.02499999999999991
5,19,spiteful,3.0,2.975,0.02499999999999991
5,19,soft_majo,3.02,2.97,0.04999999999999982
5,19,hard_majo,1.03,1.03,0.0
5,19,per_cd,2.98,0.555,2.425
5,19,per_ccd,3.42,1.245,2.175
5,19,per_ddc,2.315,0.69,1.625
5,19,mistrust,1.03,1.03,0.0
5,19,WSLS,3.0,2.975,0.02499999999999991
5,19,TFTT,3.02,2.97,0.04999999999999982
5,19,hard_tft,3.0,2.975,0.02499999999999991
5,19,slow_tft,3.02,2.97,0.04999999999999982
5,19,GrdTFT,3.0,2.975,0.02499999999999991
5,19,prober,2.995,2.97,0.02499999999999991
5,19,mem2,3.0,2.975,0.02499999999999991
5,19,grok:grok-3-mini,3.0,2.975,0.02499999999999991
5,19,Tideman & Chieruzzi,2.98,2.98,0.0
5,19,Nydegger,3.02,2.97,0.04999999999999982
5,19,Grofman,3.0,2.975,0.02499999999999991
5,19,Shubik,3.0,2.975,0.02499999999999991
5,19,Stein & Rapoport: 0.05,2.98,2.98,0.0
5,19,GRIM,3.0,2.975,0.02499999999999991
5,19,Davis: 10,3.0,2.975,0.02499999999999991
5,19,Graaskamp: 0.05,2.795,3.12,-0.3250000000000002
5,19,Downing,3.02,2.92,0.10000000000000009
5,19,"Feld: 1.0, 0.5, 200",1.325,1.425,-0.10000000000000009
5,19,Joss: 0.9,1.74,1.915,-0.17500000000000004
5,19,Tullock,1.43,1.48,-0.050000000000000044
5,19,Anonymous,2.81,0.76,2.05
5,19,Random: 0.5,2.76,0.935,1.8249999999999997
6,0,Cu,3.02,2.97,0.04999999999999982
6,0,Du,0.995,1.02,-0.025000000000000022
6,0,Tit For Tat,3.0,2.975,0.02499999999999991
6,0,spiteful,3.0,2.975,0.02499999999999991
6,0,soft_majo,3.02,2.97,0.04999999999999982
6,0,hard_majo,1.03,1.03,0.0
6,0,per_cd,2.98,0.555,2.425
6,0,per_ccd,3.42,1.245,2.175
6,0,per_ddc,2.315,0.69,1.625
6,0,mistrust,1.03,1.03,0.0
6,0,WSLS,3.0,2.975,0.02499999999999991
6,0,TFTT,3.02,2.97,0.04999999999999982
6,0,hard_tft,3.0,2.975,0.02499999999999991
6,0,slow_tft,3.02,2.97,0.04999999999999982
6,0,GrdTFT,3.0,2.975,0.02499999999999991
6,0,prober,2.995,2.97,0.02499999999999991
6,0,mem2,3.0,2.975,0.02499999999999991
6,0,grok:grok-3-mini,3.0,2.975,0.02499999999999991
6,0,Tideman & Chieruzzi,2.98,2.98,0.0
6,0,Nydegger,3.02,2.97,0.04999999999999982
6,0,Grofman,3.0,2.975,0.02499999999999991
6,0,Shubik,3.0,2.975,0.02499999999999991
6,0,Stein & Rapoport: 0.05,2.98,2.98,0.0
6,0,GRIM,3.0,2.975,0.02499999999999991
6,0,Davis: 10,3.0,2.975,0.02499999999999991
6,0,Graaskamp: 0.05,2.78,3.13,-0.3500000000000001
6,0,Downing,3.02,2.92,0.10000000000000009
6,0,"Feld: 1.0, 0.5, 200",1.57,1.745,-0.17500000000000004
6,0,Joss: 0.9,2.12,2.27,-0.1499999999999999
6,0,Tullock,2.41,2.685,-0.2749999999999999
6,0,Anonymous,2.67,0.695,1.975
6,0,Random: 0.5,2.865,0.64,2.225
6,1,Cu,3.02,2.97,0.04999999999999982
6,1,Du,0.995,1.02,-0.025000000000000022
6,1,Tit For Tat,3.0,2.975,0.02499999999999991
6,1,spiteful,3.0,2.975,0.02499999999999991
6,1,soft_majo,3.02,2.97,0.04999999999999982
6,1,hard_majo,1.03,1.03,0.0
6,1,per_cd,2.98,0.555,2.425
6,1,per_ccd,3.42,1.245,2.175
6,1,per_ddc,2.315,0.69,1.625
6,1,mistrust,1.03,1.03,0.0
6,1,WSLS,3.0,2.975,0.02499999999999991
6,1,TFTT,3.02,2.97,0.04999999999999982
6,1,hard_tft,3.0,2.975,0.02499999999999991
6,1,slow_tft,3.02,2.97,0.04999999999999982
6,1,GrdTFT,3.0,2.975,0.02499999999999991
6,1,prober,2.995,2.97,0.02499999999999991
6,1,mem2,3.0,2.975,0.02499999999999991
6,1,grok:grok-3-mini,3.0,2.975,0.02499999999999991
6,1,Tideman & Chieruzzi,2.98,2.98,0.0
6,1,Nydegger,3.02,2.97,0.04999999999999982
6,1,Grofman,3.02,2.97,0.04999999999999982
6,1,Shubik,3.0,2.975,0.02499999999999991
6,1,Stein & Rapoport: 0.05,2.98,2.98,0.0
6,1,GRIM,3.0,2.975,0.02499999999999991
6,1,Davis: 10,3.0,2.975,0.02499999999999991
6,1,Graaskamp: 0.05,2.81,3.11,-0.2999999999999998
6,1,Downing,3.02,2.92,0.10000000000000009
6,1,"Feld: 1.0, 0.5, 200",1.99,2.34,-0.34999999999999987
6,1,Joss: 0.9,1.095,1.12,-0.025000000000000133
6,1,Tullock,1.53,1.53,0.0
6,1,Anonymous,2.84,0.69,2.15
6,1,Random: 0.5,2.85,0.775,2.075
6,2,Cu,3.02,2.97,0.04999999999999982
6,2,Du,0.995,1.02,-0.025000000000000022
6,2,Tit For Tat,3.0,2.975,0.02499999999999991
6,2,spiteful,3.0,2.975,0.02499999999999991
6,2,soft_majo,3.02,2.97,0.04999999999999982
6,2,hard_majo,1.03,1.03,0.0
6,2,per_cd,2.98,0.555,2.425
6,2,per_ccd,3.42,1.245,2.175
6,2,per_ddc,2.315,0.69,1.625
6,2,mistrust,1.03,1.03,0.0
6,2,WSLS,3.0,2.975,0.02499999999999991
6,2,TFTT,3.02,2.97,0.04999999999999982
6,2,hard_tft,3.0,2.975,0.02499999999999991
6,2,slow_tft,3.02,2.97,0.04999999999999982
6,2,GrdTFT,3.0,2.975,0.02499999999999991
6,2,prober,2.995,2.97,0.02499999999999991
6,2,mem2,3.0,2.975,0.02499999999999991
6,2,grok:grok-3-mini,3.0,2.975,0.02499999999999991
6,2,Tideman & Chieruzzi,2.98,2.98,0.0
6,2,Nydegger,3.02,2.97,0.04999999999999982
6,2,Grofman,3.0,2.975,0.02499999999999991
6,2,Shubik,3.0,2.975,0.02499999999999991
6,2,Stein & Rapoport: 0.05,2.98,2.98,0.0
6,2,GRIM,3.0,2.975,0.02499999999999991
6,2,Davis: 10,3.0,2.975,0.02499999999999991
6,2,Graaskamp: 0.05,2.795,3.12,-0.3250000000000002
6,2,Downing,3.02,2.92,0.10000000000000009
6,2,"Feld: 1.0, 0.5, 200",1.635,1.835,-0.19999999999999996
6,2,Joss: 0.9,1.56,1.685,-0.125
6,2,Tullock,2.79,3.09,-0.2999999999999998
6,2,Anonymous,2.915,0.69,2.225
6,2,Random: 0.5,3.005,1.105,1.9
6,3,Cu,3.02,2.97,0.04999999999999982
6,3,Du,0.995,1.02,-0.025000000000000022
6,3,Tit For Tat,3.0,2.975,0.02499999999999991
6,3,spiteful,3.0,2.975,0.02499999999999991
6,3,soft_majo,3.02,2.97,0.04999999999999982
6,3,hard_majo,1.03,1.03,0.0
6,3,per_cd,2.98,0.555,2.425
6,3,per_ccd,3.42,1.245,2.175
6,3,per_ddc,2.315,0.69,1.625
6,3,mistrust,1.03,1.03,0.0
6,3,WSLS,3.0,2.975,0.02499999999999991
6,3,TFTT,3.02,2.97,0.04999999999999982
6,3,hard_tft,3.0,2.975,0.02499999999999991
6,3,slow_tft,3.02,2.97,0.04999999999999982
6,3,GrdTFT,3.0,2.975,0.02499999999999991
6,3,prober,2.995,2.97,0.02499999999999991
6,3,mem2,3.0,2.975,0.02499999999999991
6,3,grok:grok-3-mini,3.0,2.975,0.02499999999999991
6,3,Tideman & Chieruzzi,2.98,2.98,0.0
6,3,Nydegger,3.02,2.97,0.04999999999999982
6,3,Grofman,3.02,2.97,0.04999999999999982
6,3,Shubik,3.0,2.975,0.02499999999999991
6,3,Stein & Rapoport: 0.05,2.98,2.98,0.0
6,3,GRIM,3.0,2.975,0.02499999999999991
6,3,Davis: 10,3.0,2.975,0.02499999999999991
6,3,Graaskamp: 0.05,2.775,3.125,-0.3500000000000001
6,3,Downing,3.02,2.92,0.10000000000000009
6,3,"Feld: 1.0, 0.5, 200",1.71,1.835,-0.125
6,3,Joss: 0.9,1.185,1.21,-0.02499999999999991
6,3,Tullock,2.06,2.235,-0.17499999999999982
6,3,Anonymous,2.71,0.735,1.975
6,3,Random: 0.5,2.87,0.82,2.0500000000000003
6,4,Cu,3.02,2.97,0.04999999999999982
6,4,Du,0.995,1.02,-0.025000000000000022
6,4,Tit For Tat,3.0,2.975,0.02499999999999991
6,4,spiteful,3.0,2.975,0.02499999999999991
6,4,soft_majo,3.02,2.97,0.04999999999999982
6,4,hard_majo,1.03,1.03,0.0
6,4,per_cd,2.98,0.555,2.425
6,4,per_ccd,3.42,1.245,2.175
6,4,per_ddc,2.315,0.69,1.625
6,4,mistrust,1.03,1.03,0.0
6,4,WSLS,3.0,2.975,0.02499999999999991
6,4,TFTT,3.02,2.97,0.04999999999999982
6,4,hard_tft,3.0,2.975,0.02499999999999991
6,4,slow_tft,3.02,2.97,0.04999999999999982
6,4,GrdTFT,3.0,2.975,0.02499999999999991
6,4,prober,2.995,2.97,0.02499999999999991
6,4,mem2,3.0,2.975,0.02499999999999991
6,4,grok:grok-3-mini,3.0,2.975,0.02499999999999991
6,4,Tideman & Chieruzzi,2.98,2.98,0.0
6,4,Nydegger,3.02,2.97,0.04999999999999982
6,4,Grofman,3.0,2.975,0.02499999999999991
6,4,Shubik,3.0,2.975,0.02499999999999991
6,4,Stein & Rapoport: 0.05,2.98,2.98,0.0
6,4,GRIM,3.0,2.975,0.02499999999999991
6,4,Davis: 10,3.0,2.975,0.02499999999999991
6,4,Graaskamp: 0.05,2.795,3.12,-0.3250000000000002
6,4,Downing,3.02,2.92,0.10000000000000009
6,4,"Feld: 1.0, 0.5, 200",1.965,2.09,-0.12499999999999978
6,4,Joss: 0.9,2.375,2.6,-0.2250000000000001
6,4,Tullock,1.865,2.065,-0.19999999999999996
6,4,Anonymous,2.945,0.645,2.3
6,4,Random: 0.5,2.835,0.885,1.95
6,5,Cu,3.02,2.97,0.04999999999999982
6,5,Du,0.995,1.02,-0.025000000000000022
6,5,Tit For Tat,3.0,2.975,0.02499999999999991
6,5,spiteful,3.0,2.975,0.02499999999999991
6,5,soft_majo,3.02,2.97,0.04999999999999982
6,5,hard_majo,1.03,1.03,0.0
6,5,per_cd,2.98,0.555,2.425
6,5,per_ccd,3.42,1.245,2.175
6,5,per_ddc,2.315,0.69,1.625
6,5,mistrust,1.03,1.03,0.0
6,5,WSLS,3.0,2.975,0.02499999999999991
6,5,TFTT,3.02,2.97,0.04999999999999982
6,5,hard_tft,3.0,2.975,0.02499999999999991
6,5,slow_tft,3.02,2.97,0.04999999999999982
6,5,GrdTFT,3.0,2.975,0.02499999999999991
6,5,prober,2.995,2.97,0.02499999999999991
6,5,mem2,3.0,2.975,0.02499999999999991
6,5,grok:grok-3-mini,3.0,2.975,0.02499999999999991
6,5,Tideman & Chieruzzi,2.98,2.98,0.0
6,5,Nydegger,3.02,2.97,0.04999999999999982
6,5,Grofman,3.0,2.975,0.02499999999999991
6,5,Shubik,3.0,2.975,0.02499999999999991
6,5,Stein & Rapoport: 0.05,2.98,2.98,0.0
6,5,GRIM,3.0,2.975,0.02499999999999991
6,5,Davis: 10,3.0,2.975,0.02499999999999991
6,5,Graaskamp: 0.05,2.79,3.115,-0.3250000000000002
6,5,Downing,3.02,2.92,0.10000000000000009
6,5,"Feld: 1.0, 0.5, 200",1.615,1.765,-0.1499999999999999
6,5,Joss: 0.9,1.635,1.785,-0.1499999999999999
6,5,Tullock,1.87,1.97,-0.09999999999999987
6,5,Anonymous,2.905,0.805,2.0999999999999996
6,5,Random: 0.5,2.99,0.815,2.1750000000000003
6,6,Cu,3.02,2.97,0.04999999999999982
6,6,Du,0.995,1.02,-0.025000000000000022
6,6,Tit For Tat,3.0,2.975,0.02499999999999991
6,6,spiteful,3.0,2.975,0.02499999999999991
6,6,soft_majo,3.02,2.97,0.04999999999999982
6,6,hard_majo,1.03,1.03,0.0
6,6,per_cd,2.98,0.555,2.425
6,6,per_ccd,3.42,1.245,2.175
6,6,per_ddc,2.315,0.69,1.625
6,6,mistrust,1.03,1.03,0.0
6,6,WSLS,3.0,2.975,0.02499999999999991
6,6,TFTT,3.02,2.97,0.04999999999999982
6,6,hard_tft,3.0,2.975,0.02499999999999991
6,6,slow_tft,3.02,2.97,0.04999999999999982
6,6,GrdTFT,3.0,2.975,0.02499999999999991
6,6,prober,2.995,2.97,0.02499999999999991
6,6,mem2,3.0,2.975,0.02499999999999991
6,6,grok:grok-3-mini,3.0,2.975,0.02499999999999991
6,6,Tideman & Chieruzzi,2.98,2.98,0.0
6,6,Nydegger,3.02,2.97,0.04999999999999982
6,6,Grofman,3.0,2.975,0.02499999999999991
6,6,Shubik,3.0,2.975,0.02499999999999991
6,6,Stein & Rapoport: 0.05,2.98,2.98,0.0
6,6,GRIM,3.0,2.975,0.02499999999999991
6,6,Davis: 10,3.0,2.975,0.02499999999999991
6,6,Graaskamp: 0.05,2.81,3.11,-0.2999999999999998
6,6,Downing,3.02,2.92,0.10000000000000009
6,6,"Feld: 1.0, 0.5, 200",1.265,1.29,-0.025000000000000133
6,6,Joss: 0.9,1.065,1.14,-0.07499999999999996
6,6,Tullock,1.445,1.52,-0.07499999999999996
6,6,Anonymous,2.71,0.885,1.825
6,6,Random: 0.5,2.985,0.685,2.3
6,7,Cu,3.02,2.97,0.04999999999999982
6,7,Du,0.995,1.02,-0.025000000000000022
6,7,Tit For Tat,3.0,2.975,0.02499999999999991
6,7,spiteful,3.0,2.975,0.02499999999999991
6,7,soft_majo,3.02,2.97,0.04999999999999982
6,7,hard_majo,1.03,1.03,0.0
6,7,per_cd,2.98,0.555,2.425
6,7,per_ccd,3.42,1.245,2.175
6,7,per_ddc,2.315,0.69,1.625
6,7,mistrust,1.03,1.03,0.0
6,7,WSLS,3.0,2.975,0.02499999999999991
6,7,TFTT,3.02,2.97,0.04999999999999982
6,7,hard_tft,3.0,2.975,0.02499999999999991
6,7,slow_tft,3.02,2.97,0.04999999999999982
6,7,GrdTFT,3.0,2.975,0.02499999999999991
6,7,prober,2.995,2.97,0.02499999999999991
6,7,mem2,3.0,2.975,0.02499999999999991
6,7,grok:grok-3-mini,3.0,2.975,0.02499999999999991
6,7,Tideman & Chieruzzi,2.98,2.98,0.0
6,7,Nydegger,3.02,2.97,0.04999999999999982
6,7,Grofman,3.02,2.97,0.04999999999999982
6,7,Shubik,3.0,2.975,0.02499999999999991
6,7,Stein & Rapoport: 0.05,2.98,2.98,0.0
6,7,GRIM,3.0,2.975,0.02499999999999991
6,7,Davis: 10,3.0,2.975,0.02499999999999991
6,7,Graaskamp: 0.05,2.775,3.125,-0.3500000000000001
6,7,Downing,3.02,2.92,0.10000000000000009
6,7,"Feld: 1.0, 0.5, 200",1.76,1.91,-0.1499999999999999
6,7,Joss: 0.9,1.29,1.39,-0.09999999999999987
6,7,Tullock,2.435,2.735,-0.2999999999999998
6,7,Anonymous,2.95,0.8,2.1500000000000004
6,7,Random: 0.5,2.975,1.0,1.975
6,8,Cu,3.02,2.97,0.04999999999999982
6,8,Du,0.995,1.02,-0.025000000000000022
6,8,Tit For Tat,3.0,2.975,0.02499999999999991
6,8,spiteful,3.0,2.975,0.02499999999999991
6,8,soft_majo,3.02,2.97,0.04999999999999982
6,8,hard_majo,1.03,1.03,0.0
6,8,per_cd,2.98,0.555,2.425
6,8,per_ccd,3.42,1.245,2.175
6,8,per_ddc,2.315,0.69,1.625
6,8,mistrust,1.03,1.03,0.0
6,8,WSLS,3.0,2.975,0.02499999999999991
6,8,TFTT,3.02,2.97,0.04999999999999982
6,8,hard_tft,3.0,2.975,0.02499999999999991
6,8,slow_tft,3.02,2.97,0.04999999999999982
6,8,GrdTFT,3.0,2.975,0.02499999999999991
6,8,prober,2.995,2.97,0.02499999999999991
6,8,mem2,3.0,2.975,0.02499999999999991
6,8,grok:grok-3-mini,3.0,2.975,0.02499999999999991
6,8,Tideman & Chieruzzi,2.98,2.98,0.0
6,8,Nydegger,3.02,2.97,0.04999999999999982
6,8,Grofman,3.0,2.975,0.02499999999999991
6,8,Shubik,3.0,2.975,0.02499999999999991
6,8,Stein & Rapoport: 0.05,2.98,2.98,0.0
6,8,GRIM,3.0,2.975,0.02499999999999991
6,8,Davis: 10,3.0,2.975,0.02499999999999991
6,8,Graaskamp: 0.05,2.81,3.11,-0.2999999999999998
6,8,Downing,3.02,2.92,0.10000000000000009
6,8,"Feld: 1.0, 0.5, 200",1.555,1.63,-0.07499999999999996
6,8,Joss: 0.9,1.225,1.275,-0.04999999999999982
6,8,Tullock,2.375,2.6,-0.2250000000000001
6,8,Anonymous,2.955,0.58,2.375
6,8,Random: 0.5,3.015,0.99,2.0250000000000004
6,9,Cu,3.02,2.97,0.04999999999999982
6,9,Du,0.995,1.02,-0.025000000000000022
6,9,Tit For Tat,3.0,2.975,0.02499999999999991
6,9,spiteful,3.0,2.975,0.02499999999999991
6,9,soft_majo,3.02,2.97,0.04999999999999982
6,9,hard_majo,1.03,1.03,0.0
6,9,per_cd,2.98,0.555,2.425
6,9,per_ccd,3.42,1.245,2.175
6,9,per_ddc,2.315,0.69,1.625
6,9,mistrust,1.03,1.03,0.0
6,9,WSLS,3.0,2.975,0.02499999999999991
6,9,TFTT,3.02,2.97,0.04999999999999982
6,9,hard_tft,3.0,2.975,0.02499999999999991
6,9,slow_tft,3.02,2.97,0.04999999999999982
6,9,GrdTFT,3.0,2.975,0.02499999999999991
6,9,prober,2.995,2.97,0.02499999999999991
6,9,mem2,3.0,2.975,0.02499999999999991
6,9,grok:grok-3-mini,3.0,2.975,0.02499999999999991
6,9,Tideman & Chieruzzi,2.98,2.98,0.0
6,9,Nydegger,3.02,2.97,0.04999999999999982
6,9,Grofman,3.02,2.97,0.04999999999999982
6,9,Shubik,3.0,2.975,0.02499999999999991
6,9,Stein & Rapoport: 0.05,2.98,2.98,0.0
6,9,GRIM,3.0,2.975,0.02499999999999991
6,9,Davis: 10,3.0,2.975,0.02499999999999991
6,9,Graaskamp: 0.05,2.81,3.11,-0.2999999999999998
6,9,Downing,3.02,2.92,0.10000000000000009
6,9,"Feld: 1.0, 0.5, 200",1.58,1.705,-0.125
6,9,Joss: 0.9,1.505,1.58,-0.07500000000000018
6,9,Tullock,1.555,1.58,-0.025000000000000133
6,9,Anonymous,2.945,0.995,1.9499999999999997
6,9,Random: 0.5,2.76,0.685,2.0749999999999997
6,10,Cu,3.02,2.97,0.04999999999999982
6,10,Du,0.995,1.02,-0.025000000000000022
6,10,Tit For Tat,3.0,2.975,0.02499999999999991
6,10,spiteful,3.0,2.975,0.02499999999999991
6,10,soft_majo,3.02,2.97,0.04999999999999982
6,10,hard_majo,1.03,1.03,0.0
6,10,per_cd,2.98,0.555,2.425
6,10,per_ccd,3.42,1.245,2.175
6,10,per_ddc,2.315,0.69,1.625
6,10,mistrust,1.03,1.03,0.0
6,10,WSLS,3.0,2.975,0.02499999999999991
6,10,TFTT,3.02,2.97,0.04999999999999982
6,10,hard_tft,3.0,2.975,0.02499999999999991
6,10,slow_tft,3.02,2.97,0.04999999999999982
6,10,GrdTFT,3.0,2.975,0.02499999999999991
6,10,prober,2.995,2.97,0.02499999999999991
6,10,mem2,3.0,2.975,0.02499999999999991
6,10,grok:grok-3-mini,3.0,2.975,0.02499999999999991
6,10,Tideman & Chieruzzi,2.98,2.98,0.0
6,10,Nydegger,3.02,2.97,0.04999999999999982
6,10,Grofman,3.0,2.975,0.02499999999999991
6,10,Shubik,3.0,2.975,0.02499999999999991
6,10,Stein & Rapoport: 0.05,2.98,2.98,0.0
6,10,GRIM,3.0,2.975,0.02499999999999991
6,10,Davis: 10,3.0,2.975,0.02499999999999991
6,10,Graaskamp: 0.05,2.795,3.12,-0.3250000000000002
6,10,Downing,3.02,2.92,0.10000000000000009
6,10,"Feld: 1.0, 0.5, 200",1.37,1.445,-0.07499999999999996
6,10,Joss: 0.9,1.325,1.375,-0.050000000000000044
6,10,Tullock,2.72,3.17,-0.44999999999999973
6,10,Anonymous,3.015,0.69,2.325
6,10,Random: 0.5,2.805,0.58,2.225
6,11,Cu,3.02,2.97,0.04999999999999982
6,11,Du,0.995,1.02,-0.025000000000000022
6,11,Tit For Tat,3.0,2.975,0.02499999999999991
6,11,spiteful,3.0,2.975,0.02499999999999991
6,11,soft_majo,3.02,2.97,0.04999999999999982
6,11,hard_majo,1.03,1.03,0.0
6,11,per_cd,2.98,0.555,2.425
6,11,per_ccd,3.42,1.245,2.175
6,11,per_ddc,2.315,0.69,1.625
6,11,mistrust,1.03,1.03,0.0
6,11,WSLS,3.0,2.975,0.02499999999999991
6,11,TFTT,3.02,2.97,0.04999999999999982
6,11,hard_tft,3.0,2.975,0.02499999999999991
6,11,slow_tft,3.02,2.97,0.04999999999999982
6,11,GrdTFT,3.0,2.975,0.02499999999999991
6,11,prober,2.995,2.97,0.02499999999999991
6,11,mem2,3.0,2.975,0.02499999999999991
6,11,grok:grok-3-mini,3.0,2.975,0.02499999999999991
6,11,Tideman & Chieruzzi,2.98,2.98,0.0
6,11,Nydegger,3.02,2.97,0.04999999999999982
6,11,Grofman,3.02,2.97,0.04999999999999982
6,11,Shubik,3.0,2.975,0.02499999999999991
6,11,Stein & Rapoport: 0.05,2.98,2.98,0.0
6,11,GRIM,3.0,2.975,0.02499999999999991
6,11,Davis: 10,3.0,2.975,0.02499999999999991
6,11,Graaskamp: 0.05,2.825,3.1,-0.2749999999999999
6,11,Downing,3.02,2.92,0.10000000000000009
6,11,"Feld: 1.0, 0.5, 200",1.625,1.75,-0.125
6,11,Joss: 0.9,1.38,1.505,-0.125
6,11,Tullock,1.22,1.195,0.02499999999999991
6,11,Anonymous,2.855,0.755,2.1
6,11,Random: 0.5,2.96,0.61,2.35
6,12,Cu,3.02,2.97,0.04999999999999982
6,12,Du,0.995,1.02,-0.025000000000000022
6,12,Tit For Tat,3.0,2.975,0.02499999999999991
6,12,spiteful,3.0,2.975,0.02499999999999991
6,12,soft_majo,3.02,2.97,0.04999999999999982
6,12,hard_majo,1.03,1.03,0.0
6,12,per_cd,2.98,0.555,2.425
6,12,per_ccd,3.42,1.245,2.175
6,12,per_ddc,2.315,0.69,1.625
6,12,mistrust,1.03,1.03,0.0
6,12,WSLS,3.0,2.975,0.02499999999999991
6,12,TFTT,3.02,2.97,0.04999999999999982
6,12,hard_tft,3.0,2.975,0.02499999999999991
6,12,slow_tft,3.02,2.97,0.04999999999999982
6,12,GrdTFT,3.0,2.975,0.02499999999999991
6,12,prober,2.995,2.97,0.02499999999999991
6,12,mem2,3.0,2.975,0.02499999999999991
6,12,grok:grok-3-mini,3.0,2.975,0.02499999999999991
6,12,Tideman & Chieruzzi,2.98,2.98,0.0
6,12,Nydegger,3.02,2.97,0.04999999999999982
6,12,Grofman,3.0,2.975,0.02499999999999991
6,12,Shubik,3.0,2.975,0.02499999999999991
6,12,Stein & Rapoport: 0.05,2.98,2.98,0.0
6,12,GRIM,3.0,2.975,0.02499999999999991
6,12,Davis: 10,3.0,2.975,0.02499999999999991
6,12,Graaskamp: 0.05,2.78,3.13,-0.3500000000000001
6,12,Downing,3.02,2.92,0.10000000000000009
6,12,"Feld: 1.0, 0.5, 200",1.41,1.46,-0.050000000000000044
6,12,Joss: 0.9,2.255,2.505,-0.25
6,12,Tullock,1.37,1.395,-0.02499999999999991
6,12,Anonymous,2.915,0.94,1.975
6,12,Random: 0.5,2.915,0.665,2.25
6,13,Cu,3.02,2.97,0.04999999999999982
6,13,Du,0.995,1.02,-0.025000000000000022
6,13,Tit For Tat,3.0,2.975,0.02499999999999991
6,13,spiteful,3.0,2.975,0.02499999999999991
6,13,soft_majo,3.02,2.97,0.04999999999999982
6,13,hard_majo,1.03,1.03,0.0
6,13,per_cd,2.98,0.555,2.425
6,13,per_ccd,3.42,1.245,2.175
6,13,per_ddc,2.315,0.69,1.625
6,13,mistrust,1.03,1.03,0.0
6,13,WSLS,3.0,2.975,0.02499999999999991
6,13,TFTT,3.02,2.97,0.04999999999999982
6,13,hard_tft,3.0,2.975,0.02499999999999991
6,13,slow_tft,3.02,2.97,0.04999999999999982
6,13,GrdTFT,3.0,2.975,0.02499999999999991
6,13,prober,2.995,2.97,0.02499999999999991
6,13,mem2,3.0,2.975,0.02499999999999991
6,13,grok:grok-3-mini,3.0,2.975,0.02499999999999991
6,13,Tideman & Chieruzzi,2.98,2.98,0.0
6,13,Nydegger,3.02,2.97,0.04999999999999982
6,13,Grofman,3.0,2.975,0.02499999999999991
6,13,Shubik,3.0,2.975,0.02499999999999991
6,13,Stein & Rapoport: 0.05,2.98,2.98,0.0
6,13,GRIM,3.0,2.975,0.02499999999999991
6,13,Davis: 10,3.0,2.975,0.02499999999999991
6,13,Graaskamp: 0.05,2.825,3.1,-0.2749999999999999
6,13,Downing,3.02,2.92,0.10000000000000009
6,13,"Feld: 1.0, 0.5, 200",2.02,2.295,-0.2749999999999999
6,13,Joss: 0.9,1.05,1.05,0.0
6,13,Tullock,2.7,3.175,-0.47499999999999964
6,13,Anonymous,2.715,0.94,1.775
6,13,Random: 0.5,3.0,1.025,1.975
6,14,Cu,3.02,2.97,0.04999999999999982
6,14,Du,0.995,1.02,-0.025000000000000022
6,14,Tit For Tat,3.0,2.975,0.02499999999999991
6,14,spiteful,3.0,2.975,0.02499999999999991
6,14,soft_majo,3.02,2.97,0.04999999999999982
6,14,hard_majo,1.03,1.03,0.0
6,14,per_cd,2.98,0.555,2.425
6,14,per_ccd,3.42,1.245,2.175
6,14,per_ddc,2.315,0.69,1.625
6,14,mistrust,1.03,1.03,0.0
6,14,WSLS,3.0,2.975,0.02499999999999991
6,14,TFTT,3.02,2.97,0.04999999999999982
6,14,hard_tft,3.0,2.975,0.02499999999999991
6,14,slow_tft,3.02,2.97,0.04999999999999982
6,14,GrdTFT,3.0,2.975,0.02499999999999991
6,14,prober,2.995,2.97,0.02499999999999991
6,14,mem2,3.0,2.975,0.02499999999999991
6,14,grok:grok-3-mini,3.0,2.975,0.02499999999999991
6,14,Tideman & Chieruzzi,2.98,2.98,0.0
6,14,Nydegger,3.02,2.97,0.04999999999999982
6,14,Grofman,3.0,2.975,0.02499999999999991
6,14,Shubik,3.0,2.975,0.02499999999999991
6,14,Stein & Rapoport: 0.05,2.98,2.98,0.0
6,14,GRIM,3.0,2.975,0.02499999999999991
6,14,Davis: 10,3.0,2.975,0.02499999999999991
6,14,Graaskamp: 0.05,2.825,3.1,-0.2749999999999999
6,14,Downing,3.02,2.92,0.10000000000000009
6,14,"Feld: 1.0, 0.5, 200",1.675,1.85,-0.17500000000000004
6,14,Joss: 0.9,1.3,1.35,-0.050000000000000044
6,14,Tullock,2.735,3.16,-0.42500000000000027
6,14,Anonymous,3.02,0.695,2.325
6,14,Random: 0.5,2.66,0.685,1.975
6,15,Cu,3.02,2.97,0.04999999999999982
6,15,Du,0.995,1.02,-0.025000000000000022
6,15,Tit For Tat,3.0,2.975,0.02499999999999991
6,15,spiteful,3.0,2.975,0.02499999999999991
6,15,soft_majo,3.02,2.97,0.04999999999999982
6,15,hard_majo,1.03,1.03,0.0
6,15,per_cd,2.98,0.555,2.425
6,15,per_ccd,3.42,1.245,2.175
6,15,per_ddc,2.315,0.69,1.625
6,15,mistrust,1.03,1.03,0.0
6,15,WSLS,3.0,2.975,0.02499999999999991
6,15,TFTT,3.02,2.97,0.04999999999999982
6,15,hard_tft,3.0,2.975,0.02499999999999991
6,15,slow_tft,3.02,2.97,0.04999999999999982
6,15,GrdTFT,3.0,2.975,0.02499999999999991
6,15,prober,2.995,2.97,0.02499999999999991
6,15,mem2,3.0,2.975,0.02499999999999991
6,15,grok:grok-3-mini,3.0,2.975,0.02499999999999991
6,15,Tideman & Chieruzzi,2.98,2.98,0.0
6,15,Nydegger,3.02,2.97,0.04999999999999982
6,15,Grofman,3.02,2.97,0.04999999999999982
6,15,Shubik,3.0,2.975,0.02499999999999991
6,15,Stein & Rapoport: 0.05,2.98,2.98,0.0
6,15,GRIM,3.0,2.975,0.02499999999999991
6,15,Davis: 10,3.0,2.975,0.02499999999999991
6,15,Graaskamp: 0.05,2.81,3.11,-0.2999999999999998
6,15,Downing,3.02,2.92,0.10000000000000009
6,15,"Feld: 1.0, 0.5, 200",1.565,1.715,-0.15000000000000013
6,15,Joss: 0.9,1.04,1.065,-0.02499999999999991
6,15,Tullock,2.265,2.415,-0.1499999999999999
6,15,Anonymous,3.005,0.905,2.0999999999999996
6,15,Random: 0.5,2.955,0.805,2.15
6,16,Cu,3.02,2.97,0.04999999999999982
6,16,Du,0.995,1.02,-0.025000000000000022
6,16,Tit For Tat,3.0,2.975,0.02499999999999991
6,16,spiteful,3.0,2.975,0.02499999999999991
6,16,soft_majo,3.02,2.97,0.04999999999999982
6,16,hard_majo,1.03,1.03,0.0
6,16,per_cd,2.98,0.555,2.425
6,16,per_ccd,3.42,1.245,2.175
6,16,per_ddc,2.315,0.69,1.625
6,16,mistrust,1.03,1.03,0.0
6,16,WSLS,3.0,2.975,0.02499999999999991
6,16,TFTT,3.02,2.97,0.04999999999999982
6,16,hard_tft,3.0,2.975,0.02499999999999991
6,16,slow_tft,3.02,2.97,0.04999999999999982
6,16,GrdTFT,3.0,2.975,0.02499999999999991
6,16,prober,2.995,2.97,0.02499999999999991
6,16,mem2,3.0,2.975,0.02499999999999991
6,16,grok:grok-3-mini,3.0,2.975,0.02499999999999991
6,16,Tideman & Chieruzzi,2.98,2.98,0.0
6,16,Nydegger,3.02,2.97,0.04999999999999982
6,16,Grofman,3.02,2.97,0.04999999999999982
6,16,Shubik,3.0,2.975,0.02499999999999991
6,16,Stein & Rapoport: 0.05,2.98,2.98,0.0
6,16,GRIM,3.0,2.975,0.02499999999999991
6,16,Davis: 10,3.0,2.975,0.02499999999999991
6,16,Graaskamp: 0.05,2.79,3.115,-0.3250000000000002
6,16,Downing,3.02,2.92,0.10000000000000009
6,16,"Feld: 1.0, 0.5, 200",1.63,1.78,-0.15000000000000013
6,16,Joss: 0.9,1.77,1.97,-0.19999999999999996
6,16,Tullock,2.85,3.075,-0.2250000000000001
6,16,Anonymous,2.93,0.63,2.3000000000000003
6,16,Random: 0.5,2.91,0.86,2.0500000000000003
6,17,Cu,3.02,2.97,0.04999999999999982
6,17,Du,0.995,1.02,-0.025000000000000022
6,17,Tit For Tat,3.0,2.975,0.02499999999999991
6,17,spiteful,3.0,2.975,0.02499999999999991
6,17,soft_majo,3.02,2.97,0.04999999999999982
6,17,hard_majo,1.03,1.03,0.0
6,17,per_cd,2.98,0.555,2.425
6,17,per_ccd,3.42,1.245,2.175
6,17,per_ddc,2.315,0.69,1.625
6,17,mistrust,1.03,1.03,0.0
6,17,WSLS,3.0,2.975,0.02499999999999991
6,17,TFTT,3.02,2.97,0.04999999999999982
6,17,hard_tft,3.0,2.975,0.02499999999999991
6,17,slow_tft,3.02,2.97,0.04999999999999982
6,17,GrdTFT,3.0,2.975,0.02499999999999991
6,17,prober,2.995,2.97,0.02499999999999991
6,17,mem2,3.0,2.975,0.02499999999999991
6,17,grok:grok-3-mini,3.0,2.975,0.02499999999999991
6,17,Tideman & Chieruzzi,2.98,2.98,0.0
6,17,Nydegger,3.02,2.97,0.04999999999999982
6,17,Grofman,3.02,2.97,0.04999999999999982
6,17,Shubik,3.0,2.975,0.02499999999999991
6,17,Stein & Rapoport: 0.05,2.98,2.98,0.0
6,17,GRIM,3.0,2.975,0.02499999999999991
6,17,Davis: 10,3.0,2.975,0.02499999999999991
6,17,Graaskamp: 0.05,2.78,3.13,-0.3500000000000001
6,17,Downing,3.02,2.92,0.10000000000000009
6,17,"Feld: 1.0, 0.5, 200",1.765,2.015,-0.2500000000000002
6,17,Joss: 0.9,1.03,1.055,-0.02499999999999991
6,17,Tullock,1.175,1.15,0.025000000000000133
6,17,Anonymous,2.855,0.78,2.075
6,17,Random: 0.5,2.86,0.835,2.025
6,18,Cu,3.02,2.97,0.04999999999999982
6,18,Du,0.995,1.02,-0.025000000000000022
6,18,Tit For Tat,3.0,2.975,0.02499999999999991
6,18,spiteful,3.0,2.975,0.02499999999999991
6,18,soft_majo,3.02,2.97,0.04999999999999982
6,18,hard_majo,1.03,1.03,0.0
6,18,per_cd,2.98,0.555,2.425
6,18,per_ccd,3.42,1.245,2.175
6,18,per_ddc,2.315,0.69,1.625
6,18,mistrust,1.03,1.03,0.0
6,18,WSLS,3.0,2.975,0.02499999999999991
6,18,TFTT,3.02,2.97,0.04999999999999982
6,18,hard_tft,3.0,2.975,0.02499999999999991
6,18,slow_tft,3.02,2.97,0.04999999999999982
6,18,GrdTFT,3.0,2.975,0.02499999999999991
6,18,prober,2.995,2.97,0.02499999999999991
6,18,mem2,3.0,2.975,0.02499999999999991
6,18,grok:grok-3-mini,3.0,2.975,0.02499999999999991
6,18,Tideman & Chieruzzi,2.98,2.98,0.0
6,18,Nydegger,3.02,2.97,0.04999999999999982
6,18,Grofman,3.02,2.97,0.04999999999999982
6,18,Shubik,3.0,2.975,0.02499999999999991
6,18,Stein & Rapoport: 0.05,2.98,2.98,0.0
6,18,GRIM,3.0,2.975,0.02499999999999991
6,18,Davis: 10,3.0,2.975,0.02499999999999991
6,18,Graaskamp: 0.05,2.81,3.11,-0.2999999999999998
6,18,Downing,3.02,2.92,0.10000000000000009
6,18,"Feld: 1.0, 0.5, 200",1.625,1.75,-0.125
6,18,Joss: 0.9,2.685,3.085,-0.3999999999999999
6,18,Tullock,1.62,1.745,-0.125
6,18,Anonymous,2.92,0.57,2.35
6,18,Random: 0.5,2.74,0.815,1.9250000000000003
6,19,Cu,3.02,2.97,0.04999999999999982
6,19,Du,0.995,1.02,-0.025000000000000022
6,19,Tit For Tat,3.0,2.975,0.02499999999999991
6,19,spiteful,3.0,2.975,0.02499999999999991
6,19,soft_majo,3.02,2.97,0.04999999999999982
6,19,hard_majo,1.03,1.03,0.0
6,19,per_cd,2.98,0.555,2.425
6,19,per_ccd,3.42,1.245,2.175
6,19,per_ddc,2.315,0.69,1.625
6,19,mistrust,1.03,1.03,0.0
6,19,WSLS,3.0,2.975,0.02499999999999991
6,19,TFTT,3.02,2.97,0.04999999999999982
6,19,hard_tft,3.0,2.975,0.02499999999999991
6,19,slow_tft,3.02,2.97,0.04999999999999982
6,19,GrdTFT,3.0,2.975,0.02499999999999991
6,19,prober,2.995,2.97,0.02499999999999991
6,19,mem2,3.0,2.975,0.02499999999999991
6,19,grok:grok-3-mini,3.0,2.975,0.02499999999999991
6,19,Tideman & Chieruzzi,2.98,2.98,0.0
6,19,Nydegger,3.02,2.97,0.04999999999999982
6,19,Grofman,3.02,2.97,0.04999999999999982
6,19,Shubik,3.0,2.975,0.02499999999999991
6,19,Stein & Rapoport: 0.05,2.98,2.98,0.0
6,19,GRIM,3.0,2.975,0.02499999999999991
6,19,Davis: 10,3.0,2.975,0.02499999999999991
6,19,Graaskamp: 0.05,2.795,3.12,-0.3250000000000002
6,19,Downing,3.02,2.92,0.10000000000000009
6,19,"Feld: 1.0, 0.5, 200",1.66,1.76,-0.10000000000000009
6,19,Joss: 0.9,1.725,1.975,-0.25
6,19,Tullock,1.19,1.165,0.02499999999999991
6,19,Anonymous,2.935,0.685,2.25
6,19,Random: 0.5,2.65,0.75,1.9
7,0,Cu,3.02,2.97,0.04999999999999982
7,0,Du,0.995,1.02,-0.025000000000000022
7,0,Tit For Tat,3.0,2.975,0.02499999999999991
7,0,spiteful,3.0,2.975,0.02499999999999991
7,0,soft_majo,3.02,2.97,0.04999999999999982
7,0,hard_majo,1.03,1.03,0.0
7,0,per_cd,2.98,0.555,2.425
7,0,per_ccd,3.42,1.245,2.175
7,0,per_ddc,2.315,0.69,1.625
7,0,mistrust,1.03,1.03,0.0
7,0,WSLS,3.0,2.975,0.02499999999999991
7,0,TFTT,3.02,2.97,0.04999999999999982
7,0,hard_tft,3.0,2.975,0.02499999999999991
7,0,slow_tft,3.02,2.97,0.04999999999999982
7,0,GrdTFT,3.0,2.975,0.02499999999999991
7,0,prober,2.995,2.97,0.02499999999999991
7,0,mem2,3.0,2.975,0.02499999999999991
7,0,grok:grok-3-mini,3.0,2.975,0.02499999999999991
7,0,Tideman & Chieruzzi,2.98,2.98,0.0
7,0,Nydegger,3.02,2.97,0.04999999999999982
7,0,Grofman,3.0,2.975,0.02499999999999991
7,0,Shubik,3.0,2.975,0.02499999999999991
7,0,Stein & Rapoport: 0.05,2.98,2.98,0.0
7,0,GRIM,3.0,2.975,0.02499999999999991
7,0,Davis: 10,3.0,2.975,0.02499999999999991
7,0,Graaskamp: 0.05,2.78,3.13,-0.3500000000000001
7,0,Downing,3.02,2.92,0.10000000000000009
7,0,"Feld: 1.0, 0.5, 200",1.745,1.87,-0.125
7,0,Joss: 0.9,1.05,1.05,0.0
7,0,Tullock,2.33,2.53,-0.19999999999999973
7,0,Anonymous,2.78,0.63,2.15
7,0,Random: 0.5,2.935,0.66,2.275
7,1,Cu,3.02,2.97,0.04999999999999982
7,1,Du,0.995,1.02,-0.025000000000000022
7,1,Tit For Tat,3.0,2.975,0.02499999999999991
7,1,spiteful,3.0,2.975,0.02499999999999991
7,1,soft_majo,3.02,2.97,0.04999999999999982
7,1,hard_majo,1.03,1.03,0.0
7,1,per_cd,2.98,0.555,2.425
7,1,per_ccd,3.42,1.245,2.175
7,1,per_ddc,2.315,0.69,1.625
7,1,mistrust,1.03,1.03,0.0
7,1,WSLS,3.0,2.975,0.02499999999999991
7,1,TFTT,3.02,2.97,0.04999999999999982
7,1,hard_tft,3.0,2.975,0.02499999999999991
7,1,slow_tft,3.02,2.97,0.04999999999999982
7,1,GrdTFT,3.0,2.975,0.02499999999999991
7,1,prober,2.995,2.97,0.02499999999999991
7,1,mem2,3.0,2.975,0.02499999999999991
7,1,grok:grok-3-mini,3.0,2.975,0.02499999999999991
7,1,Tideman & Chieruzzi,2.98,2.98,0.0
7,1,Nydegger,3.02,2.97,0.04999999999999982
7,1,Grofman,3.02,2.97,0.04999999999999982
7,1,Shubik,3.0,2.975,0.02499999999999991
7,1,Stein & Rapoport: 0.05,2.98,2.98,0.0
7,1,GRIM,3.0,2.975,0.02499999999999991
7,1,Davis: 10,3.0,2.975,0.02499999999999991
7,1,Graaskamp: 0.05,2.795,3.12,-0.3250000000000002
7,1,Downing,3.02,2.92,0.10000000000000009
7,1,"Feld: 1.0, 0.5, 200",1.655,1.73,-0.07499999999999996
7,1,Joss: 0.9,1.185,1.26,-0.07499999999999996
7,1,Tullock,2.33,2.605,-0.2749999999999999
7,1,Anonymous,2.68,0.78,1.9000000000000001
7,1,Random: 0.5,2.84,0.99,1.8499999999999999
7,2,Cu,3.02,2.97,0.04999999999999982
7,2,Du,0.995,1.02,-0.025000000000000022
7,2,Tit For Tat,3.0,2.975,0.02499999999999991
7,2,spiteful,3.0,2.975,0.02499999999999991
7,2,soft_majo,3.02,2.97,0.04999999999999982
7,2,hard_majo,1.03,1.03,0.0
7,2,per_cd,2.98,0.555,2.425
7,2,per_ccd,3.42,1.245,2.175
7,2,per_ddc,2.315,0.69,1.625
7,2,mistrust,1.03,1.03,0.0
7,2,WSLS,3.0,2.975,0.02499999999999991
7,2,TFTT,3.02,2.97,0.04999999999999982
7,2,hard_tft,3.0,2.975,0.02499999999999991
7,2,slow_tft,3.02,2.97,0.04999999999999982
7,2,GrdTFT,3.0,2.975,0.02499999999999991
7,2,prober,2.995,2.97,0.02499999999999991
7,2,mem2,3.0,2.975,0.02499999999999991
7,2,grok:grok-3-mini,3.0,2.975,0.02499999999999991
7,2,Tideman & Chieruzzi,2.98,2.98,0.0
7,2,Nydegger,3.02,2.97,0.04999999999999982
7,2,Grofman,3.0,2.975,0.02499999999999991
7,2,Shubik,3.0,2.975,0.02499999999999991
7,2,Stein & Rapoport: 0.05,2.98,2.98,0.0
7,2,GRIM,3.0,2.975,0.02499999999999991
7,2,Davis: 10,3.0,2.975,0.02499999999999991
7,2,Graaskamp: 0.05,2.81,3.11,-0.2999999999999998
7,2,Downing,3.02,2.92,0.10000000000000009
7,2,"Feld: 1.0, 0.5, 200",1.565,1.665,-0.10000000000000009
7,2,Joss: 0.9,1.02,1.045,-0.02499999999999991
7,2,Tullock,1.375,1.4,-0.02499999999999991
7,2,Anonymous,2.895,0.995,1.9
7,2,Random: 0.5,2.95,0.675,2.2750000000000004
7,3,Cu,3.02,2.97,0.04999999999999982
7,3,Du,0.995,1.02,-0.025000000000000022
7,3,Tit For Tat,3.0,2.975,0.02499999999999991
7,3,spiteful,3.0,2.975,0.02499999999999991
7,3,soft_majo,3.02,2.97,0.04999999999999982
7,3,hard_majo,1.03,1.03,0.0
7,3,per_cd,2.98,0.555,2.425
7,3,per_ccd,3.42,1.245,2.175
7,3,per_ddc,2.315,0.69,1.625
7,3,mistrust,1.03,1.03,0.0
7,3,WSLS,3.0,2.975,0.02499999999999991
7,3,TFTT,3.02,2.97,0.04999999999999982
7,3,hard_tft,3.0,2.975,0.02499999999999991
7,3,slow_tft,3.02,2.97,0.04999999999999982
7,3,GrdTFT,3.0,2.975,0.02499999999999991
7,3,prober,2.995,2.97,0.02499999999999991
7,3,mem2,3.0,2.975,0.02499999999999991
7,3,grok:grok-3-mini,3.0,2.975,0.02499999999999991
7,3,Tideman & Chieruzzi,2.98,2.98,0.0
7,3,Nydegger,3.02,2.97,0.04999999999999982
7,3,Grofman,3.0,2.975,0.02499999999999991
7,3,Shubik,3.0,2.975,0.02499999999999991
7,3,Stein & Rapoport: 0.05,2.98,2.98,0.0
7,3,GRIM,3.0,2.975,0.02499999999999991
7,3,Davis: 10,3.0,2.975,0.02499999999999991
7,3,Graaskamp: 0.05,2.795,3.12,-0.3250000000000002
7,3,Downing,3.02,2.92,0.10000000000000009
7,3,"Feld: 1.0, 0.5, 200",1.67,1.845,-0.17500000000000004
7,3,Joss: 0.9,1.715,1.84,-0.125
7,3,Tullock,1.78,1.955,-0.17500000000000004
7,3,Anonymous,2.685,0.685,2.0
7,3,Random: 0.5,2.865,0.69,2.1750000000000003
7,4,Cu,3.02,2.97,0.04999999999999982
7,4,Du,0.995,1.02,-0.025000000000000022
7,4,Tit For Tat,3.0,2.975,0.02499999999999991
7,4,spiteful,3.0,2.975,0.02499999999999991
7,4,soft_majo,3.02,2.97,0.04999999999999982
7,4,hard_majo,1.03,1.03,0.0
7,4,per_cd,2.98,0.555,2.425
7,4,per_ccd,3.42,1.245,2.175
7,4,per_ddc,2.315,0.69,1.625
7,4,mistrust,1.03,1.03,0.0
7,4,WSLS,3.0,2.975,0.02499999999999991
7,4,TFTT,3.02,2.97,0.04999999999999982
7,4,hard_tft,3.0,2.975,0.02499999999999991
7,4,slow_tft,3.02,2.97,0.04999999999999982
7,4,GrdTFT,3.0,2.975,0.02499999999999991
7,4,prober,2.995,2.97,0.02499999999999991
7,4,mem2,3.0,2.975,0.02499999999999991
7,4,grok:grok-3-mini,3.0,2.975,0.02499999999999991
7,4,Tideman & Chieruzzi,2.98,2.98,0.0
7,4,Nydegger,3.02,2.97,0.04999999999999982
7,4,Grofman,3.0,2.975,0.02499999999999991
7,4,Shubik,3.0,2.975,0.02499999999999991
7,4,Stein & Rapoport: 0.05,2.98,2.98,0.0
7,4,GRIM,3.0,2.975,0.02499999999999991
7,4,Davis: 10,3.0,2.975,0.02499999999999991
7,4,Graaskamp: 0.05,2.795,3.12,-0.3250000000000002
7,4,Downing,3.02,2.92,0.10000000000000009
7,4,"Feld: 1.0, 0.5, 200",2.075,2.3,-0.22499999999999964
7,4,Joss: 0.9,1.68,1.83,-0.15000000000000013
7,4,Tullock,2.005,2.28,-0.2749999999999999
7,4,Anonymous,2.895,0.845,2.05
7,4,Random: 0.5,2.8,0.85,1.9499999999999997
7,5,Cu,3.02,2.97,0.04999999999999982
7,5,Du,0.995,1.02,-0.025000000000000022
7,5,Tit For Tat,3.0,2.975,0.02499999999999991
7,5,spiteful,3.0,2.975,0.02499999999999991
7,5,soft_majo,3.02,2.97,0.04999999999999982
7,5,hard_majo,1.03,1.03,0.0
7,5,per_cd,2.98,0.555,2.425
7,5,per_ccd,3.42,1.245,2.175
7,5,per_ddc,2.315,0.69,1.625
7,5,mistrust,1.03,1.03,0.0
7,5,WSLS,3.0,2.975,0.02499999999999991
7,5,TFTT,3.02,2.97,0.04999999999999982
7,5,hard_tft,3.0,2.975,0.02499999999999991
7,5,slow_tft,3.02,2.97,0.04999999999999982
7,5,GrdTFT,3.0,2.975,0.02499999999999991
7,5,prober,2.995,2.97,0.02499999999999991
7,5,mem2,3.0,2.975,0.02499999999999991
7,5,grok:grok-3-mini,3.0,2.975,0.02499999999999991
7,5,Tideman & Chieruzzi,2.98,2.98,0.0
7,5,Nydegger,3.02,2.97,0.04999999999999982
7,5,Grofman,3.0,2.975,0.02499999999999991
7,5,Shubik,3.0,2.975,0.02499999999999991
7,5,Stein & Rapoport: 0.05,2.98,2.98,0.0
7,5,GRIM,3.0,2.975,0.02499999999999991
7,5,Davis: 10,3.0,2.975,0.02499999999999991
7,5,Graaskamp: 0.05,2.825,3.1,-0.2749999999999999
7,5,Downing,3.02,2.92,0.10000000000000009
7,5,"Feld: 1.0, 0.5, 200",1.57,1.62,-0.050000000000000044
7,5,Joss: 0.9,1.04,1.04,0.0
7,5,Tullock,1.775,1.8,-0.025000000000000133
7,5,Anonymous,2.755,0.855,1.9
7,5,Random: 0.5,2.865,0.79,2.075
7,6,Cu,3.02,2.97,0.04999999999999982
7,6,Du,0.995,1.02,-0.025000000000000022
7,6,Tit For Tat,3.0,2.975,0.02499999999999991
7,6,spiteful,3.0,2.975,0.02499999999999991
7,6,soft_majo,3.02,2.97,0.04999999999999982
7,6,hard_majo,1.03,1.03,0.0
7,6,per_cd,2.98,0.555,2.425
7,6,per_ccd,3.42,1.245,2.175
7,6,per_ddc,2.315,0.69,1.625
7,6,mistrust,1.03,1.03,0.0
7,6,WSLS,3.0,2.975,0.02499999999999991
7,6,TFTT,3.02,2.97,0.04999999999999982
7,6,hard_tft,3.0,2.975,0.02499999999999991
7,6,slow_tft,3.02,2.97,0.04999999999999982
7,6,GrdTFT,3.0,2.975,0.02499999999999991
7,6,prober,2.995,2.97,0.02499999999999991
7,6,mem2,3.0,2.975,0.02499999999999991
7,6,grok:grok-3-mini,3.0,2.975,0.02499999999999991
7,6,Tideman & Chieruzzi,2.98,2.98,0.0
7,6,Nydegger,3.02,2.97,0.04999999999999982
7,6,Grofman,3.02,2.97,0.04999999999999982
7,6,Shubik,3.0,2.975,0.02499999999999991
7,6,Stein & Rapoport: 0.05,2.98,2.98,0.0
7,6,GRIM,3.0,2.975,0.02499999999999991
7,6,Davis: 10,3.0,2.975,0.02499999999999991
7,6,Graaskamp: 0.05,2.81,3.11,-0.2999999999999998
7,6,Downing,3.02,2.92,0.10000000000000009
7,6,"Feld: 1.0, 0.5, 200",1.835,2.06,-0.2250000000000001
7,6,Joss: 0.9,1.58,1.73,-0.1499999999999999
7,6,Tullock,2.76,3.135,-0.375
7,6,Anonymous,2.86,0.735,2.125
7,6,Random: 0.5,2.95,0.65,2.3000000000000003
7,7,Cu,3.02,2.97,0.04999999999999982
7,7,Du,0.995,1.02,-0.025000000000000022
7,7,Tit For Tat,3.0,2.975,0.02499999999999991
7,7,spiteful,3.0,2.975,0.02499999999999991
7,7,soft_majo,3.02,2.97,0.04999999999999982
7,7,hard_majo,1.03,1.03,0.0
7,7,per_cd,2.98,0.555,2.425
7,7,per_ccd,3.42,1.245,2.175
7,7,per_ddc,2.315,0.69,1.625
7,7,mistrust,1.03,1.03,0.0
7,7,WSLS,3.0,2.975,0.02499999999999991
7,7,TFTT,3.02,2.97,0.04999999999999982
7,7,hard_tft,3.0,2.975,0.02499999999999991
7,7,slow_tft,3.02,2.97,0.04999999999999982
7,7,GrdTFT,3.0,2.975,0.02499999999999991
7,7,prober,2.995,2.97,0.02499999999999991
7,7,mem2,3.0,2.975,0.02499999999999991
7,7,grok:grok-3-mini,3.0,2.975,0.02499999999999991
7,7,Tideman & Chieruzzi,2.98,2.98,0.0
7,7,Nydegger,3.02,2.97,0.04999999999999982
7,7,Grofman,3.02,2.97,0.04999999999999982
7,7,Shubik,3.0,2.975,0.02499999999999991
7,7,Stein & Rapoport: 0.05,2.98,2.98,0.0
7,7,GRIM,3.0,2.975,0.02499999999999991
7,7,Davis: 10,3.0,2.975,0.02499999999999991
7,7,Graaskamp: 0.05,2.825,3.1,-0.2749999999999999
7,7,Downing,3.02,2.92,0.10000000000000009
7,7,"Feld: 1.0, 0.5, 200",1.755,2.155,-0.3999999999999999
7,7,Joss: 0.9,1.61,1.785,-0.17499999999999982
7,7,Tullock,1.335,1.335,0.0
7,7,Anonymous,2.88,0.655,2.2249999999999996
7,7,Random: 0.5,2.965,0.89,2.0749999999999997
7,8,Cu,3.02,2.97,0.04999999999999982
7,8,Du,0.995,1.02,-0.025000000000000022
7,8,Tit For Tat,3.0,2.975,0.02499999999999991
7,8,spiteful,3.0,2.975,0.02499999999999991
7,8,soft_majo,3.02,2.97,0.04999999999999982
7,8,hard_majo,1.03,1.03,0.0
7,8,per_cd,2.98,0.555,2.425
7,8,per_ccd,3.42,1.245,2.175
7,8,per_ddc,2.315,0.69,1.625
7,8,mistrust,1.03,1.03,0.0
7,8,WSLS,3.0,2.975,0.02499999999999991
7,8,TFTT,3.02,2.97,0.04999999999999982
7,8,hard_tft,3.0,2.975,0.02499999999999991
7,8,slow_tft,3.02,2.97,0.04999999999999982
7,8,GrdTFT,3.0,2.975,0.02499999999999991
7,8,prober,2.995,2.97,0.02499999999999991
7,8,mem2,3.0,2.975,0.02499999999999991
7,8,grok:grok-3-mini,3.0,2.975,0.02499999999999991
7,8,Tideman & Chieruzzi,2.98,2.98,0.0
7,8,Nydegger,3.02,2.97,0.04999999999999982
7,8,Grofman,3.0,2.975,0.02499999999999991
7,8,Shubik,3.0,2.975,0.02499999999999991
7,8,Stein & Rapoport: 0.05,2.98,2.98,0.0
7,8,GRIM,3.0,2.975,0.02499999999999991
7,8,Davis: 10,3.0,2.975,0.02499999999999991
7,8,Graaskamp: 0.05,2.825,3.1,-0.2749999999999999
7,8,Downing,3.02,2.92,0.10000000000000009
7,8,"Feld: 1.0, 0.5, 200",1.4,1.475,-0.07500000000000018
7,8,Joss: 0.9,1.075,1.1,-0.025000000000000133
7,8,Tullock,1.175,1.175,0.0
7,8,Anonymous,2.91,0.86,2.0500000000000003
7,8,Random: 0.5,2.8,0.85,1.9499999999999997
7,9,Cu,3.02,2.97,0.04999999999999982
7,9,Du,0.995,1.02,-0.025000000000000022
7,9,Tit For Tat,3.0,2.975,0.02499999999999991
7,9,spiteful,3.0,2.975,0.02499999999999991
7,9,soft_majo,3.02,2.97,0.04999999999999982
7,9,hard_majo,1.03,1.03,0.0
7,9,per_cd,2.98,0.555,2.425
7,9,per_ccd,3.42,1.245,2.175
7,9,per_ddc,2.315,0.69,1.625
7,9,mistrust,1.03,1.03,0.0
7,9,WSLS,3.0,2.975,0.02499999999999991
7,9,TFTT,3.02,2.97,0.04999999999999982
7,9,hard_tft,3.0,2.975,0.02499999999999991
7,9,slow_tft,3.02,2.97,0.04999999999999982
7,9,GrdTFT,3.0,2.975,0.02499999999999991
7,9,prober,2.995,2.97,0.02499999999999991
7,9,mem2,3.0,2.975,0.02499999999999991
7,9,grok:grok-3-mini,3.0,2.975,0.02499999999999991
7,9,Tideman & Chieruzzi,2.98,2.98,0.0
7,9,Nydegger,3.02,2.97,0.04999999999999982
7,9,Grofman,3.0,2.975,0.02499999999999991
7,9,Shubik,3.0,2.975,0.02499999999999991
7,9,Stein & Rapoport: 0.05,2.98,2.98,0.0
7,9,GRIM,3.0,2.975,0.02499999999999991
7,9,Davis: 10,3.0,2.975,0.02499999999999991
7,9,Graaskamp: 0.05,2.81,3.11,-0.2999999999999998
7,9,Downing,3.02,2.92,0.10000000000000009
7,9,"Feld: 1.0, 0.5, 200",1.22,1.27,-0.050000000000000044
7,9,Joss: 0.9,1.44,1.54,-0.10000000000000009
7,9,Tullock,1.9,2.1,-0.20000000000000018
7,9,Anonymous,2.965,0.665,2.3
7,9,Random: 0.5,2.925,0.575,2.3499999999999996
7,10,Cu,3.02,2.97,0.04999999999999982
7,10,Du,0.995,1.02,-0.025000000000000022
7,10,Tit For Tat,3.0,2.975,0.02499999999999991
7,10,spiteful,3.0,2.975,0.02499999999999991
7,10,soft_majo,3.02,2.97,0.04999999999999982
7,10,hard_majo,1.03,1.03,0.0
7,10,per_cd,2.98,0.555,2.425
7,10,per_ccd,3.42,1.245,2.175
7,10,per_ddc,2.315,0.69,1.625
7,10,mistrust,1.03,1.03,0.0
7,10,WSLS,3.0,2.975,0.02499999999999991
7,10,TFTT,3.02,2.97,0.04999999999999982
7,10,hard_tft,3.0,2.975,0.02499999999999991
7,10,slow_tft,3.02,2.97,0.04999999999999982
7,10,GrdTFT,3.0,2.975,0.02499999999999991
7,10,prober,2.995,2.97,0.02499999999999991
7,10,mem2,3.0,2.975,0.02499999999999991
7,10,grok:grok-3-mini,3.0,2.975,0.02499999999999991
7,10,Tideman & Chieruzzi,2.98,2.98,0.0
7,10,Nydegger,3.02,2.97,0.04999999999999982
7,10,Grofman,3.0,2.975,0.02499999999999991
7,10,Shubik,3.0,2.975,0.02499999999999991
7,10,Stein & Rapoport: 0.05,2.98,2.98,0.0
7,10,GRIM,3.0,2.975,0.02499999999999991
7,10,Davis: 10,3.0,2.975,0.02499999999999991
7,10,Graaskamp: 0.05,2.825,3.1,-0.2749999999999999
7,10,Downing,3.02,2.92,0.10000000000000009
7,10,"Feld: 1.0, 0.5, 200",1.6,1.775,-0.17499999999999982
7,10,Joss: 0.9,1.12,1.17,-0.04999999999999982
7,10,Tullock,2.865,3.065,-0.19999999999999973
7,10,Anonymous,2.74,0.665,2.075
7,10,Random: 0.5,2.75,0.825,1.925
7,11,Cu,3.02,2.97,0.04999999999999982
7,11,Du,0.995,1.02,-0.025000000000000022
7,11,Tit For Tat,3.0,2.975,0.02499999999999991
7,11,spiteful,3.0,2.975,0.02499999999999991
7,11,soft_majo,3.02,2.97,0.04999999999999982
7,11,hard_majo,1.03,1.03,0.0
7,11,per_cd,2.98,0.555,2.425
7,11,per_ccd,3.42,1.245,2.175
7,11,per_ddc,2.315,0.69,1.625
7,11,mistrust,1.03,1.03,0.0
7,11,WSLS,3.0,2.975,0.02499999999999991
7,11,TFTT,3.02,2.97,0.04999999999999982
7,11,hard_tft,3.0,2.975,0.02499999999999991
7,11,slow_tft,3.02,2.97,0.04999999999999982
7,11,GrdTFT,3.0,2.975,0.02499999999999991
7,11,prober,2.995,2.97,0.02499999999999991
7,11,mem2,3.0,2.975,0.02499999999999991
7,11,grok:grok-3-mini,3.0,2.975,0.02499999999999991
7,11,Tideman & Chieruzzi,2.98,2.98,0.0
7,11,Nydegger,3.02,2.97,0.04999999999999982
7,11,Grofman,3.02,2.97,0.04999999999999982
7,11,Shubik,3.0,2.975,0.02499999999999991
7,11,Stein & Rapoport: 0.05,2.98,2.98,0.0
7,11,GRIM,3.0,2.975,0.02499999999999991
7,11,Davis: 10,3.0,2.975,0.02499999999999991
7,11,Graaskamp: 0.05,2.795,3.12,-0.3250000000000002
7,11,Downing,3.02,2.92,0.10000000000000009
7,11,"Feld: 1.0, 0.5, 200",1.25,1.3,-0.050000000000000044
7,11,Joss: 0.9,1.015,1.04,-0.025000000000000133
7,11,Tullock,2.745,3.02,-0.2749999999999999
7,11,Anonymous,2.87,0.62,2.25
7,11,Random: 0.5,2.855,0.605,2.25
7,12,Cu,3.02,2.97,0.04999999999999982
7,12,Du,0.995,1.02,-0.025000000000000022
7,12,Tit For Tat,3.0,2.975,0.02499999999999991
7,12,spiteful,3.0,2.975,0.02499999999999991
7,12,soft_majo,3.02,2.97,0.04999999999999982
7,12,hard_majo,1.03,1.03,0.0
7,12,per_cd,2.98,0.555,2.425
7,12,per_ccd,3.42,1.245,2.175
7,12,per_ddc,2.315,0.69,1.625
7,12,mistrust,1.03,1.03,0.0
7,12,WSLS,3.0,2.975,0.02499999999999991
7,12,TFTT,3.02,2.97,0.04999999999999982
7,12,hard_tft,3.0,2.975,0.02499999999999991
7,12,slow_tft,3.02,2.97,0.04999999999999982
7,12,GrdTFT,3.0,2.975,0.02499999999999991
7,12,prober,2.995,2.97,0.02499999999999991
7,12,mem2,3.0,2.975,0.02499999999999991
7,12,grok:grok-3-mini,3.0,2.975,0.02499999999999991
7,12,Tideman & Chieruzzi,2.98,2.98,0.0
7,12,Nydegger,3.02,2.97,0.04999999999999982
7,12,Grofman,3.02,2.97,0.04999999999999982
7,12,Shubik,3.0,2.975,0.02499999999999991
7,12,Stein & Rapoport: 0.05,2.98,2.98,0.0
7,12,GRIM,3.0,2.975,0.02499999999999991
7,12,Davis: 10,3.0,2.975,0.02499999999999991
7,12,Graaskamp: 0.05,2.81,3.11,-0.2999999999999998
7,12,Downing,3.02,2.92,0.10000000000000009
7,12,"Feld: 1.0, 0.5, 200",1.05,1.05,0.0
7,12,Joss: 0.9,2.645,2.87,-0.2250000000000001
7,12,Tullock,2.765,3.09,-0.32499999999999973
7,12,Anonymous,2.94,0.69,2.25
7,12,Random: 0.5,2.75,0.8,1.95
7,13,Cu,3.02,2.97,0.04999999999999982
7,13,Du,0.995,1.02,-0.025000000000000022
7,13,Tit For Tat,3.0,2.975,0.02499999999999991
7,13,spiteful,3.0,2.975,0.02499999999999991
7,13,soft_majo,3.02,2.97,0.04999999999999982
7,13,hard_majo,1.03,1.03,0.0
7,13,per_cd,2.98,0.555,2.425
7,13,per_ccd,3.42,1.245,2.175
7,13,per_ddc,2.315,0.69,1.625
7,13,mistrust,1.03,1.03,0.0
7,13,WSLS,3.0,2.975,0.02499999999999991
7,13,TFTT,3.02,2.97,0.04999999999999982
7,13,hard_tft,3.0,2.975,0.02499999999999991
7,13,slow_tft,3.02,2.97,0.04999999999999982
7,13,GrdTFT,3.0,2.975,0.02499999999999991
7,13,prober,2.995,2.97,0.02499999999999991
7,13,mem2,3.0,2.975,0.02499999999999991
7,13,grok:grok-3-mini,3.0,2.975,0.02499999999999991
7,13,Tideman & Chieruzzi,2.98,2.98,0.0
7,13,Nydegger,3.02,2.97,0.04999999999999982
7,13,Grofman,3.02,2.97,0.04999999999999982
7,13,Shubik,3.0,2.975,0.02499999999999991
7,13,Stein & Rapoport: 0.05,2.98,2.98,0.0
7,13,GRIM,3.0,2.975,0.02499999999999991
7,13,Davis: 10,3.0,2.975,0.02499999999999991
7,13,Graaskamp: 0.05,2.82,3.095,-0.27500000000000036
7,13,Downing,3.02,2.92,0.10000000000000009
7,13,"Feld: 1.0, 0.5, 200",1.29,1.39,-0.09999999999999987
7,13,Joss: 0.9,2.805,3.105,-0.2999999999999998
7,13,Tullock,2.14,2.24,-0.10000000000000009
7,13,Anonymous,2.97,0.695,2.2750000000000004
7,13,Random: 0.5,3.11,0.66,2.4499999999999997
7,14,Cu,3.02,2.97,0.04999999999999982
7,14,Du,0.995,1.02,-0.025000000000000022
7,14,Tit For Tat,3.0,2.975,0.02499999999999991
7,14,spiteful,3.0,2.975,0.02499999999999991
7,14,soft_majo,3.02,2.97,0.04999999999999982
7,14,hard_majo,1.03,1.03,0.0
7,14,per_cd,2.98,0.555,2.425
7,14,per_ccd,3.42,1.245,2.175
7,14,per_ddc,2.315,0.69,1.625
7,14,mistrust,1.03,1.03,0.0
7,14,WSLS,3.0,2.975,0.02499999999999991
7,14,TFTT,3.02,2.97,0.04999999999999982
7,14,hard_tft,3.0,2.975,0.02499999999999991
7,14,slow_tft,3.02,2.97,0.04999999999999982
7,14,GrdTFT,3.0,2.975,0.02499999999999991
7,14,prober,2.995,2.97,0.02499999999999991
7,14,mem2,3.0,2.975,0.02499999999999991
7,14,grok:grok-3-mini,3.0,2.975,0.02499999999999991
7,14,Tideman & Chieruzzi,2.98,2.98,0.0
7,14,Nydegger,3.02,2.97,0.04999999999999982
7,14,Grofman,3.0,2.975,0.02499999999999991
7,14,Shubik,3.0,2.975,0.02499999999999991
7,14,Stein & Rapoport: 0.05,2.98,2.98,0.0
7,14,GRIM,3.0,2.975,0.02499999999999991
7,14,Davis: 10,3.0,2.975,0.02499999999999991
7,14,Graaskamp: 0.05,2.805,3.105,-0.2999999999999998
7,14,Downing,3.02,2.92,0.10000000000000009
7,14,"Feld: 1.0, 0.5, 200",1.695,1.82,-0.125
7,14,Joss: 0.9,1.635,1.76,-0.125
7,14,Tullock,2.81,3.11,-0.2999999999999998
7,14,Anonymous,2.795,0.77,2.025
7,14,Random: 0.5,3.075,0.65,2.4250000000000003
7,15,Cu,3.02,2.97,0.04999999999999982
7,15,Du,0.995,1.02,-0.025000000000000022
7,15,Tit For Tat,3.0,2.975,0.02499999999999991
7,15,spiteful,3.0,2.975,0.02499999999999991
7,15,soft_majo,3.02,2.97,0.04999999999999982
7,15,hard_majo,1.03,1.03,0.0
7,15,per_cd,2.98,0.555,2.425
7,15,per_ccd,3.42,1.245,2.175
7,15,per_ddc,2.315,0.69,1.625
7,15,mistrust,1.03,1.03,0.0
7,15,WSLS,3.0,2.975,0.02499999999999991
7,15,TFTT,3.02,2.97,0.04999999999999982
7,15,hard_tft,3.0,2.975,0.02499999999999991
7,15,slow_tft,3.02,2.97,0.04999999999999982
7,15,GrdTFT,3.0,2.975,0.02499999999999991
7,15,prober,2.995,2.97,0.02499999999999991
7,15,mem2,3.0,2.975,0.02499999999999991
7,15,grok:grok-3-mini,3.0,2.975,0.02499999999999991
7,15,Tideman & Chieruzzi,2.98,2.98,0.0
7,15,Nydegger,3.02,2.97,0.04999999999999982
7,15,Grofman,3.0,2.975,0.02499999999999991
7,15,Shubik,3.0,2.975,0.02499999999999991
7,15,Stein & Rapoport: 0.05,2.98,2.98,0.0
7,15,GRIM,3.0,2.975,0.02499999999999991
7,15,Davis: 10,3.0,2.975,0.02499999999999991
7,15,Graaskamp: 0.05,2.81,3.11,-0.2999999999999998
7,15,Downing,3.02,2.92,0.10000000000000009
7,15,"Feld: 1.0, 0.5, 200",1.31,1.41,-0.09999999999999987
7,15,Joss: 0.9,2.775,3.125,-0.3500000000000001
7,15,Tullock,2.855,3.055,-0.20000000000000018
7,15,Anonymous,2.945,0.745,2.1999999999999997
7,15,Random: 0.5,3.03,0.63,2.4
7,16,Cu,3.02,2.97,0.04999999999999982
7,16,Du,0.995,1.02,-0.025000000000000022
7,16,Tit For Tat,3.0,2.975,0.02499999999999991
7,16,spiteful,3.0,2.975,0.02499999999999991
7,16,soft_majo,3.02,2.97,0.04999999999999982
7,16,hard_majo,1.03,1.03,0.0
7,16,per_cd,2.98,0.555,2.425
7,16,per_ccd,3.42,1.245,2.175
7,16,per_ddc,2.315,0.69,1.625
7,16,mistrust,1.03,1.03,0.0
7,16,WSLS,3.0,2.975,0.02499999999999991
7,16,TFTT,3.02,2.97,0.04999999999999982
7,16,hard_tft,3.0,2.975,0.02499999999999991
7,16,slow_tft,3.02,2.97,0.04999999999999982
7,16,GrdTFT,3.0,2.975,0.02499999999999991
7,16,prober,2.995,2.97,0.02499999999999991
7,16,mem2,3.0,2.975,0.02499999999999991
7,16,grok:grok-3-mini,3.0,2.975,0.02499999999999991
7,16,Tideman & Chieruzzi,2.98,2.98,0.0
7,16,Nydegger,3.02,2.97,0.04999999999999982
7,16,Grofman,3.0,2.975,0.02499999999999991
7,16,Shubik,3.0,2.975,0.02499999999999991
7,16,Stein & Rapoport: 0.05,2.98,2.98,0.0
7,16,GRIM,3.0,2.975,0.02499999999999991
7,16,Davis: 10,3.0,2.975,0.02499999999999991
7,16,Graaskamp: 0.05,2.795,3.12,-0.3250000000000002
7,16,Downing,3.02,2.92,0.10000000000000009
7,16,"Feld: 1.0, 0.5, 200",1.575,1.8,-0.2250000000000001
7,16,Joss: 0.9,2.1,2.425,-0.32499999999999973
7,16,Tullock,1.52,1.52,0.0
7,16,Anonymous,3.06,0.835,2.225
7,16,Random: 0.5,2.715,0.665,2.05
7,17,Cu,3.02,2.97,0.04999999999999982
7,17,Du,0.995,1.02,-0.025000000000000022
7,17,Tit For Tat,3.0,2.975,0.02499999999999991
7,17,spiteful,3.0,2.975,0.02499999999999991
7,17,soft_majo,3.02,2.97,0.04999999999999982
7,17,hard_majo,1.03,1.03,0.0
7,17,per_cd,2.98,0.555,2.425
7,17,per_ccd,3.42,1.245,2.175
7,17,per_ddc,2.315,0.69,1.625
7,17,mistrust,1.03,1.03,0.0
7,17,WSLS,3.0,2.975,0.02499999999999991
7,17,TFTT,3.02,2.97,0.04999999999999982
7,17,hard_tft,3.0,2.975,0.02499999999999991
7,17,slow_tft,3.02,2.97,0.04999999999999982
7,17,GrdTFT,3.0,2.975,0.02499999999999991
7,17,prober,2.995,2.97,0.02499999999999991
7,17,mem2,3.0,2.975,0.02499999999999991
7,17,grok:grok-3-mini,3.0,2.975,0.02499999999999991
7,17,Tideman & Chieruzzi,2.98,2.98,0.0
7,17,Nydegger,3.02,2.97,0.04999999999999982
7,17,Grofman,3.0,2.975,0.02499999999999991
7,17,Shubik,3.0,2.975,0.02499999999999991
7,17,Stein & Rapoport: 0.05,2.98,2.98,0.0
7,17,GRIM,3.0,2.975,0.02499999999999991
7,17,Davis: 10,3.0,2.975,0.02499999999999991
7,17,Graaskamp: 0.05,2.81,3.11,-0.2999999999999998
7,17,Downing,3.02,2.92,0.10000000000000009
7,17,"Feld: 1.0, 0.5, 200",2.08,2.38,-0.2999999999999998
7,17,Joss: 0.9,1.05,1.05,0.0
7,17,Tullock,2.82,3.095,-0.27500000000000036
7,17,Anonymous,2.89,0.74,2.1500000000000004
7,17,Random: 0.5,2.81,0.585,2.225
7,18,Cu,3.02,2.97,0.04999999999999982
7,18,Du,0.995,1.02,-0.025000000000000022
7,18,Tit For Tat,3.0,2.975,0.02499999999999991
7,18,spiteful,3.0,2.975,0.02499999999999991
7,18,soft_majo,3.02,2.97,0.04999999999999982
7,18,hard_majo,1.03,1.03,0.0
7,18,per_cd,2.98,0.555,2.425
7,18,per_ccd,3.42,1.245,2.175
7,18,per_ddc,2.315,0.69,1.625
7,18,mistrust,1.03,1.03,0.0
7,18,WSLS,3.0,2.975,0.02499999999999991
7,18,TFTT,3.02,2.97,0.04999999999999982
7,18,hard_tft,3.0,2.975,0.02499999999999991
7,18,slow_tft,3.02,2.97,0.04999999999999982
7,18,GrdTFT,3.0,2.975,0.02499999999999991
7,18,prober,2.995,2.97,0.02499999999999991
7,18,mem2,3.0,2.975,0.02499999999999991
7,18,grok:grok-3-mini,3.0,2.975,0.02499999999999991
7,18,Tideman & Chieruzzi,2.98,2.98,0.0
7,18,Nydegger,3.02,2.97,0.04999999999999982
7,18,Grofman,3.0,2.975,0.02499999999999991
7,18,Shubik,3.0,2.975,0.02499999999999991
7,18,Stein & Rapoport: 0.05,2.98,2.98,0.0
7,18,GRIM,3.0,2.975,0.02499999999999991
7,18,Davis: 10,3.0,2.975,0.02499999999999991
7,18,Graaskamp: 0.05,2.78,3.13,-0.3500000000000001
7,18,Downing,3.02,2.92,0.10000000000000009
7,18,"Feld: 1.0, 0.5, 200",1.55,1.65,-0.09999999999999987
7,18,Joss: 0.9,1.005,1.03,-0.025000000000000133
7,18,Tullock,2.685,3.135,-0.44999999999999973
7,18,Anonymous,2.905,0.68,2.2249999999999996
7,18,Random: 0.5,2.955,1.13,1.8250000000000002
7,19,Cu,3.02,2.97,0.04999999999999982
7,19,Du,0.995,1.02,-0.025000000000000022
7,19,Tit For Tat,3.0,2.975,0.02499999999999991
7,19,spiteful,3.0,2.975,0.02499999999999991
7,19,soft_majo,3.02,2.97,0.04999999999999982
7,19,hard_majo,1.03,1.03,0.0
7,19,per_cd,2.98,0.555,2.425
7,19,per_ccd,3.42,1.245,2.175
7,19,per_ddc,2.315,0.69,1.625
7,19,mistrust,1.03,1.03,0.0
7,19,WSLS,3.0,2.975,0.02499999999999991
7,19,TFTT,3.02,2.97,0.04999999999999982
7,19,hard_tft,3.0,2.975,0.02499999999999991
7,19,slow_tft,3.02,2.97,0.04999999999999982
7,19,GrdTFT,3.0,2.975,0.02499999999999991
7,19,prober,2.995,2.97,0.02499999999999991
7,19,mem2,3.0,2.975,0.02499999999999991
7,19,grok:grok-3-mini,3.0,2.975,0.02499999999999991
7,19,Tideman & Chieruzzi,2.98,2.98,0.0
7,19,Nydegger,3.02,2.97,0.04999999999999982
7,19,Grofman,3.0,2.975,0.02499999999999991
7,19,Shubik,3.0,2.975,0.02499999999999991
7,19,Stein & Rapoport: 0.05,2.98,2.98,0.0
7,19,GRIM,3.0,2.975,0.02499999999999991
7,19,Davis: 10,3.0,2.975,0.02499999999999991
7,19,Graaskamp: 0.05,2.745,3.145,-0.3999999999999999
7,19,Downing,3.02,2.92,0.10000000000000009
7,19,"Feld: 1.0, 0.5, 200",1.625,1.65,-0.02499999999999991
7,19,Joss: 0.9,1.04,1.04,0.0
7,19,Tullock,1.27,1.295,-0.02499999999999991
7,19,Anonymous,3.005,0.83,2.175
7,19,Random: 0.5,3.08,0.98,2.1
8,0,Cu,3.02,2.97,0.04999999999999982
8,0,Du,0.995,1.02,-0.025000000000000022
8,0,Tit For Tat,3.0,2.975,0.02499999999999991
8,0,spiteful,3.0,2.975,0.02499999999999991
8,0,soft_majo,3.02,2.97,0.04999999999999982
8,0,hard_majo,1.03,1.03,0.0
8,0,per_cd,2.98,0.555,2.425
8,0,per_ccd,3.42,1.245,2.175
8,0,per_ddc,2.315,0.69,1.625
8,0,mistrust,1.03,1.03,0.0
8,0,WSLS,3.0,2.975,0.02499999999999991
8,0,TFTT,3.02,2.97,0.04999999999999982
8,0,hard_tft,3.0,2.975,0.02499999999999991
8,0,slow_tft,3.02,2.97,0.04999999999999982
8,0,GrdTFT,3.0,2.975,0.02499999999999991
8,0,prober,2.995,2.97,0.02499999999999991
8,0,mem2,3.0,2.975,0.02499999999999991
8,0,grok:grok-3-mini,3.0,2.975,0.02499999999999991
8,0,Tideman & Chieruzzi,2.98,2.98,0.0
8,0,Nydegger,3.02,2.97,0.04999999999999982
8,0,Grofman,3.0,2.975,0.02499999999999991
8,0,Shubik,3.0,2.975,0.02499999999999991
8,0,Stein & Rapoport: 0.05,2.98,2.98,0.0
8,0,GRIM,3.0,2.975,0.02499999999999991
8,0,Davis: 10,3.0,2.975,0.02499999999999991
8,0,Graaskamp: 0.05,2.81,3.11,-0.2999999999999998
8,0,Downing,3.02,2.92,0.10000000000000009
8,0,"Feld: 1.0, 0.5, 200",1.505,1.605,-0.10000000000000009
8,0,Joss: 0.9,1.405,1.48,-0.07499999999999996
8,0,Tullock,2.845,3.07,-0.22499999999999964
8,0,Anonymous,2.73,0.655,2.075
8,0,Random: 0.5,2.755,0.88,1.875
8,1,Cu,3.02,2.97,0.04999999999999982
8,1,Du,0.995,1.02,-0.025000000000000022
8,1,Tit For Tat,3.0,2.975,0.02499999999999991
8,1,spiteful,3.0,2.975,0.02499999999999991
8,1,soft_majo,3.02,2.97,0.04999999999999982
8,1,hard_majo,1.03,1.03,0.0
8,1,per_cd,2.98,0.555,2.425
8,1,per_ccd,3.42,1.245,2.175
8,1,per_ddc,2.315,0.69,1.625
8,1,mistrust,1.03,1.03,0.0
8,1,WSLS,3.0,2.975,0.02499999999999991
8,1,TFTT,3.02,2.97,0.04999999999999982
8,1,hard_tft,3.0,2.975,0.02499999999999991
8,1,slow_tft,3.02,2.97,0.04999999999999982
8,1,GrdTFT,3.0,2.975,0.02499999999999991
8,1,prober,2.995,2.97,0.02499999999999991
8,1,mem2,3.0,2.975,0.02499999999999991
8,1,grok:grok-3-mini,3.0,2.975,0.02499999999999991
8,1,Tideman & Chieruzzi,2.98,2.98,0.0
8,1,Nydegger,3.02,2.97,0.04999999999999982
8,1,Grofman,3.0,2.975,0.02499999999999991
8,1,Shubik,3.0,2.975,0.02499999999999991
8,1,Stein & Rapoport: 0.05,2.98,2.98,0.0
8,1,GRIM,3.0,2.975,0.02499999999999991
8,1,Davis: 10,3.0,2.975,0.02499999999999991
8,1,Graaskamp: 0.05,2.76,3.135,-0.375
8,1,Downing,3.02,2.92,0.10000000000000009
8,1,"Feld: 1.0, 0.5, 200",1.715,1.79,-0.07499999999999996
8,1,Joss: 0.9,2.27,2.545,-0.2749999999999999
8,1,Tullock,2.345,2.52,-0.17499999999999982
8,1,Anonymous,2.895,0.92,1.975
8,1,Random: 0.5,2.835,0.66,2.175
8,2,Cu,3.02,2.97,0.04999999999999982
8,2,Du,0.995,1.02,-0.025000000000000022
8,2,Tit For Tat,3.0,2.975,0.02499999999999991
8,2,spiteful,3.0,2.975,0.02499999999999991
8,2,soft_majo,3.02,2.97,0.04999999999999982
8,2,hard_majo,1.03,1.03,0.0
8,2,per_cd,2.98,0.555,2.425
8,2,per_ccd,3.42,1.245,2.175
8,2,per_ddc,2.315,0.69,1.625
8,2,mistrust,1.03,1.03,0.0
8,2,WSLS,3.0,2.975,0.02499999999999991
8,2,TFTT,3.02,2.97,0.04999999999999982
8,2,hard_tft,3.0,2.975,0.02499999999999991
8,2,slow_tft,3.02,2.97,0.04999999999999982
8,2,GrdTFT,3.0,2.975,0.02499999999999991
8,2,prober,2.995,2.97,0.02499999999999991
8,2,mem2,3.0,2.975,0.02499999999999991
8,2,grok:grok-3-mini,3.0,2.975,0.02499999999999991
8,2,Tideman & Chieruzzi,2.98,2.98,0.0
8,2,Nydegger,3.02,2.97,0.04999999999999982
8,2,Grofman,3.0,2.975,0.02499999999999991
8,2,Shubik,3.0,2.975,0.02499999999999991
8,2,Stein & Rapoport: 0.05,2.98,2.98,0.0
8,2,GRIM,3.0,2.975,0.02499999999999991
8,2,Davis: 10,3.0,2.975,0.02499999999999991
8,2,Graaskamp: 0.05,2.825,3.1,-0.2749999999999999
8,2,Downing,3.02,2.92,0.10000000000000009
8,2,"Feld: 1.0, 0.5, 200",1.67,1.82,-0.15000000000000013
8,2,Joss: 0.9,2.725,3.15,-0.4249999999999998
8,2,Tullock,2.01,2.185,-0.17500000000000027
8,2,Anonymous,2.985,1.035,1.95
8,2,Random: 0.5,2.815,0.815,2.0
8,3,Cu,3.02,2.97,0.04999999999999982
8,3,Du,0.995,1.02,-0.025000000000000022
8,3,Tit For Tat,3.0,2.975,0.02499999999999991
8,3,spiteful,3.0,2.975,0.02499999999999991
8,3,soft_majo,3.02,2.97,0.04999999999999982
8,3,hard_majo,1.03,1.03,0.0
8,3,per_cd,2.98,0.555,2.425
8,3,per_ccd,3.42,1.245,2.175
8,3,per_ddc,2.315,0.69,1.625
8,3,mistrust,1.03,1.03,0.0
8,3,WSLS,3.0,2.975,0.02499999999999991
8,3,TFTT,3.02,2.97,0.04999999999999982
8,3,hard_tft,3.0,2.975,0.02499999999999991
8,3,slow_tft,3.02,2.97,0.04999999999999982
8,3,GrdTFT,3.0,2.975,0.02499999999999991
8,3,prober,2.995,2.97,0.02499999999999991
8,3,mem2,3.0,2.975,0.02499999999999991
8,3,grok:grok-3-mini,3.0,2.975,0.02499999999999991
8,3,Tideman & Chieruzzi,2.98,2.98,0.0
8,3,Nydegger,3.02,2.97,0.04999999999999982
8,3,Grofman,3.02,2.97,0.04999999999999982
8,3,Shubik,3.0,2.975,0.02499999999999991
8,3,Stein & Rapoport: 0.05,2.98,2.98,0.0
8,3,GRIM,3.0,2.975,0.02499999999999991
8,3,Davis: 10,3.0,2.975,0.02499999999999991
8,3,Graaskamp: 0.05,2.81,3.11,-0.2999999999999998
8,3,Downing,3.02,2.92,0.10000000000000009
8,3,"Feld: 1.0, 0.5, 200",1.635,1.81,-0.17500000000000004
8,3,Joss: 0.9,1.515,1.665,-0.15000000000000013
8,3,Tullock,2.715,3.04,-0.3250000000000002
8,3,Anonymous,2.79,0.715,2.075
8,3,Random: 0.5,2.835,0.985,1.85
8,4,Cu,3.02,2.97,0.04999999999999982
8,4,Du,0.995,1.02,-0.025000000000000022
8,4,Tit For Tat,3.0,2.975,0.02499999999999991
8,4,spiteful,3.0,2.975,0.02499999999999991
8,4,soft_majo,3.02,2.97,0.04999999999999982
8,4,hard_majo,1.03,1.03,0.0
8,4,per_cd,2.98,0.555,2.425
8,4,per_ccd,3.42,1.245,2.175
8,4,per_ddc,2.315,0.69,1.625
8,4,mistrust,1.03,1.03,0.0
8,4,WSLS,3.0,2.975,0.02499999999999991
8,4,TFTT,3.02,2.97,0.04999999999999982
8,4,hard_tft,3.0,2.975,0.02499999999999991
8,4,slow_tft,3.02,2.97,0.04999999999999982
8,4,GrdTFT,3.0,2.975,0.02499999999999991
8,4,prober,2.995,2.97,0.02499999999999991
8,4,mem2,3.0,2.975,0.02499999999999991
8,4,grok:grok-3-mini,3.0,2.975,0.02499999999999991
8,4,Tideman & Chieruzzi,2.98,2.98,0.0
8,4,Nydegger,3.02,2.97,0.04999999999999982
8,4,Grofman,3.0,2.975,0.02499999999999991
8,4,Shubik,3.0,2.975,0.02499999999999991
8,4,Stein & Rapoport: 0.05,2.98,2.98,0.0
8,4,GRIM,3.0,2.975,0.02499999999999991
8,4,Davis: 10,3.0,2.975,0.02499999999999991
8,4,Graaskamp: 0.05,2.78,3.13,-0.3500000000000001
8,4,Downing,3.02,2.92,0.10000000000000009
8,4,"Feld: 1.0, 0.5, 200",1.53,1.655,-0.125
8,4,Joss: 0.9,1.03,1.08,-0.050000000000000044
8,4,Tullock,1.77,1.795,-0.02499999999999991
8,4,Anonymous,2.99,0.59,2.4000000000000004
8,4,Random: 0.5,2.815,0.765,2.05
8,5,Cu,3.02,2.97,0.04999999999999982
8,5,Du,0.995,1.02,-0.025000000000000022
8,5,Tit For Tat,3.0,2.975,0.02499999999999991
8,5,spiteful,3.0,2.975,0.02499999999999991
8,5,soft_majo,3.02,2.97,0.04999999999999982
8,5,hard_majo,1.03,1.03,0.0
8,5,per_cd,2.98,0.555,2.425
8,5,per_ccd,3.42,1.245,2.175
8,5,per_ddc,2.315,0.69,1.625
8,5,mistrust,1.03,1.03,0.0
8,5,WSLS,3.0,2.975,0.02499999999999991
8,5,TFTT,3.02,2.97,0.04999999999999982
8,5,hard_tft,3.0,2.975,0.02499999999999991
8,5,slow_tft,3.02,2.97,0.04999999999999982
8,5,GrdTFT,3.0,2.975,0.02499999999999991
8,5,prober,2.995,2.97,0.02499999999999991
8,5,mem2,3.0,2.975,0.02499999999999991
8,5,grok:grok-3-mini,3.0,2.975,0.02499999999999991
8,5,Tideman & Chieruzzi,2.98,2.98,0.0
8,5,Nydegger,3.02,2.97,0.04999999999999982
8,5,Grofman,3.0,2.975,0.02499999999999991
8,5,Shubik,3.0,2.975,0.02499999999999991
8,5,Stein & Rapoport: 0.05,2.98,2.98,0.0
8,5,GRIM,3.0,2.975,0.02499999999999991
8,5,Davis: 10,3.0,2.975,0.02499999999999991
8,5,Graaskamp: 0.05,2.795,3.12,-0.3250000000000002
8,5,Downing,3.02,2.92,0.10000000000000009
8,5,"Feld: 1.0, 0.5, 200",1.715,1.89,-0.17499999999999982
8,5,Joss: 0.9,1.085,1.11,-0.025000000000000133
8,5,Tullock,2.735,3.16,-0.42500000000000027
8,5,Anonymous,2.98,0.68,2.3
8,5,Random: 0.5,2.81,0.785,2.025
8,6,Cu,3.02,2.97,0.04999999999999982
8,6,Du,0.995,1.02,-0.025000000000000022
8,6,Tit For Tat,3.0,2.975,0.02499999999999991
8,6,spiteful,3.0,2.975,0.02499999999999991
8,6,soft_majo,3.02,2.97,0.04999999999999982
8,6,hard_majo,1.03,1.03,0.0
8,6,per_cd,2.98,0.555,2.425
8,6,per_ccd,3.42,1.245,2.175
8,6,per_ddc,2.315,0.69,1.625
8,6,mistrust,1.03,1.03,0.0
8,6,WSLS,3.0,2.975,0.02499999999999991
8,6,TFTT,3.02,2.97,0.04999999999999982
8,6,hard_tft,3.0,2.975,0.02499999999999991
8,6,slow_tft,3.02,2.97,0.04999999999999982
8,6,GrdTFT,3.0,2.975,0.02499999999999991
8,6,prober,2.995,2.97,0.02499999999999991
8,6,mem2,3.0,2.975,0.02499999999999991
8,6,grok:grok-3-mini,3.0,2.975,0.02499999999999991
8,6,Tideman & Chieruzzi,2.98,2.98,0.0
8,6,Nydegger,3.02,2.97,0.04999999999999982
8,6,Grofman,3.0,2.975,0.02499999999999991
8,6,Shubik,3.0,2.975,0.02499999999999991
8,6,Stein & Rapoport: 0.05,2.98,2.98,0.0
8,6,GRIM,3.0,2.975,0.02499999999999991
8,6,Davis: 10,3.0,2.975,0.02499999999999991
8,6,Graaskamp: 0.05,2.825,3.1,-0.2749999999999999
8,6,Downing,3.02,2.92,0.10000000000000009
8,6,"Feld: 1.0, 0.5, 200",1.74,1.99,-0.25
8,6,Joss: 0.9,2.255,2.63,-0.375
8,6,Tullock,1.545,1.645,-0.10000000000000009
8,6,Anonymous,2.85,0.675,2.175
8,6,Random: 0.5,2.84,0.715,2.125
8,7,Cu,3.02,2.97,0.04999999999999982
8,7,Du,0.995,1.02,-0.025000000000000022
8,7,Tit For Tat,3.0,2.975,0.02499999999999991
8,7,spiteful,3.0,2.975,0.02499999999999991
8,7,soft_majo,3.02,2.97,0.04999999999999982
8,7,hard_majo,1.03,1.03,0.0
8,7,per_cd,2.98,0.555,2.425
8,7,per_ccd,3.42,1.245,2.175
8,7,per_ddc,2.315,0.69,1.625
8,7,mistrust,1.03,1.03,0.0
8,7,WSLS,3.0,2.975,0.02499999999999991
8,7,TFTT,3.02,2.97,0.04999999999999982
8,7,hard_tft,3.0,2.975,0.02499999999999991
8,7,slow_tft,3.02,2.97,0.04999999999999982
8,7,GrdTFT,3.0,2.975,0.02499999999999991
8,7,prober,2.995,2.97,0.02499999999999991
8,7,mem2,3.0,2.975,0.02499999999999991
8,7,grok:grok-3-mini,3.0,2.975,0.02499999999999991
8,7,Tideman & Chieruzzi,2.98,2.98,0.0
8,7,Nydegger,3.02,2.97,0.04999999999999982
8,7,Grofman,3.0,2.975,0.02499999999999991
8,7,Shubik,3.0,2.975,0.02499999999999991
8,7,Stein & Rapoport: 0.05,2.98,2.98,0.0
8,7,GRIM,3.0,2.975,0.02499999999999991
8,7,Davis: 10,3.0,2.975,0.02499999999999991
8,7,Graaskamp: 0.05,2.76,3.135,-0.375
8,7,Downing,3.02,2.92,0.10000000000000009
8,7,"Feld: 1.0, 0.5, 200",1.105,1.13,-0.02499999999999991
8,7,Joss: 0.9,1.16,1.21,-0.050000000000000044
8,7,Tullock,2.395,2.795,-0.3999999999999999
8,7,Anonymous,2.67,0.82,1.85
8,7,Random: 0.5,3.005,0.605,2.4
8,8,Cu,3.02,2.97,0.04999999999999982
8,8,Du,0.995,1.02,-0.025000000000000022
8,8,Tit For Tat,3.0,2.975,0.02499999999999991
8,8,spiteful,3.0,2.975,0.02499999999999991
8,8,soft_majo,3.02,2.97,0.04999999999999982
8,8,hard_majo,1.03,1.03,0.0
8,8,per_cd,2.98,0.555,2.425
8,8,per_ccd,3.42,1.245,2.175
8,8,per_ddc,2.315,0.69,1.625
8,8,mistrust,1.03,1.03,0.0
8,8,WSLS,3.0,2.975,0.02499999999999991
8,8,TFTT,3.02,2.97,0.04999999999999982
8,8,hard_tft,3.0,2.975,0.02499999999999991
8,8,slow_tft,3.02,2.97,0.04999999999999982
8,8,GrdTFT,3.0,2.975,0.02499999999999991
8,8,prober,2.995,2.97,0.02499999999999991
8,8,mem2,3.0,2.975,0.02499999999999991
8,8,grok:grok-3-mini,3.0,2.975,0.02499999999999991
8,8,Tideman & Chieruzzi,2.98,2.98,0.0
8,8,Nydegger,3.02,2.97,0.04999999999999982
8,8,Grofman,3.02,2.97,0.04999999999999982
8,8,Shubik,3.0,2.975,0.02499999999999991
8,8,Stein & Rapoport: 0.05,2.98,2.98,0.0
8,8,GRIM,3.0,2.975,0.02499999999999991
8,8,Davis: 10,3.0,2.975,0.02499999999999991
8,8,Graaskamp: 0.05,2.78,3.13,-0.3500000000000001
8,8,Downing,3.02,2.92,0.10000000000000009
8,8,"Feld: 1.0, 0.5, 200",1.55,1.65,-0.09999999999999987
8,8,Joss: 0.9,1.38,1.43,-0.050000000000000044
8,8,Tullock,2.81,3.11,-0.2999999999999998
8,8,Anonymous,2.865,0.89,1.975
8,8,Random: 0.5,2.955,0.88,2.075
8,9,Cu,3.02,2.97,0.04999999999999982
8,9,Du,0.995,1.02,-0.025000000000000022
8,9,Tit For Tat,3.0,2.975,0.02499999999999991
8,9,spiteful,3.0,2.975,0.02499999999999991
8,9,soft_majo,3.02,2.97,0.04999999999999982
8,9,hard_majo,1.03,1.03,0.0
8,9,per_cd,2.98,0.555,2.425
8,9,per_ccd,3.42,1.245,2.175
8,9,per_ddc,2.315,0.69,1.625
8,9,mistrust,1.03,1.03,0.0
8,9,WSLS,3.0,2.975,0.02499999999999991
8,9,TFTT,3.02,2.97,0.04999999999999982
8,9,hard_tft,3.0,2.975,0.02499999999999991
8,9,slow_tft,3.02,2.97,0.04999999999999982
8,9,GrdTFT,3.0,2.975,0.02499999999999991
8,9,prober,2.995,2.97,0.02499999999999991
8,9,mem2,3.0,2.975,0.02499999999999991
8,9,grok:grok-3-mini,3.0,2.975,0.02499999999999991
8,9,Tideman & Chieruzzi,2.98,2.98,0.0
8,9,Nydegger,3.02,2.97,0.04999999999999982
8,9,Grofman,3.0,2.975,0.02499999999999991
8,9,Shubik,3.0,2.975,0.02499999999999991
8,9,Stein & Rapoport: 0.05,2.98,2.98,0.0
8,9,GRIM,3.0,2.975,0.02499999999999991
8,9,Davis: 10,3.0,2.975,0.02499999999999991
8,9,Graaskamp: 0.05,2.825,3.1,-0.2749999999999999
8,9,Downing,3.02,2.92,0.10000000000000009
8,9,"Feld: 1.0, 0.5, 200",1.8,1.975,-0.17500000000000004
8,9,Joss: 0.9,1.54,1.64,-0.09999999999999987
8,9,Tullock,1.215,1.24,-0.02499999999999991
8,9,Anonymous,3.025,0.65,2.375
8,9,Random: 0.5,2.98,0.63,2.35
8,10,Cu,3.02,2.97,0.04999999999999982
8,10,Du,0.995,1.02,-0.025000000000000022
8,10,Tit For Tat,3.0,2.975,0.02499999999999991
8,10,spiteful,3.0,2.975,0.02499999999999991
8,10,soft_majo,3.02,2.97,0.04999999999999982
8,10,hard_majo,1.03,1.03,0.0
8,10,per_cd,2.98,0.555,2.425
8,10,per_ccd,3.42,1.245,2.175
8,10,per_ddc,2.315,0.69,1.625
8,10,mistrust,1.03,1.03,0.0
8,10,WSLS,3.0,2.975,0.02499999999999991
8,10,TFTT,3.02,2.97,0.04999999999999982
8,10,hard_tft,3.0,2.975,0.02499999999999991
8,10,slow_tft,3.02,2.97,0.04999999999999982
8,10,GrdTFT,3.0,2.975,0.02499999999999991
8,10,prober,2.995,2.97,0.02499999999999991
8,10,mem2,3.0,2.975,0.02499999999999991
8,10,grok:grok-3-mini,3.0,2.975,0.02499999999999991
8,10,Tideman & Chieruzzi,2.98,2.98,0.0
8,10,Nydegger,3.02,2.97,0.04999999999999982
8,10,Grofman,3.02,2.97,0.04999999999999982
8,10,Shubik,3.0,2.975,0.02499999999999991
8,10,Stein & Rapoport: 0.05,2.98,2.98,0.0
8,10,GRIM,3.0,2.975,0.02499999999999991
8,10,Davis: 10,3.0,2.975,0.02499999999999991
8,10,Graaskamp: 0.05,2.805,3.105,-0.2999999999999998
8,10,Downing,3.02,2.92,0.10000000000000009
8,10,"Feld: 1.0, 0.5, 200",1.695,1.845,-0.1499999999999999
8,10,Joss: 0.9,1.68,1.88,-0.19999999999999996
8,10,Tullock,1.68,1.805,-0.125
8,10,Anonymous,3.08,0.805,2.275
8,10,Random: 0.5,2.815,0.865,1.95
8,11,Cu,3.02,2.97,0.04999999999999982
8,11,Du,0.995,1.02,-0.025000000000000022
8,11,Tit For Tat,3.0,2.975,0.02499999999999991
8,11,spiteful,3.0,2.975,0.02499999999999991
8,11,soft_majo,3.02,2.97,0.04999999999999982
8,11,hard_majo,1.03,1.03,0.0
8,11,per_cd,2.98,0.555,2.425
8,11,per_ccd,3.42,1.245,2.175
8,11,per_ddc,2.315,0.69,1.625
8,11,mistrust,1.03,1.03,0.0
8,11,WSLS,3.0,2.975,0.02499999999999991
8,11,TFTT,3.02,2.97,0.04999999999999982
8,11,hard_tft,3.0,2.975,0.02499999999999991
8,11,slow_tft,3.02,2.97,0.04999999999999982
8,11,GrdTFT,3.0,2.975,0.02499999999999991
8,11,prober,2.995,2.97,0.02499999999999991
8,11,mem2,3.0,2.975,0.02499999999999991
8,11,grok:grok-3-mini,3.0,2.975,0.02499999999999991
8,11,Tideman & Chieruzzi,2.98,2.98,0.0
8,11,Nydegger,3.02,2.97,0.04999999999999982
8,11,Grofman,3.0,2.975,0.02499999999999991
8,11,Shubik,3.0,2.975,0.02499999999999991
8,11,Stein & Rapoport: 0.05,2.98,2.98,0.0
8,11,GRIM,3.0,2.975,0.02499999999999991
8,11,Davis: 10,3.0,2.975,0.02499999999999991
8,11,Graaskamp: 0.05,2.805,3.105,-0.2999999999999998
8,11,Downing,3.02,2.92,0.10000000000000009
8,11,"Feld: 1.0, 0.5, 200",1.44,1.54,-0.10000000000000009
8,11,Joss: 0.9,1.015,1.04,-0.025000000000000133
8,11,Tullock,2.76,3.11,-0.3500000000000001
8,11,Anonymous,2.985,0.785,2.1999999999999997
8,11,Random: 0.5,2.69,0.615,2.075
8,12,Cu,3.02,2.97,0.04999999999999982
8,12,Du,0.995,1.02,-0.025000000000000022
8,12,Tit For Tat,3.0,2.975,0.02499999999999991
8,12,spiteful,3.0,2.975,0.02499999999999991
8,12,soft_majo,3.02,2.97,0.04999999999999982
8,12,hard_majo,1.03,1.03,0.0
8,12,per_cd,2.98,0.555,2.425
8,12,per_ccd,3.42,1.245,2.175
8,12,per_ddc,2.315,0.69,1.625
8,12,mistrust,1.03,1.03,0.0
8,12,WSLS,3.0,2.975,0.02499999999999991
8,12,TFTT,3.02,2.97,0.04999999999999982
8,12,hard_tft,3.0,2.975,0.02499999999999991
8,12,slow_tft,3.02,2.97,0.04999999999999982
8,12,GrdTFT,3.0,2.975,0.02499999999999991
8,12,prober,2.995,2.97,0.02499999999999991
8,12,mem2,3.0,2.975,0.02499999999999991
8,12,grok:grok-3-mini,3.0,2.975,0.02499999999999991
8,12,Tideman & Chieruzzi,2.98,2.98,0.0
8,12,Nydegger,3.02,2.97,0.04999999999999982
8,12,Grofman,3.0,2.975,0.02499999999999991
8,12,Shubik,3.0,2.975,0.02499999999999991
8,12,Stein & Rapoport: 0.05,2.98,2.98,0.0
8,12,GRIM,3.0,2.975,0.02499999999999991
8,12,Davis: 10,3.0,2.975,0.02499999999999991
8,12,Graaskamp: 0.05,2.81,3.11,-0.2999999999999998
8,12,Downing,3.02,2.92,0.10000000000000009
8,12,"Feld: 1.0, 0.5, 200",1.81,1.985,-0.17500000000000004
8,12,Joss: 0.9,1.12,1.17,-0.04999999999999982
8,12,Tullock,2.24,2.515,-0.2749999999999999
8,12,Anonymous,2.955,0.63,2.325
8,12,Random: 0.5,2.965,0.615,2.3499999999999996
8,13,Cu,3.02,2.97,0.04999999999999982
8,13,Du,0.995,1.02,-0.025000000000000022
8,13,Tit For Tat,3.0,2.975,0.02499999999999991
8,13,spiteful,3.0,2.975,0.02499999999999991
8,13,soft_majo,3.02,2.97,0.04999999999999982
8,13,hard_majo,1.03,1.03,0.0
8,13,per_cd,2.98,0.555,2.425
8,13,per_ccd,3.42,1.245,2.175
8,13,per_ddc,2.315,0.69,1.625
8,13,mistrust,1.03,1.03,0.0
8,13,WSLS,3.0,2.975,0.02499999999999991
8,13,TFTT,3.02,2.97,0.04999999999999982
8,13,hard_tft,3.0,2.975,0.02499999999999991
8,13,slow_tft,3.02,2.97,0.04999999999999982
8,13,GrdTFT,3.0,2.975,0.02499999999999991
8,13,prober,2.995,2.97,0.02499999999999991
8,13,mem2,3.0,2.975,0.02499999999999991
8,13,grok:grok-3-mini,3.0,2.975,0.02499999999999991
8,13,Tideman & Chieruzzi,2.98,2.98,0.0
8,13,Nydegger,3.02,2.97,0.04999999999999982
8,13,Grofman,3.0,2.975,0.02499999999999991
8,13,Shubik,3.0,2.975,0.02499999999999991
8,13,Stein & Rapoport: 0.05,2.98,2.98,0.0
8,13,GRIM,3.0,2.975,0.02499999999999991
8,13,Davis: 10,3.0,2.975,0.02499999999999991
8,13,Graaskamp: 0.05,2.84,3.09,-0.25
8,13,Downing,3.02,2.92,0.10000000000000009
8,13,"Feld: 1.0, 0.5, 200",1.58,1.705,-0.125
8,13,Joss: 0.9,2.535,2.76,-0.22499999999999964
8,13,Tullock,1.395,1.47,-0.07499999999999996
8,13,Anonymous,2.99,1.015,1.9750000000000003
8,13,Random: 0.5,3.015,0.865,2.1500000000000004
8,14,Cu,3.02,2.97,0.04999999999999982
8,14,Du,0.995,1.02,-0.025000000000000022
8,14,Tit For Tat,3.0,2.975,0.02499999999999991
8,14,spiteful,3.0,2.975,0.02499999999999991
8,14,soft_majo,3.02,2.97,0.04999999999999982
8,14,hard_majo,1.03,1.03,0.0
8,14,per_cd,2.98,0.555,2.425
8,14,per_ccd,3.42,1.245,2.175
8,14,per_ddc,2.315,0.69,1.625
8,14,mistrust,1.03,1.03,0.0
8,14,WSLS,3.0,2.975,0.02499999999999991
8,14,TFTT,3.02,2.97,0.04999999999999982
8,14,hard_tft,3.0,2.975,0.02499999999999991
8,14,slow_tft,3.02,2.97,0.04999999999999982
8,14,GrdTFT,3.0,2.975,0.02499999999999991
8,14,prober,2.995,2.97,0.02499999999999991
8,14,mem2,3.0,2.975,0.02499999999999991
8,14,grok:grok-3-mini,3.0,2.975,0.02499999999999991
8,14,Tideman & Chieruzzi,2.98,2.98,0.0
8,14,Nydegger,3.02,2.97,0.04999999999999982
8,14,Grofman,3.0,2.975,0.02499999999999991
8,14,Shubik,3.0,2.975,0.02499999999999991
8,14,Stein & Rapoport: 0.05,2.98,2.98,0.0
8,14,GRIM,3.0,2.975,0.02499999999999991
8,14,Davis: 10,3.0,2.975,0.02499999999999991
8,14,Graaskamp: 0.05,2.775,3.125,-0.3500000000000001
8,14,Downing,3.02,2.92,0.10000000000000009
8,14,"Feld: 1.0, 0.5, 200",1.5,1.625,-0.125
8,14,Joss: 0.9,1.3,1.35,-0.050000000000000044
8,14,Tullock,1.85,1.975,-0.125
8,14,Anonymous,2.885,1.21,1.6749999999999998
8,14,Random: 0.5,2.94,0.665,2.275
8,15,Cu,3.02,2.97,0.04999999999999982
8,15,Du,0.995,1.02,-0.025000000000000022
8,15,Tit For Tat,3.0,2.975,0.02499999999999991
8,15,spiteful,3.0,2.975,0.02499999999999991
8,15,soft_majo,3.02,2.97,0.04999999999999982
8,15,hard_majo,1.03,1.03,0.0
8,15,per_cd,2.98,0.555,2.425
8,15,per_ccd,3.42,1.245,2.175
8,15,per_ddc,2.315,0.69,1.625
8,15,mistrust,1.03,1.03,0.0
8,15,WSLS,3.0,2.975,0.02499999999999991
8,15,TFTT,3.02,2.97,0.04999999999999982
8,15,hard_tft,3.0,2.975,0.02499999999999991
8,15,slow_tft,3.02,2.97,0.04999999999999982
8,15,GrdTFT,3.0,2.975,0.02499999999999991
8,15,prober,2.995,2.97,0.02499999999999991
8,15,mem2,3.0,2.975,0.02499999999999991
8,15,grok:grok-3-mini,3.0,2.975,0.02499999999999991
8,15,Tideman & Chieruzzi,2.98,2.98,0.0
8,15,Nydegger,3.02,2.97,0.04999999999999982
8,15,Grofman,3.02,2.97,0.04999999999999982
8,15,Shubik,3.0,2.975,0.02499999999999991
8,15,Stein & Rapoport: 0.05,2.98,2.98,0.0
8,15,GRIM,3.0,2.975,0.02499999999999991
8,15,Davis: 10,3.0,2.975,0.02499999999999991
8,15,Graaskamp: 0.05,2.795,3.12,-0.3250000000000002
8,15,Downing,3.02,2.92,0.10000000000000009
8,15,"Feld: 1.0, 0.5, 200",1.695,2.02,-0.32499999999999996
8,15,Joss: 0.9,1.095,1.145,-0.050000000000000044
8,15,Tullock,2.09,2.24,-0.15000000000000036
8,15,Anonymous,2.785,0.61,2.1750000000000003
8,15,Random: 0.5,2.93,0.88,2.0500000000000003
8,16,Cu,3.02,2.97,0.04999999999999982
8,16,Du,0.995,1.02,-0.025000000000000022
8,16,Tit For Tat,3.0,2.975,0.02499999999999991
8,16,spiteful,3.0,2.975,0.02499999999999991
8,16,soft_majo,3.02,2.97,0.04999999999999982
8,16,hard_majo,1.03,1.03,0.0
8,16,per_cd,2.98,0.555,2.425
8,16,per_ccd,3.42,1.245,2.175
8,16,per_ddc,2.315,0.69,1.625
8,16,mistrust,1.03,1.03,0.0
8,16,WSLS,3.0,2.975,0.02499999999999991
8,16,TFTT,3.02,2.97,0.04999999999999982
8,16,hard_tft,3.0,2.975,0.02499999999999991
8,16,slow_tft,3.02,2.97,0.04999999999999982
8,16,GrdTFT,3.0,2.975,0.02499999999999991
8,16,prober,2.995,2.97,0.02499999999999991
8,16,mem2,3.0,2.975,0.02499999999999991
8,16,grok:grok-3-mini,3.0,2.975,0.02499999999999991
8,16,Tideman & Chieruzzi,2.98,2.98,0.0
8,16,Nydegger,3.02,2.97,0.04999999999999982
8,16,Grofman,3.0,2.975,0.02499999999999991
8,16,Shubik,3.0,2.975,0.02499999999999991
8,16,Stein & Rapoport: 0.05,2.98,2.98,0.0
8,16,GRIM,3.0,2.975,0.02499999999999991
8,16,Davis: 10,3.0,2.975,0.02499999999999991
8,16,Graaskamp: 0.05,2.81,3.11,-0.2999999999999998
8,16,Downing,3.02,2.92,0.10000000000000009
8,16,"Feld: 1.0, 0.5, 200",1.715,2.015,-0.30000000000000004
8,16,Joss: 0.9,2.135,2.36,-0.2250000000000001
8,16,Tullock,1.245,1.295,-0.04999999999999982
8,16,Anonymous,2.87,0.82,2.0500000000000003
8,16,Random: 0.5,2.9,0.675,2.2249999999999996
8,17,Cu,3.02,2.97,0.04999999999999982
8,17,Du,0.995,1.02,-0.025000000000000022
8,17,Tit For Tat,3.0,2.975,0.02499999999999991
8,17,spiteful,3.0,2.975,0.02499999999999991
8,17,soft_majo,3.02,2.97,0.04999999999999982
8,17,hard_majo,1.03,1.03,0.0
8,17,per_cd,2.98,0.555,2.425
8,17,per_ccd,3.42,1.245,2.175
8,17,per_ddc,2.315,0.69,1.625
8,17,mistrust,1.03,1.03,0.0
8,17,WSLS,3.0,2.975,0.02499999999999991
8,17,TFTT,3.02,2.97,0.04999999999999982
8,17,hard_tft,3.0,2.975,0.02499999999999991
8,17,slow_tft,3.02,2.97,0.04999999999999982
8,17,GrdTFT,3.0,2.975,0.02499999999999991
8,17,prober,2.995,2.97,0.02499999999999991
8,17,mem2,3.0,2.975,0.02499999999999991
8,17,grok:grok-3-mini,3.0,2.975,0.02499999999999991
8,17,Tideman & Chieruzzi,2.98,2.98,0.0
8,17,Nydegger,3.02,2.97,0.04999999999999982
8,17,Grofman,3.0,2.975,0.02499999999999991
8,17,Shubik,3.0,2.975,0.02499999999999991
8,17,Stein & Rapoport: 0.05,2.98,2.98,0.0
8,17,GRIM,3.0,2.975,0.02499999999999991
8,17,Davis: 10,3.0,2.975,0.02499999999999991
8,17,Graaskamp: 0.05,2.795,3.12,-0.3250000000000002
8,17,Downing,3.02,2.92,0.10000000000000009
8,17,"Feld: 1.0, 0.5, 200",1.385,1.46,-0.07499999999999996
8,17,Joss: 0.9,1.04,1.04,0.0
8,17,Tullock,1.645,1.795,-0.1499999999999999
8,17,Anonymous,2.855,0.655,2.2
8,17,Random: 0.5,2.755,0.805,1.9499999999999997
8,18,Cu,3.02,2.97,0.04999999999999982
8,18,Du,0.995,1.02,-0.025000000000000022
8,18,Tit For Tat,3.0,2.975,0.02499999999999991
8,18,spiteful,3.0,2.975,0.02499999999999991
8,18,soft_majo,3.02,2.97,0.04999999999999982
8,18,hard_majo,1.03,1.03,0.0
8,18,per_cd,2.98,0.555,2.425
8,18,per_ccd,3.42,1.245,2.175
8,18,per_ddc,2.315,0.69,1.625
8,18,mistrust,1.03,1.03,0.0
8,18,WSLS,3.0,2.975,0.02499999999999991
8,18,TFTT,3.02,2.97,0.04999999999999982
8,18,hard_tft,3.0,2.975,0.02499999999999991
8,18,slow_tft,3.02,2.97,0.04999999999999982
8,18,GrdTFT,3.0,2.975,0.02499999999999991
8,18,prober,2.995,2.97,0.02499999999999991
8,18,mem2,3.0,2.975,0.02499999999999991
8,18,grok:grok-3-mini,3.0,2.975,0.02499999999999991
8,18,Tideman & Chieruzzi,2.98,2.98,0.0
8,18,Nydegger,3.02,2.97,0.04999999999999982
8,18,Grofman,3.02,2.97,0.04999999999999982
8,18,Shubik,3.0,2.975,0.02499999999999991
8,18,Stein & Rapoport: 0.05,2.98,2.98,0.0
8,18,GRIM,3.0,2.975,0.02499999999999991
8,18,Davis: 10,3.0,2.975,0.02499999999999991
8,18,Graaskamp: 0.05,2.81,3.11,-0.2999999999999998
8,18,Downing,3.02,2.92,0.10000000000000009
8,18,"Feld: 1.0, 0.5, 200",1.765,1.99,-0.2250000000000001
8,18,Joss: 0.9,1.15,1.2,-0.050000000000000044
8,18,Tullock,2.835,3.085,-0.25
8,18,Anonymous,3.03,0.755,2.275
8,18,Random: 0.5,3.005,0.705,2.3
8,19,Cu,3.02,2.97,0.04999999999999982
8,19,Du,0.995,1.02,-0.025000000000000022
8,19,Tit For Tat,3.0,2.975,0.02499999999999991
8,19,spiteful,3.0,2.975,0.02499999999999991
8,19,soft_majo,3.02,2.97,0.04999999999999982
8,19,hard_majo,1.03,1.03,0.0
8,19,per_cd,2.98,0.555,2.425
8,19,per_ccd,3.42,1.245,2.175
8,19,per_ddc,2.315,0.69,1.625
8,19,mistrust,1.03,1.03,0.0
8,19,WSLS,3.0,2.975,0.02499999999999991
8,19,TFTT,3.02,2.97,0.04999999999999982
8,19,hard_tft,3.0,2.975,0.02499999999999991
8,19,slow_tft,3.02,2.97,0.04999999999999982
8,19,GrdTFT,3.0,2.975,0.02499999999999991
8,19,prober,2.995,2.97,0.02499999999999991
8,19,mem2,3.0,2.975,0.02499999999999991
8,19,grok:grok-3-mini,3.0,2.975,0.02499999999999991
8,19,Tideman & Chieruzzi,2.98,2.98,0.0
8,19,Nydegger,3.02,2.97,0.04999999999999982
8,19,Grofman,3.0,2.975,0.02499999999999991
8,19,Shubik,3.0,2.975,0.02499999999999991
8,19,Stein & Rapoport: 0.05,2.98,2.98,0.0
8,19,GRIM,3.0,2.975,0.02499999999999991
8,19,Davis: 10,3.0,2.975,0.02499999999999991
8,19,Graaskamp: 0.05,2.825,3.1,-0.2749999999999999
8,19,Downing,3.02,2.92,0.10000000000000009
8,19,"Feld: 1.0, 0.5, 200",1.85,2.0,-0.1499999999999999
8,19,Joss: 0.9,1.15,1.2,-0.050000000000000044
8,19,Tullock,1.725,1.825,-0.09999999999999987
8,19,Anonymous,2.885,0.635,2.25
8,19,Random: 0.5,2.905,0.855,2.05
9,0,Cu,3.02,2.97,0.04999999999999982
9,0,Du,0.995,1.02,-0.025000000000000022
9,0,Tit For Tat,3.0,2.975,0.02499999999999991
9,0,spiteful,3.0,2.975,0.02499999999999991
9,0,soft_majo,3.02,2.97,0.04999999999999982
9,0,hard_majo,1.03,1.03,0.0
9,0,per_cd,2.98,0.555,2.425
9,0,per_ccd,3.42,1.245,2.175
9,0,per_ddc,2.315,0.69,1.625
9,0,mistrust,1.03,1.03,0.0
9,0,WSLS,3.0,2.975,0.02499999999999991
9,0,TFTT,3.02,2.97,0.04999999999999982
9,0,hard_tft,3.0,2.975,0.02499999999999991
9,0,slow_tft,3.02,2.97,0.04999999999999982
9,0,GrdTFT,3.0,2.975,0.02499999999999991
9,0,prober,2.995,2.97,0.02499999999999991
9,0,mem2,3.0,2.975,0.02499999999999991
9,0,grok:grok-3-mini,3.0,2.975,0.02499999999999991
9,0,Tideman & Chieruzzi,2.98,2.98,0.0
9,0,Nydegger,3.02,2.97,0.04999999999999982
9,0,Grofman,3.0,2.975,0.02499999999999991
9,0,Shubik,3.0,2.975,0.02499999999999991
9,0,Stein & Rapoport: 0.05,2.98,2.98,0.0
9,0,GRIM,3.0,2.975,0.02499999999999991
9,0,Davis: 10,3.0,2.975,0.02499999999999991
9,0,Graaskamp: 0.05,2.81,3.11,-0.2999999999999998
9,0,Downing,3.02,2.92,0.10000000000000009
9,0,"Feld: 1.0, 0.5, 200",1.885,2.06,-0.17500000000000004
9,0,Joss: 0.9,1.455,1.53,-0.07499999999999996
9,0,Tullock,2.075,2.2,-0.125
9,0,Anonymous,2.985,0.81,2.175
9,0,Random: 0.5,2.845,0.645,2.2
9,1,Cu,3.02,2.97,0.04999999999999982
9,1,Du,0.995,1.02,-0.025000000000000022
9,1,Tit For Tat,3.0,2.975,0.02499999999999991
9,1,spiteful,3.0,2.975,0.02499999999999991
9,1,soft_majo,3.02,2.97,0.04999999999999982
9,1,hard_majo,1.03,1.03,0.0
9,1,per_cd,2.98,0.555,2.425
9,1,per_ccd,3.42,1.245,2.175
9,1,per_ddc,2.315,0.69,1.625
9,1,mistrust,1.03,1.03,0.0
9,1,WSLS,3.0,2.975,0.02499999999999991
9,1,TFTT,3.02,2.97,0.04999999999999982
9,1,hard_tft,3.0,2.975,0.02499999999999991
9,1,slow_tft,3.02,2.97,0.04999999999999982
9,1,GrdTFT,3.0,2.975,0.02499999999999991
9,1,prober,2.995,2.97,0.02499999999999991
9,1,mem2,3.0,2.975,0.02499999999999991
9,1,grok:grok-3-mini,3.0,2.975,0.02499999999999991
9,1,Tideman & Chieruzzi,2.98,2.98,0.0
9,1,Nydegger,3.02,2.97,0.04999999999999982
9,1,Grofman,3.02,2.97,0.04999999999999982
9,1,Shubik,3.0,2.975,0.02499999999999991
9,1,Stein & Rapoport: 0.05,2.98,2.98,0.0
9,1,GRIM,3.0,2.975,0.02499999999999991
9,1,Davis: 10,3.0,2.975,0.02499999999999991
9,1,Graaskamp: 0.05,2.79,3.115,-0.3250000000000002
9,1,Downing,3.02,2.92,0.10000000000000009
9,1,"Feld: 1.0, 0.5, 200",1.45,1.5,-0.050000000000000044
9,1,Joss: 0.9,2.14,2.34,-0.19999999999999973
9,1,Tullock,2.77,3.12,-0.3500000000000001
9,1,Anonymous,2.9,0.7,2.2
9,1,Random: 0.5,2.905,0.805,2.0999999999999996
9,2,Cu,3.02,2.97,0.04999999999999982
9,2,Du,0.995,1.02,-0.025000000000000022
9,2,Tit For Tat,3.0,2.975,0.02499999999999991
9,2,spiteful,3.0,2.975,0.02499999999999991
9,2,soft_majo,3.02,2.97,0.04999999999999982
9,2,hard_majo,1.03,1.03,0.0
9,2,per_cd,2.98,0.555,2.425
9,2,per_ccd,3.42,1.245,2.175
9,2,per_ddc,2.315,0.69,1.625
9,2,mistrust,1.03,1.03,0.0
9,2,WSLS,3.0,2.975,0.02499999999999991
9,2,TFTT,3.02,2.97,0.04999999999999982
9,2,hard_tft,3.0,2.975,0.02499999999999991
9,2,slow_tft,3.02,2.97,0.04999999999999982
9,2,GrdTFT,3.0,2.975,0.02499999999999991
9,2,prober,2.995,2.97,0.02499999999999991
9,2,mem2,3.0,2.975,0.02499999999999991
9,2,grok:grok-3-mini,3.0,2.975,0.02499999999999991
9,2,Tideman & Chieruzzi,2.98,2.98,0.0
9,2,Nydegger,3.02,2.97,0.04999999999999982
9,2,Grofman,3.0,2.975,0.02499999999999991
9,2,Shubik,3.0,2.975,0.02499999999999991
9,2,Stein & Rapoport: 0.05,2.98,2.98,0.0
9,2,GRIM,3.0,2.975,0.02499999999999991
9,2,Davis: 10,3.0,2.975,0.02499999999999991
9,2,Graaskamp: 0.05,2.79,3.115,-0.3250000000000002
9,2,Downing,3.02,2.92,0.10000000000000009
9,2,"Feld: 1.0, 0.5, 200",1.8,2.0,-0.19999999999999996
9,2,Joss: 0.9,1.04,1.04,0.0
9,2,Tullock,2.6,2.85,-0.25
9,2,Anonymous,3.145,0.845,2.3
9,2,Random: 0.5,2.965,0.965,2.0
9,3,Cu,3.02,2.97,0.04999999999999982
9,3,Du,0.995,1.02,-0.025000000000000022
9,3,Tit For Tat,3.0,2.975,0.02499999999999991
9,3,spiteful,3.0,2.975,0.02499999999999991
9,3,soft_majo,3.02,2.97,0.04999999999999982
9,3,hard_majo,1.03,1.03,0.0
9,3,per_cd,2.98,0.555,2.425
9,3,per_ccd,3.42,1.245,2.175
9,3,per_ddc,2.315,0.69,1.625
9,3,mistrust,1.03,1.03,0.0
9,3,WSLS,3.0,2.975,0.02499999999999991
9,3,TFTT,3.02,2.97,0.04999999999999982
9,3,hard_tft,3.0,2.975,0.02499999999999991
9,3,slow_tft,3.02,2.97,0.04999999999999982
9,3,GrdTFT,3.0,2.975,0.02499999999999991
9,3,prober,2.995,2.97,0.02499999999999991
9,3,mem2,3.0,2.975,0.02499999999999991
9,3,grok:grok-3-mini,3.0,2.975,0.02499999999999991
9,3,Tideman & Chieruzzi,2.98,2.98,0.0
9,3,Nydegger,3.02,2.97,0.04999999999999982
9,3,Grofman,3.0,2.975,0.02499999999999991
9,3,Shubik,3.0,2.975,0.02499999999999991
9,3,Stein & Rapoport: 0.05,2.98,2.98,0.0
9,3,GRIM,3.0,2.975,0.02499999999999991
9,3,Davis: 10,3.0,2.975,0.02499999999999991
9,3,Graaskamp: 0.05,2.84,3.09,-0.25
9,3,Downing,3.02,2.92,0.10000000000000009
9,3,"Feld: 1.0, 0.5, 200",1.495,1.645,-0.1499999999999999
9,3,Joss: 0.9,1.135,1.21,-0.07499999999999996
9,3,Tullock,1.325,1.225,0.09999999999999987
9,3,Anonymous,3.085,0.985,2.1
9,3,Random: 0.5,3.04,0.765,2.275
9,4,Cu,3.02,2.97,0.04999999999999982
9,4,Du,0.995,1.02,-0.025000000000000022
9,4,Tit For Tat,3.0,2.975,0.02499999999999991
9,4,spiteful,3.0,2.975,0.02499999999999991
9,4,soft_majo,3.02,2.97,0.04999999999999982
9,4,hard_majo,1.03,1.03,0.0
9,4,per_cd,2.98,0.555,2.425
9,4,per_ccd,3.42,1.245,2.175
9,4,per_ddc,2.315,0.69,1.625
9,4,mistrust,1.03,1.03,0.0
9,4,WSLS,3.0,2.975,0.02499999999999991
9,4,TFTT,3.02,2.97,0.04999999999999982
9,4,hard_tft,3.0,2.975,0.02499999999999991
9,4,slow_tft,3.02,2.97,0.04999999999999982
9,4,GrdTFT,3.0,2.975,0.02499999999999991
9,4,prober,2.995,2.97,0.02499999999999991
9,4,mem2,3.0,2.975,0.02499999999999991
9,4,grok:grok-3-mini,3.0,2.975,0.02499999999999991
9,4,Tideman & Chieruzzi,2.98,2.98,0.0
9,4,Nydegger,3.02,2.97,0.04999999999999982
9,4,Grofman,3.0,2.975,0.02499999999999991
9,4,Shubik,3.0,2.975,0.02499999999999991
9,4,Stein & Rapoport: 0.05,2.98,2.98,0.0
9,4,GRIM,3.0,2.975,0.02499999999999991
9,4,Davis: 10,3.0,2.975,0.02499999999999991
9,4,Graaskamp: 0.05,2.805,3.105,-0.2999999999999998
9,4,Downing,3.02,2.92,0.10000000000000009
9,4,"Feld: 1.0, 0.5, 200",1.545,1.67,-0.125
9,4,Joss: 0.9,2.015,2.315,-0.2999999999999998
9,4,Tullock,1.555,1.63,-0.07499999999999996
9,4,Anonymous,2.895,0.695,2.2
9,4,Random: 0.5,2.85,0.7,2.1500000000000004
9,5,Cu,3.02,2.97,0.04999999999999982
9,5,Du,0.995,1.02,-0.025000000000000022
9,5,Tit For Tat,3.0,2.975,0.02499999999999991
9,5,spiteful,3.0,2.975,0.02499999999999991
9,5,soft_majo,3.02,2.97,0.04999999999999982
9,5,hard_majo,1.03,1.03,0.0
9,5,per_cd,2.98,0.555,2.425
9,5,per_ccd,3.42,1.245,2.175
9,5,per_ddc,2.315,0.69,1.625
9,5,mistrust,1.03,1.03,0.0
9,5,WSLS,3.0,2.975,0.02499999999999991
9,5,TFTT,3.02,2.97,0.04999999999999982
9,5,hard_tft,3.0,2.975,0.02499999999999991
9,5,slow_tft,3.02,2.97,0.04999999999999982
9,5,GrdTFT,3.0,2.975,0.02499999999999991
9,5,prober,2.995,2.97,0.02499999999999991
9,5,mem2,3.0,2.975,0.02499999999999991
9,5,grok:grok-3-mini,3.0,2.975,0.02499999999999991
9,5,Tideman & Chieruzzi,2.98,2.98,0.0
9,5,Nydegger,3.02,2.97,0.04999999999999982
9,5,Grofman,3.02,2.97,0.04999999999999982
9,5,Shubik,3.0,2.975,0.02499999999999991
9,5,Stein & Rapoport: 0.05,2.98,2.98,0.0
9,5,GRIM,3.0,2.975,0.02499999999999991
9,5,Davis: 10,3.0,2.975,0.02499999999999991
9,5,Graaskamp: 0.05,2.78,3.13,-0.3500000000000001
9,5,Downing,3.02,2.92,0.10000000000000009
9,5,"Feld: 1.0, 0.5, 200",1.945,2.22,-0.27500000000000013
9,5,Joss: 0.9,1.055,1.105,-0.050000000000000044
9,5,Tullock,2.36,2.46,-0.10000000000000009
9,5,Anonymous,2.815,0.865,1.95
9,5,Random: 0.5,2.845,0.845,2.0
9,6,Cu,3.02,2.97,0.04999999999999982
9,6,Du,0.995,1.02,-0.025000000000000022
9,6,Tit For Tat,3.0,2.975,0.02499999999999991
9,6,spiteful,3.0,2.975,0.02499999999999991
9,6,soft_majo,3.02,2.97,0.04999999999999982
9,6,hard_majo,1.03,1.03,0.0
9,6,per_cd,2.98,0.555,2.425
9,6,per_ccd,3.42,1.245,2.175
9,6,per_ddc,2.315,0.69,1.625
9,6,mistrust,1.03,1.03,0.0
9,6,WSLS,3.0,2.975,0.02499999999999991
9,6,TFTT,3.02,2.97,0.04999999999999982
9,6,hard_tft,3.0,2.975,0.02499999999999991
9,6,slow_tft,3.02,2.97,0.04999999999999982
9,6,GrdTFT,3.0,2.975,0.02499999999999991
9,6,prober,2.995,2.97,0.02499999999999991
9,6,mem2,3.0,2.975,0.02499999999999991
9,6,grok:grok-3-mini,3.0,2.975,0.02499999999999991
9,6,Tideman & Chieruzzi,2.98,2.98,0.0
9,6,Nydegger,3.02,2.97,0.04999999999999982
9,6,Grofman,3.0,2.975,0.02499999999999991
9,6,Shubik,3.0,2.975,0.02499999999999991
9,6,Stein & Rapoport: 0.05,2.98,2.98,0.0
9,6,GRIM,3.0,2.975,0.02499999999999991
9,6,Davis: 10,3.0,2.975,0.02499999999999991
9,6,Graaskamp: 0.05,2.79,3.115,-0.3250000000000002
9,6,Downing,3.02,2.92,0.10000000000000009
9,6,"Feld: 1.0, 0.5, 200",1.94,2.14,-0.20000000000000018
9,6,Joss: 0.9,1.095,1.12,-0.025000000000000133
9,6,Tullock,1.94,2.04,-0.10000000000000009
9,6,Anonymous,2.955,0.705,2.25
9,6,Random: 0.5,3.1,0.775,2.325
9,7,Cu,3.02,2.97,0.04999999999999982
9,7,Du,0.995,1.02,-0.025000000000000022
9,7,Tit For Tat,3.0,2.975,0.02499999999999991
9,7,spiteful,3.0,2.975,0.02499999999999991
9,7,soft_majo,3.02,2.97,0.04999999999999982
9,7,hard_majo,1.03,1.03,0.0
9,7,per_cd,2.98,0.555,2.425
9,7,per_ccd,3.42,1.245,2.175
9,7,per_ddc,2.315,0.69,1.625
9,7,mistrust,1.03,1.03,0.0
9,7,WSLS,3.0,2.975,0.02499999999999991
9,7,TFTT,3.02,2.97,0.04999999999999982
9,7,hard_tft,3.0,2.975,0.02499999999999991
9,7,slow_tft,3.02,2.97,0.04999999999999982
9,7,GrdTFT,3.0,2.975,0.02499999999999991
9,7,prober,2.995,2.97,0.02499999999999991
9,7,mem2,3.0,2.975,0.02499999999999991
9,7,grok:grok-3-mini,3.0,2.975,0.02499999999999991
9,7,Tideman & Chieruzzi,2.98,2.98,0.0
9,7,Nydegger,3.02,2.97,0.04999999999999982
9,7,Grofman,3.0,2.975,0.02499999999999991
9,7,Shubik,3.0,2.975,0.02499999999999991
9,7,Stein & Rapoport: 0.05,2.98,2.98,0.0
9,7,GRIM,3.0,2.975,0.02499999999999991
9,7,Davis: 10,3.0,2.975,0.02499999999999991
9,7,Graaskamp: 0.05,2.795,3.12,-0.3250000000000002
9,7,Downing,3.02,2.92,0.10000000000000009
9,7,"Feld: 1.0, 0.5, 200",1.61,1.71,-0.09999999999999987
9,7,Joss: 0.9,2.73,3.155,-0.4249999999999998
9,7,Tullock,1.575,1.625,-0.050000000000000044
9,7,Anonymous,2.755,0.755,2.0
9,7,Random: 0.5,3.01,0.585,2.425
9,8,Cu,3.02,2.97,0.04999999999999982
9,8,Du,0.995,1.02,-0.025000000000000022
9,8,Tit For Tat,3.0,2.975,0.02499999999999991
9,8,spiteful,3.0,2.975,0.02499999999999991
9,8,soft_majo,3.02,2.97,0.04999999999999982
9,8,hard_majo,1.03,1.03,0.0
9,8,per_cd,2.98,0.555,2.425
9,8,per_ccd,3.42,1.245,2.175
9,8,per_ddc,2.315,0.69,1.625
9,8,mistrust,1.03,1.03,0.0
9,8,WSLS,3.0,2.975,0.02499999999999991
9,8,TFTT,3.02,2.97,0.04999999999999982
9,8,hard_tft,3.0,2.975,0.02499999999999991
9,8,slow_tft,3.02,2.97,0.04999999999999982
9,8,GrdTFT,3.0,2.975,0.02499999999999991
9,8,prober,2.995,2.97,0.02499999999999991
9,8,mem2,3.0,2.975,0.02499999999999991
9,8,grok:grok-3-mini,3.0,2.975,0.02499999999999991
9,8,Tideman & Chieruzzi,2.98,2.98,0.0
9,8,Nydegger,3.02,2.97,0.04999999999999982
9,8,Grofman,3.0,2.975,0.02499999999999991
9,8,Shubik,3.0,2.975,0.02499999999999991
9,8,Stein & Rapoport: 0.05,2.98,2.98,0.0
9,8,GRIM,3.0,2.975,0.02499999999999991
9,8,Davis: 10,3.0,2.975,0.02499999999999991
9,8,Graaskamp: 0.05,2.76,3.135,-0.375
9,8,Downing,3.02,2.92,0.10000000000000009
9,8,"Feld: 1.0, 0.5, 200",2.075,2.325,-0.25
9,8,Joss: 0.9,2.09,2.29,-0.20000000000000018
9,8,Tullock,1.5,1.55,-0.050000000000000044
9,8,Anonymous,2.87,0.62,2.25
9,8,Random: 0.5,2.955,0.855,2.1
9,9,Cu,3.02,2.97,0.04999999999999982
9,9,Du,0.995,1.02,-0.025000000000000022
9,9,Tit For Tat,3.0,2.975,0.02499999999999991
9,9,spiteful,3.0,2.975,0.02499999999999991
9,9,soft_majo,3.02,2.97,0.04999999999999982
9,9,hard_majo,1.03,1.03,0.0
9,9,per_cd,2.98,0.555,2.425
9,9,per_ccd,3.42,1.245,2.175
9,9,per_ddc,2.315,0.69,1.625
9,9,mistrust,1.03,1.03,0.0
9,9,WSLS,3.0,2.975,0.02499999999999991
9,9,TFTT,3.02,2.97,0.04999999999999982
9,9,hard_tft,3.0,2.975,0.02499999999999991
9,9,slow_tft,3.02,2.97,0.04999999999999982
9,9,GrdTFT,3.0,2.975,0.02499999999999991
9,9,prober,2.995,2.97,0.02499999999999991
9,9,mem2,3.0,2.975,0.02499999999999991
9,9,grok:grok-3-mini,3.0,2.975,0.02499999999999991
9,9,Tideman & Chieruzzi,2.98,2.98,0.0
9,9,Nydegger,3.02,2.97,0.04999999999999982
9,9,Grofman,3.0,2.975,0.02499999999999991
9,9,Shubik,3.0,2.975,0.02499999999999991
9,9,Stein & Rapoport: 0.05,2.98,2.98,0.0
9,9,GRIM,3.0,2.975,0.02499999999999991
9,9,Davis: 10,3.0,2.975,0.02499999999999991
9,9,Graaskamp: 0.05,2.825,3.1,-0.2749999999999999
9,9,Downing,3.02,2.92,0.10000000000000009
9,9,"Feld: 1.0, 0.5, 200",1.955,2.23,-0.2749999999999999
9,9,Joss: 0.9,1.64,1.815,-0.17500000000000004
9,9,Tullock,2.125,2.225,-0.10000000000000009
9,9,Anonymous,3.015,0.565,2.45
9,9,Random: 0.5,2.755,0.78,1.9749999999999999
9,10,Cu,3.02,2.97,0.04999999999999982
9,10,Du,0.995,1.02,-0.025000000000000022
9,10,Tit For Tat,3.0,2.975,0.02499999999999991
9,10,spiteful,3.0,2.975,0.02499999999999991
9,10,soft_majo,3.02,2.97,0.04999999999999982
9,10,hard_majo,1.03,1.03,0.0
9,10,per_cd,2.98,0.555,2.425
9,10,per_ccd,3.42,1.245,2.175
9,10,per_ddc,2.315,0.69,1.625
9,10,mistrust,1.03,1.03,0.0
9,10,WSLS,3.0,2.975,0.02499999999999991
9,10,TFTT,3.02,2.97,0.04999999999999982
9,10,hard_tft,3.0,2.975,0.02499999999999991
9,10,slow_tft,3.02,2.97,0.04999999999999982
9,10,GrdTFT,3.0,2.975,0.02499999999999991
9,10,prober,2.995,2.97,0.02499999999999991
9,10,mem2,3.0,2.975,0.02499999999999991
9,10,grok:grok-3-mini,3.0,2.975,0.02499999999999991
9,10,Tideman & Chieruzzi,2.98,2.98,0.0
9,10,Nydegger,3.02,2.97,0.04999999999999982
9,10,Grofman,3.02,2.97,0.04999999999999982
9,10,Shubik,3.0,2.975,0.02499999999999991
9,10,Stein & Rapoport: 0.05,2.98,2.98,0.0
9,10,GRIM,3.0,2.975,0.02499999999999991
9,10,Davis: 10,3.0,2.975,0.02499999999999991
9,10,Graaskamp: 0.05,2.825,3.1,-0.2749999999999999
9,10,Downing,3.02,2.92,0.10000000000000009
9,10,"Feld: 1.0, 0.5, 200",1.56,1.685,-0.125
9,10,Joss: 0.9,1.43,1.58,-0.15000000000000013
9,10,Tullock,1.795,1.895,-0.10000000000000009
9,10,Anonymous,2.74,1.29,1.4500000000000002
9,10,Random: 0.5,2.795,0.62,2.175
9,11,Cu,3.02,2.97,0.04999999999999982
9,11,Du,0.995,1.02,-0.025000000000000022
9,11,Tit For Tat,3.0,2.975,0.02499999999999991
9,11,spiteful,3.0,2.975,0.02499999999999991
9,11,soft_majo,3.02,2.97,0.04999999999999982
9,11,hard_majo,1.03,1.03,0.0
9,11,per_cd,2.98,0.555,2.425
9,11,per_ccd,3.42,1.245,2.175
9,11,per_ddc,2.315,0.69,1.625
9,11,mistrust,1.03,1.03,0.0
9,11,WSLS,3.0,2.975,0.02499999999999991
9,11,TFTT,3.02,2.97,0.04999999999999982
9,11,hard_tft,3.0,2.975,0.02499999999999991
9,11,slow_tft,3.02,2.97,0.04999999999999982
9,11,GrdTFT,3.0,2.975,0.02499999999999991
9,11,prober,2.995,2.97,0.02499999999999991
9,11,mem2,3.0,2.975,0.02499999999999991
9,11,grok:grok-3-mini,3.0,2.975,0.02499999999999991
9,11,Tideman & Chieruzzi,2.98,2.98,0.0
9,11,Nydegger,3.02,2.97,0.04999999999999982
9,11,Grofman,3.02,2.97,0.04999999999999982
9,11,Shubik,3.0,2.975,0.02499999999999991
9,11,Stein & Rapoport: 0.05,2.98,2.98,0.0
9,11,GRIM,3.0,2.975,0.02499999999999991
9,11,Davis: 10,3.0,2.975,0.02499999999999991
9,11,Graaskamp: 0.05,2.765,3.14,-0.375
9,11,Downing,3.02,2.92,0.10000000000000009
9,11,"Feld: 1.0, 0.5, 200",1.845,2.045,-0.19999999999999996
9,11,Joss: 0.9,1.04,1.065,-0.02499999999999991
9,11,Tullock,2.77,3.095,-0.3250000000000002
9,11,Anonymous,2.84,0.665,2.175
9,11,Random: 0.5,2.875,0.775,2.1
9,12,Cu,3.02,2.97,0.04999999999999982
9,12,Du,0.995,1.02,-0.025000000000000022
9,12,Tit For Tat,3.0,2.975,0.02499999999999991
9,12,spiteful,3.0,2.975,0.02499999999999991
9,12,soft_majo,3.02,2.97,0.04999999999999982
9,12,hard_majo,1.03,1.03,0.0
9,12,per_cd,2.98,0.555,2.425
9,12,per_ccd,3.42,1.245,2.175
9,12,per_ddc,2.315,0.69,1.625
9,12,mistrust,1.03,1.03,0.0
9,12,WSLS,3.0,2.975,0.02499999999999991
9,12,TFTT,3.02,2.97,0.04999999999999982
9,12,hard_tft,3.0,2.975,0.02499999999999991
9,12,slow_tft,3.02,2.97,0.04999999999999982
9,12,GrdTFT,3.0,2.975,0.02499999999999991
9,12,prober,2.995,2.97,0.02499999999999991
9,12,mem2,3.0,2.975,0.02499999999999991
9,12,grok:grok-3-mini,3.0,2.975,0.02499999999999991
9,12,Tideman & Chieruzzi,2.98,2.98,0.0
9,12,Nydegger,3.02,2.97,0.04999999999999982
9,12,Grofman,3.0,2.975,0.02499999999999991
9,12,Shubik,3.0,2.975,0.02499999999999991
9,12,Stein & Rapoport: 0.05,2.98,2.98,0.0
9,12,GRIM,3.0,2.975,0.02499999999999991
9,12,Davis: 10,3.0,2.975,0.02499999999999991
9,12,Graaskamp: 0.05,2.775,3.125,-0.3500000000000001
9,12,Downing,3.02,2.92,0.10000000000000009
9,12,"Feld: 1.0, 0.5, 200",1.865,2.14,-0.27500000000000013
9,12,Joss: 0.9,1.005,1.03,-0.025000000000000133
9,12,Tullock,2.19,2.54,-0.3500000000000001
9,12,Anonymous,3.0,0.725,2.275
9,12,Random: 0.5,3.01,0.81,2.1999999999999997
9,13,Cu,3.02,2.97,0.04999999999999982
9,13,Du,0.995,1.02,-0.025000000000000022
9,13,Tit For Tat,3.0,2.975,0.02499999999999991
9,13,spiteful,3.0,2.975,0.02499999999999991
9,13,soft_majo,3.02,2.97,0.04999999999999982
9,13,hard_majo,1.03,1.03,0.0
9,13,per_cd,2.98,0.555,2.425
9,13,per_ccd,3.42,1.245,2.175
9,13,per_ddc,2.315,0.69,1.625
9,13,mistrust,1.03,1.03,0.0
9,13,WSLS,3.0,2.975,0.02499999999999991
9,13,TFTT,3.02,2.97,0.04999999999999982
9,13,hard_tft,3.0,2.975,0.02499999999999991
9,13,slow_tft,3.02,2.97,0.04999999999999982
9,13,GrdTFT,3.0,2.975,0.02499999999999991
9,13,prober,2.995,2.97,0.02499999999999991
9,13,mem2,3.0,2.975,0.02499999999999991
9,13,grok:grok-3-mini,3.0,2.975,0.02499999999999991
9,13,Tideman & Chieruzzi,2.98,2.98,0.0
9,13,Nydegger,3.02,2.97,0.04999999999999982
9,13,Grofman,3.02,2.97,0.04999999999999982
9,13,Shubik,3.0,2.975,0.02499999999999991
9,13,Stein & Rapoport: 0.05,2.98,2.98,0.0
9,13,GRIM,3.0,2.975,0.02499999999999991
9,13,Davis: 10,3.0,2.975,0.02499999999999991
9,13,Graaskamp: 0.05,2.81,3.11,-0.2999999999999998
9,13,Downing,3.02,2.92,0.10000000000000009
9,13,"Feld: 1.0, 0.5, 200",1.645,1.745,-0.10000000000000009
9,13,Joss: 0.9,1.005,1.03,-0.025000000000000133
9,13,Tullock,2.215,2.24,-0.025000000000000355
9,13,Anonymous,2.595,0.62,1.975
9,13,Random: 0.5,2.755,0.655,2.0999999999999996
9,14,Cu,3.02,2.97,0.04999999999999982
9,14,Du,0.995,1.02,-0.025000000000000022
9,14,Tit For Tat,3.0,2.975,0.02499999999999991
9,14,spiteful,3.0,2.975,0.02499999999999991
9,14,soft_majo,3.02,2.97,0.04999999999999982
9,14,hard_majo,1.03,1.03,0.0
9,14,per_cd,2.98,0.555,2.425
9,14,per_ccd,3.42,1.245,2.175
9,14,per_ddc,2.315,0.69,1.625
9,14,mistrust,1.03,1.03,0.0
9,14,WSLS,3.0,2.975,0.02499999999999991
9,14,TFTT,3.02,2.97,0.04999999999999982
9,14,hard_tft,3.0,2.975,0.02499999999999991
9,14,slow_tft,3.02,2.97,0.04999999999999982
9,14,GrdTFT,3.0,2.975,0.02499999999999991
9,14,prober,2.995,2.97,0.02499999999999991
9,14,mem2,3.0,2.975,0.02499999999999991
9,14,grok:grok-3-mini,3.0,2.975,0.02499999999999991
9,14,Tideman & Chieruzzi,2.98,2.98,0.0
9,14,Nydegger,3.02,2.97,0.04999999999999982
9,14,Grofman,3.02,2.97,0.04999999999999982
9,14,Shubik,3.0,2.975,0.02499999999999991
9,14,Stein & Rapoport: 0.05,2.98,2.98,0.0
9,14,GRIM,3.0,2.975,0.02499999999999991
9,14,Davis: 10,3.0,2.975,0.02499999999999991
9,14,Graaskamp: 0.05,2.78,3.13,-0.3500000000000001
9,14,Downing,3.02,2.92,0.10000000000000009
9,14,"Feld: 1.0, 0.5, 200",1.67,1.92,-0.25
9,14,Joss: 0.9,1.1,1.175,-0.07499999999999996
9,14,Tullock,2.825,3.1,-0.2749999999999999
9,14,Anonymous,2.98,0.78,2.2
9,14,Random: 0.5,2.8,0.65,2.15
9,15,Cu,3.02,2.97,0.04999999999999982
9,15,Du,0.995,1.02,-0.025000000000000022
9,15,Tit For Tat,3.0,2.975,0.02499999999999991
9,15,spiteful,3.0,2.975,0.02499999999999991
9,15,soft_majo,3.02,2.97,0.04999999999999982
9,15,hard_majo,1.03,1.03,0.0
9,15,per_cd,2.98,0.555,2.425
9,15,per_ccd,3.42,1.245,2.175
9,15,per_ddc,2.315,0.69,1.625
9,15,mistrust,1.03,1.03,0.0
9,15,WSLS,3.0,2.975,0.02499999999999991
9,15,TFTT,3.02,2.97,0.04999999999999982
9,15,hard_tft,3.0,2.975,0.02499999999999991
9,15,slow_tft,3.02,2.97,0.04999999999999982
9,15,GrdTFT,3.0,2.975,0.02499999999999991
9,15,prober,2.995,2.97,0.02499999999999991
9,15,mem2,3.0,2.975,0.02499999999999991
9,15,grok:grok-3-mini,3.0,2.975,0.02499999999999991
9,15,Tideman & Chieruzzi,2.98,2.98,0.0
9,15,Nydegger,3.02,2.97,0.04999999999999982
9,15,Grofman,3.0,2.975,0.02499999999999991
9,15,Shubik,3.0,2.975,0.02499999999999991
9,15,Stein & Rapoport: 0.05,2.98,2.98,0.0
9,15,GRIM,3.0,2.975,0.02499999999999991
9,15,Davis: 10,3.0,2.975,0.02499999999999991
9,15,Graaskamp: 0.05,2.81,3.11,-0.2999999999999998
9,15,Downing,3.02,2.92,0.10000000000000009
9,15,"Feld: 1.0, 0.5, 200",1.69,1.915,-0.2250000000000001
9,15,Joss: 0.9,1.405,1.53,-0.125
9,15,Tullock,2.675,2.925,-0.25
9,15,Anonymous,2.955,0.805,2.15
9,15,Random: 0.5,3.0,0.575,2.425
9,16,Cu,3.02,2.97,0.04999999999999982
9,16,Du,0.995,1.02,-0.025000000000000022
9,16,Tit For Tat,3.0,2.975,0.02499999999999991
9,16,spiteful,3.0,2.975,0.02499999999999991
9,16,soft_majo,3.02,2.97,0.04999999999999982
9,16,hard_majo,1.03,1.03,0.0
9,16,per_cd,2.98,0.555,2.425
9,16,per_ccd,3.42,1.245,2.175
9,16,per_ddc,2.315,0.69,1.625
9,16,mistrust,1.03,1.03,0.0
9,16,WSLS,3.0,2.975,0.02499999999999991
9,16,TFTT,3.02,2.97,0.04999999999999982
9,16,hard_tft,3.0,2.975,0.02499999999999991
9,16,slow_tft,3.02,2.97,0.04999999999999982
9,16,GrdTFT,3.0,2.975,0.02499999999999991
9,16,prober,2.995,2.97,0.02499999999999991
9,16,mem2,3.0,2.975,0.02499999999999991
9,16,grok:grok-3-mini,3.0,2.975,0.02499999999999991
9,16,Tideman & Chieruzzi,2.98,2.98,0.0
9,16,Nydegger,3.02,2.97,0.04999999999999982
9,16,Grofman,3.02,2.97,0.04999999999999982
9,16,Shubik,3.0,2.975,0.02499999999999991
9,16,Stein & Rapoport: 0.05,2.98,2.98,0.0
9,16,GRIM,3.0,2.975,0.02499999999999991
9,16,Davis: 10,3.0,2.975,0.02499999999999991
9,16,Graaskamp: 0.05,2.795,3.12,-0.3250000000000002
9,16,Downing,3.02,2.92,0.10000000000000009
9,16,"Feld: 1.0, 0.5, 200",1.275,1.375,-0.10000000000000009
9,16,Joss: 0.9,1.33,1.455,-0.125
9,16,Tullock,2.75,3.15,-0.3999999999999999
9,16,Anonymous,2.92,0.595,2.325
9,16,Random: 0.5,3.0,0.7,2.3
9,17,Cu,3.02,2.97,0.04999999999999982
9,17,Du,0.995,1.02,-0.025000000000000022
9,17,Tit For Tat,3.0,2.975,0.02499999999999991
9,17,spiteful,3.0,2.975,0.02499999999999991
9,17,soft_majo,3.02,2.97,0.04999999999999982
9,17,hard_majo,1.03,1.03,0.0
9,17,per_cd,2.98,0.555,2.425
9,17,per_ccd,3.42,1.245,2.175
9,17,per_ddc,2.315,0.69,1.625
9,17,mistrust,1.03,1.03,0.0
9,17,WSLS,3.0,2.975,0.02499999999999991
9,17,TFTT,3.02,2.97,0.04999999999999982
9,17,hard_tft,3.0,2.975,0.02499999999999991
9,17,slow_tft,3.02,2.97,0.04999999999999982
9,17,GrdTFT,3.0,2.975,0.02499999999999991
9,17,prober,2.995,2.97,0.02499999999999991
9,17,mem2,3.0,2.975,0.02499999999999991
9,17,grok:grok-3-mini,3.0,2.975,0.02499999999999991
9,17,Tideman & Chieruzzi,2.98,2.98,0.0
9,17,Nydegger,3.02,2.97,0.04999999999999982
9,17,Grofman,3.0,2.975,0.02499999999999991
9,17,Shubik,3.0,2.975,0.02499999999999991
9,17,Stein & Rapoport: 0.05,2.98,2.98,0.0
9,17,GRIM,3.0,2.975,0.02499999999999991
9,17,Davis: 10,3.0,2.975,0.02499999999999991
9,17,Graaskamp: 0.05,2.795,3.12,-0.3250000000000002
9,17,Downing,3.02,2.92,0.10000000000000009
9,17,"Feld: 1.0, 0.5, 200",1.595,1.72,-0.125
9,17,Joss: 0.9,1.155,1.205,-0.050000000000000044
9,17,Tullock,2.44,2.74,-0.30000000000000027
9,17,Anonymous,2.88,0.73,2.15
9,17,Random: 0.5,2.98,0.705,2.275
9,18,Cu,3.02,2.97,0.04999999999999982
9,18,Du,0.995,1.02,-0.025000000000000022
9,18,Tit For Tat,3.0,2.975,0.02499999999999991
9,18,spiteful,3.0,2.975,0.02499999999999991
9,18,soft_majo,3.02,2.97,0.04999999999999982
9,18,hard_majo,1.03,1.03,0.0
9,18,per_cd,2.98,0.555,2.425
9,18,per_ccd,3.42,1.245,2.175
9,18,per_ddc,2.315,0.69,1.625
9,18,mistrust,1.03,1.03,0.0
9,18,WSLS,3.0,2.975,0.02499999999999991
9,18,TFTT,3.02,2.97,0.04999999999999982
9,18,hard_tft,3.0,2.975,0.02499999999999991
9,18,slow_tft,3.02,2.97,0.04999999999999982
9,18,GrdTFT,3.0,2.975,0.02499999999999991
9,18,prober,2.995,2.97,0.02499999999999991
9,18,mem2,3.0,2.975,0.02499999999999991
9,18,grok:grok-3-mini,3.0,2.975,0.02499999999999991
9,18,Tideman & Chieruzzi,2.98,2.98,0.0
9,18,Nydegger,3.02,2.97,0.04999999999999982
9,18,Grofman,3.0,2.975,0.02499999999999991
9,18,Shubik,3.0,2.975,0.02499999999999991
9,18,Stein & Rapoport: 0.05,2.98,2.98,0.0
9,18,GRIM,3.0,2.975,0.02499999999999991
9,18,Davis: 10,3.0,2.975,0.02499999999999991
9,18,Graaskamp: 0.05,2.765,3.14,-0.375
9,18,Downing,3.02,2.92,0.10000000000000009
9,18,"Feld: 1.0, 0.5, 200",1.52,1.67,-0.1499999999999999
9,18,Joss: 0.9,1.175,1.2,-0.02499999999999991
9,18,Tullock,1.615,1.64,-0.02499999999999991
9,18,Anonymous,2.88,0.605,2.275
9,18,Random: 0.5,2.83,0.705,2.125
9,19,Cu,3.02,2.97,0.04999999999999982
9,19,Du,0.995,1.02,-0.025000000000000022
9,19,Tit For Tat,3.0,2.975,0.02499999999999991
9,19,spiteful,3.0,2.975,0.02499999999999991
9,19,soft_majo,3.02,2.97,0.04999999999999982
9,19,hard_majo,1.03,1.03,0.0
9,19,per_cd,2.98,0.555,2.425
9,19,per_ccd,3.42,1.245,2.175
9,19,per_ddc,2.315,0.69,1.625
9,19,mistrust,1.03,1.03,0.0
9,19,WSLS,3.0,2.975,0.02499999999999991
9,19,TFTT,3.02,2.97,0.04999999999999982
9,19,hard_tft,3.0,2.975,0.02499999999999991
9,19,slow_tft,3.02,2.97,0.04999999999999982
9,19,GrdTFT,3.0,2.975,0.02499999999999991
9,19,prober,2.995,2.97,0.02499999999999991
9,19,mem2,3.0,2.975,0.02499999999999991
9,19,grok:grok-3-mini,3.0,2.975,0.02499999999999991
9,19,Tideman & Chieruzzi,2.98,2.98,0.0
9,19,Nydegger,3.02,2.97,0.04999999999999982
9,19,Grofman,3.0,2.975,0.02499999999999991
9,19,Shubik,3.0,2.975,0.02499999999999991
9,19,Stein & Rapoport: 0.05,2.98,2.98,0.0
9,19,GRIM,3.0,2.975,0.02499999999999991
9,19,Davis: 10,3.0,2.975,0.02499999999999991
9,19,Graaskamp: 0.05,2.81,3.11,-0.2999999999999998
9,19,Downing,3.02,2.92,0.10000000000000009
9,19,"Feld: 1.0, 0.5, 200",1.26,1.335,-0.07499999999999996
9,19,Joss: 0.9,2.15,2.6,-0.4500000000000002
9,19,Tullock,1.52,1.595,-0.07499999999999996
9,19,Anonymous,2.875,0.675,2.2
9,19,Random: 0.5,2.795,0.57,2.225
