seed,repetition,opponent,target_avg
0,0,Cu,3.02
0,0,Du,0.995
0,0,Tit For Tat,3.0
0,0,spiteful,3.0
0,0,soft_majo,3.02
0,0,hard_majo,1.03
0,0,per_cd,2.98
0,0,per_ccd,3.42
0,0,per_ddc,2.315
0,0,mistrust,1.03
0,0,WSLS,3.0
0,0,TFTT,3.02
0,0,hard_tft,3.0
0,0,slow_tft,3.02
0,0,GrdTFT,3.0
0,0,prober,2.995
0,0,mem2,3.0
0,0,grok:grok-3-mini,3.0
0,0,Tideman & Chieruzzi,2.98
0,0,Nydegger,3.02
0,0,Grofman,3.0
0,0,Shubik,3.0
0,0,Stein & Rapoport: 0.05,2.98
0,0,GRIM,3.0
0,0,Davis: 10,3.0
0,0,Graaskamp: 0.05,2.825
0,0,Downing,3.02
0,0,"Feld: 1.0, 0.5, 200",1.485
0,0,Joss: 0.9,1.04
0,0,Tullock,2.33
0,0,Anonymous,2.755
0,0,Random: 0.5,2.82
0,1,Cu,3.02
0,1,Du,0.995
0,1,Tit For Tat,3.0
0,1,spiteful,3.0
0,1,soft_majo,3.02
0,1,hard_majo,1.03
0,1,per_cd,2.98
0,1,per_ccd,3.42
0,1,per_ddc,2.315
0,1,mistrust,1.03
0,1,WSLS,3.0
0,1,TFTT,3.02
0,1,hard_tft,3.0
0,1,slow_tft,3.02
0,1,GrdTFT,3.0
0,1,prober,2.995
0,1,mem2,3.0
0,1,grok:grok-3-mini,3.0
0,1,Tideman & Chieruzzi,2.98
0,1,Nydegger,3.02
0,1,Grofman,3.0
0,1,Shubik,3.0
0,1,Stein & Rapoport: 0.05,2.98
0,1,GRIM,3.0
0,1,Davis: 10,3.0
0,1,Graaskamp: 0.05,2.775
0,1,Downing,3.02
0,1,"Feld: 1.0, 0.5, 200",1.415
0,1,Joss: 0.9,1.04
0,1,Tullock,1.24
0,1,Anonymous,2.84
0,1,Random: 0.5,2.97
0,2,Cu,3.02
0,2,Du,0.995
0,2,Tit For Tat,3.0
0,2,spiteful,3.0
0,2,soft_majo,3.02
0,2,hard_majo,1.03
0,2,per_cd,2.98
0,2,per_ccd,3.42
0,2,per_ddc,2.315
0,2,mistrust,1.03
0,2,WSLS,3.0
0,2,TFTT,3.02
0,2,hard_tft,3.0
0,2,slow_tft,3.02
0,2,GrdTFT,3.0
0,2,prober,2.995
0,2,mem2,3.0
0,2,grok:grok-3-mini,3.0
0,2,Tideman & Chieruzzi,2.98
0,2,Nydegger,3.02
0,2,Grofman,3.0
0,2,Shubik,3.0
0,2,Stein & Rapoport: 0.05,2.98
0,2,GRIM,3.0
0,2,Davis: 10,3.0
0,2,Graaskamp: 0.05,2.81
0,2,Downing,3.02
0,2,"Feld: 1.0, 0.5, 200",1.245
0,2,Joss: 0.9,2.82
0,2,Tullock,2.725
0,2,Anonymous,2.675
0,2,Random: 0.5,2.74
0,3,Cu,3.02
0,3,Du,0.995
0,3,Tit For Tat,3.0
0,3,spiteful,3.0
0,3,soft_majo,3.02
0,3,hard_majo,1.03
0,3,per_cd,2.98
0,3,per_ccd,3.42
0,3,per_ddc,2.315
0,3,mistrust,1.03
0,3,WSLS,3.0
0,3,TFTT,3.02
0,3,hard_tft,3.0
0,3,slow_tft,3.02
0,3,GrdTFT,3.0
0,3,prober,2.995
0,3,mem2,3.0
0,3,grok:grok-3-mini,3.0
0,3,Tideman & Chieruzzi,2.98
0,3,Nydegger,3.02
0,3,Grofman,3.0
0,3,Shubik,3.0
0,3,Stein & Rapoport: 0.05,2.98
0,3,GRIM,3.0
0,3,Davis: 10,3.0
0,3,Graaskamp: 0.05,2.825
0,3,Downing,3.02
0,3,"Feld: 1.0, 0.5, 200",1.45
0,3,Joss: 0.9,1.425
0,3,Tullock,1.965
0,3,Anonymous,3.045
0,3,Random: 0.5,2.91
0,4,Cu,3.02
0,4,Du,0.995
0,4,Tit For Tat,3.0
0,4,spiteful,3.0
0,4,soft_majo,3.02
0,4,hard_majo,1.03
0,4,per_cd,2.98
0,4,per_ccd,3.42
0,4,per_ddc,2.315
0,4,mistrust,1.03
0,4,WSLS,3.0
0,4,TFTT,3.02
0,4,hard_tft,3.0
0,4,slow_tft,3.02
0,4,GrdTFT,3.0
0,4,prober,2.995
0,4,mem2,3.0
0,4,grok:grok-3-mini,3.0
0,4,Tideman & Chieruzzi,2.98
0,4,Nydegger,3.02
0,4,Grofman,3.0
0,4,Shubik,3.0
0,4,Stein & Rapoport: 0.05,2.98
0,4,GRIM,3.0
0,4,Davis: 10,3.0
0,4,Graaskamp: 0.05,2.795
0,4,Downing,3.02
0,4,"Feld: 1.0, 0.5, 200",1.485
0,4,Joss: 0.9,2.12
0,4,Tullock,1.42
0,4,Anonymous,2.98
0,4,Random: 0.5,2.92
0,5,Cu,3.02
0,5,Du,0.995
0,5,Tit For Tat,3.0
0,5,spiteful,3.0
0,5,soft_majo,3.02
0,5,hard_majo,1.03
0,5,per_cd,2.98
0,5,per_ccd,3.42
0,5,per_ddc,2.315
0,5,mistrust,1.03
0,5,WSLS,3.0
0,5,TFTT,3.02
0,5,hard_tft,3.0
0,5,slow_tft,3.02
0,5,GrdTFT,3.0
0,5,prober,2.995
0,5,mem2,3.0
0,5,grok:grok-3-mini,3.0
0,5,Tideman & Chieruzzi,2.98
0,5,Nydegger,3.02
0,5,Grofman,3.0
0,5,Shubik,3.0
0,5,Stein & Rapoport: 0.05,2.98
0,5,GRIM,3.0
0,5,Davis: 10,3.0
0,5,Graaskamp: 0.05,2.795
0,5,Downing,3.02
0,5,"Feld: 1.0, 0.5, 200",1.7
0,5,Joss: 0.9,1.17
0,5,Tullock,1.555
0,5,Anonymous,2.82
0,5,Random: 0.5,2.985
0,6,Cu,3.02
0,6,Du,0.995
0,6,Tit For Tat,3.0
0,6,spiteful,3.0
0,6,soft_majo,3.02
0,6,hard_majo,1.03
0,6,per_cd,2.98
0,6,per_ccd,3.42
0,6,per_ddc,2.315
0,6,mistrust,1.03
0,6,WSLS,3.0
0,6,TFTT,3.02
0,6,hard_tft,3.0
0,6,slow_tft,3.02
0,6,GrdTFT,3.0
0,6,prober,2.995
0,6,mem2,3.0
0,6,grok:grok-3-mini,3.0
0,6,Tideman & Chieruzzi,2.98
0,6,Nydegger,3.02
0,6,Grofman,3.02
0,6,Shubik,3.0
0,6,Stein & Rapoport: 0.05,2.98
0,6,GRIM,3.0
0,6,Davis: 10,3.0
0,6,Graaskamp: 0.05,2.795
0,6,Downing,3.02
0,6,"Feld: 1.0, 0.5, 200",1.725
0,6,Joss: 0.9,1.05
0,6,Tullock,1.32
0,6,Anonymous,2.935
0,6,Random: 0.5,2.995
0,7,Cu,3.02
0,7,Du,0.995
0,7,Tit For Tat,3.0
0,7,spiteful,3.0
0,7,soft_majo,3.02
0,7,hard_majo,1.03
0,7,per_cd,2.98
0,7,per_ccd,3.42
0,7,per_ddc,2.315
0,7,mistrust,1.03
0,7,WSLS,3.0
0,7,TFTT,3.02
0,7,hard_tft,3.0
0,7,slow_tft,3.02
0,7,GrdTFT,3.0
0,7,prober,2.995
0,7,mem2,3.0
0,7,grok:grok-3-mini,3.0
0,7,Tideman & Chieruzzi,2.98
0,7,Nydegger,3.02
0,7,Grofman,3.02
0,7,Shubik,3.0
0,7,Stein & Rapoport: 0.05,2.98
0,7,GRIM,3.0
0,7,Davis: 10,3.0
0,7,Graaskamp: 0.05,2.795
0,7,Downing,3.02
0,7,"Feld: 1.0, 0.5, 200",1.745
0,7,Joss: 0.9,1.03
0,7,Tullock,1.37
0,7,Anonymous,3.005
0,7,Random: 0.5,2.985
0,8,Cu,3.02
0,8,Du,0.995
0,8,Tit For Tat,3.0
0,8,spiteful,3.0
0,8,soft_majo,3.02
0,8,hard_majo,1.03
0,8,per_cd,2.98
0,8,per_ccd,3.42
0,8,per_ddc,2.315
0,8,mistrust,1.03
0,8,WSLS,3.0
0,8,TFTT,3.02
0,8,hard_tft,3.0
0,8,slow_tft,3.02
0,8,GrdTFT,3.0
0,8,prober,2.995
0,8,mem2,3.0
0,8,grok:grok-3-mini,3.0
0,8,Tideman & Chieruzzi,2.98
0,8,Nydegger,3.02
0,8,Grofman,3.02
0,8,Shubik,3.0
0,8,Stein & Rapoport: 0.05,2.98
0,8,GRIM,3.0
0,8,Davis: 10,3.0
0,8,Graaskamp: 0.05,2.81
0,8,Downing,3.02
0,8,"Feld: 1.0, 0.5, 200",1.84
0,8,Joss: 0.9,1.305
0,8,Tullock,1.435
0,8,Anonymous,2.75
0,8,Random: 0.5,2.83
0,9,Cu,3.02
0,9,Du,0.995
0,9,Tit For Tat,3.0
0,9,spiteful,3.0
0,9,soft_majo,3.02
0,9,hard_majo,1.03
0,9,per_cd,2.98
0,9,per_ccd,3.42
0,9,per_ddc,2.315
0,9,mistrust,1.03
0,9,WSLS,3.0
0,9,TFTT,3.02
0,9,hard_tft,3.0
0,9,slow_tft,3.02
0,9,GrdTFT,3.0
0,9,prober,2.995
0,9,mem2,3.0
0,9,grok:grok-3-mini,3.0
0,9,Tideman & Chieruzzi,2.98
0,9,Nydegger,3.02
0,9,Grofman,3.02
0,9,Shubik,3.0
0,9,Stein & Rapoport: 0.05,2.98
0,9,GRIM,3.0
0,9,Davis: 10,3.0
0,9,Graaskamp: 0.05,2.825
0,9,Downing,3.02
0,9,"Feld: 1.0, 0.5, 200",1.41
0,9,Joss: 0.9,1.065
0,9,Tullock,2.635
0,9,Anonymous,2.7
0,9,Random: 0.5,2.89
0,10,Cu,3.02
0,10,Du,0.995
0,10,Tit For Tat,3.0
0,10,spiteful,3.0
0,10,soft_majo,3.02
0,10,hard_majo,1.03
0,10,per_cd,2.98
0,10,per_ccd,3.42
0,10,per_ddc,2.315
0,10,mistrust,1.03
0,10,WSLS,3.0
0,10,TFTT,3.02
0,10,hard_tft,3.0
0,10,slow_tft,3.02
0,10,GrdTFT,3.0
0,10,prober,2.995
0,10,mem2,3.0
0,10,grok:grok-3-mini,3.0
0,10,Tideman & Chieruzzi,2.98
0,10,Nydegger,3.02
0,10,Grofman,3.0
0,10,Shubik,3.0
0,10,Stein & Rapoport: 0.05,2.98
0,10,GRIM,3.0
0,10,Davis: 10,3.0
0,10,Graaskamp: 0.05,2.81
0,10,Downing,3.02
0,10,"Feld: 1.0, 0.5, 200",1.7
0,10,Joss: 0.9,1.755
0,10,Tullock,2.785
0,10,Anonymous,3.02
0,10,Random: 0.5,2.89
0,11,Cu,3.02
0,11,Du,0.995
0,11,Tit For Tat,3.0
0,11,spiteful,3.0
0,11,soft_majo,3.02
0,11,hard_majo,1.03
0,11,per_cd,2.98
0,11,per_ccd,3.42
0,11,per_ddc,2.315
0,11,mistrust,1.03
0,11,WSLS,3.0
0,11,TFTT,3.02
0,11,hard_tft,3.0
0,11,slow_tft,3.02
0,11,GrdTFT,3.0
0,11,prober,2.995
0,11,mem2,3.0
0,11,grok:grok-3-mini,3.0
0,11,Tideman & Chieruzzi,2.98
0,11,Nydegger,3.02
0,11,Grofman,3.0
0,11,Shubik,3.0
0,11,Stein & Rapoport: 0.05,2.98
0,11,GRIM,3.0
0,11,Davis: 10,3.0
0,11,Graaskamp: 0.05,2.78
0,11,Downing,3.02
0,11,"Feld: 1.0, 0.5, 200",1.735
0,11,Joss: 0.9,1.29
0,11,Tullock,1.9
0,11,Anonymous,2.87
0,11,Random: 0.5,2.735
0,12,Cu,3.02
0,12,Du,0.995
0,12,Tit For Tat,3.0
0,12,spiteful,3.0
0,12,soft_majo,3.02
0,12,hard_majo,1.03
0,12,per_cd,2.98
0,12,per_ccd,3.42
0,12,per_ddc,2.315
0,12,mistrust,1.03
0,12,WSLS,3.0
0,12,TFTT,3.02
0,12,hard_tft,3.0
0,12,slow_tft,3.02
0,12,GrdTFT,3.0
0,12,prober,2.995
0,12,mem2,3.0
0,12,grok:grok-3-mini,3.0
0,12,Tideman & Chieruzzi,2.98
0,12,Nydegger,3.02
0,12,Grofman,3.0
0,12,Shubik,3.0
0,12,Stein & Rapoport: 0.05,2.98
0,12,GRIM,3.0
0,12,Davis: 10,3.0
0,12,Graaskamp: 0.05,2.78
0,12,Downing,3.02
0,12,"Feld: 1.0, 0.5, 200",1.36
0,12,Joss: 0.9,2.195
0,12,Tullock,1.955
0,12,Anonymous,2.835
0,12,Random: 0.5,2.98
0,13,Cu,3.02
0,13,Du,0.995
0,13,Tit For Tat,3.0
0,13,spiteful,3.0
0,13,soft_majo,3.02
0,13,hard_majo,1.03
0,13,per_cd,2.98
0,13,per_ccd,3.42
0,13,per_ddc,2.315
0,13,mistrust,1.03
0,13,WSLS,3.0
0,13,TFTT,3.02
0,13,hard_tft,3.0
0,13,slow_tft,3.02
0,13,GrdTFT,3.0
0,13,prober,2.995
0,13,mem2,3.0
0,13,grok:grok-3-mini,3.0
0,13,Tideman & Chieruzzi,2.98
0,13,Nydegger,3.02
0,13,Grofman,3.0
0,13,Shubik,3.0
0,13,Stein & Rapoport: 0.05,2.98
0,13,GRIM,3.0
0,13,Davis: 10,3.0
0,13,Graaskamp: 0.05,2.795
0,13,Downing,3.02
0,13,"Feld: 1.0, 0.5, 200",1.6
0,13,Joss: 0.9,1.555
0,13,Tullock,2.025
0,13,Anonymous,2.67
0,13,Random: 0.5,2.92
0,14,Cu,3.02
0,14,Du,0.995
0,14,Tit For Tat,3.0
0,14,spiteful,3.0
0,14,soft_majo,3.02
0,14,hard_majo,1.03
0,14,per_cd,2.98
0,14,per_ccd,3.42
0,14,per_ddc,2.315
0,14,mistrust,1.03
0,14,WSLS,3.0
0,14,TFTT,3.02
0,14,hard_tft,3.0
0,14,slow_tft,3.02
0,14,GrdTFT,3.0
0,14,prober,2.995
0,14,mem2,3.0
0,14,grok:grok-3-mini,3.0
0,14,Tideman & Chieruzzi,2.98
0,14,Nydegger,3.02
0,14,Grofman,3.0
0,14,Shubik,3.0
0,14,Stein & Rapoport: 0.05,2.98
0,14,GRIM,3.0
0,14,Davis: 10,3.0
0,14,Graaskamp: 0.05,2.795
0,14,Downing,3.02
0,14,"Feld: 1.0, 0.5, 200",1.775
0,14,Joss: 0.9,2.445
0,14,Tullock,2.76
0,14,Anonymous,2.965
0,14,Random: 0.5,2.72
0,15,Cu,3.02
0,15,Du,0.995
0,15,Tit For Tat,3.0
0,15,spiteful,3.0
0,15,soft_majo,3.02
0,15,hard_majo,1.03
0,15,per_cd,2.98
0,15,per_ccd,3.42
0,15,per_ddc,2.315
0,15,mistrust,1.03
0,15,WSLS,3.0
0,15,TFTT,3.02
0,15,hard_tft,3.0
0,15,slow_tft,3.02
0,15,GrdTFT,3.0
0,15,prober,2.995
0,15,mem2,3.0
0,15,grok:grok-3-mini,3.0
0,15,Tideman & Chieruzzi,2.98
0,15,Nydegger,3.02
0,15,Grofman,3.02
0,15,Shubik,3.0
0,15,Stein & Rapoport: 0.05,2.98
0,15,GRIM,3.0
0,15,Davis: 10,3.0
0,15,Graaskamp: 0.05,2.81
0,15,Downing,3.02
0,15,"Feld: 1.0, 0.5, 200",1.805
0,15,Joss: 0.9,1.835
0,15,Tullock,2.09
0,15,Anonymous,2.87
0,15,Random: 0.5,2.935
0,16,Cu,3.02
0,16,Du,0.995
0,16,Tit For Tat,3.0
0,16,spiteful,3.0
0,16,soft_majo,3.02
0,16,hard_majo,1.03
0,16,per_cd,2.98
0,16,per_ccd,3.42
0,16,per_ddc,2.315
0,16,mistrust,1.03
0,16,WSLS,3.0
0,16,TFTT,3.02
0,16,hard_tft,3.0
0,16,slow_tft,3.02
0,16,GrdTFT,3.0
0,16,prober,2.995
0,16,mem2,3.0
0,16,grok:grok-3-mini,3.0
0,16,Tideman & Chieruzzi,2.98
0,16,Nydegger,3.02
0,16,Grofman,3.02
0,16,Shubik,3.0
0,16,Stein & Rapoport: 0.05,2.98
0,16,GRIM,3.0
0,16,Davis: 10,3.0
0,16,Graaskamp: 0.05,2.79
0,16,Downing,3.02
0,16,"Feld: 1.0, 0.5, 200",1.585
0,16,Joss: 0.9,1.145
0,16,Tullock,1.45
0,16,Anonymous,2.975
0,16,Random: 0.5,2.925
0,17,Cu,3.02
0,17,Du,0.995
0,17,Tit For Tat,3.0
0,17,spiteful,3.0
0,17,soft_majo,3.02
0,17,hard_majo,1.03
0,17,per_cd,2.98
0,17,per_ccd,3.42
0,17,per_ddc,2.315
0,17,mistrust,1.03
0,17,WSLS,3.0
0,17,TFTT,3.02
0,17,hard_tft,3.0
0,17,slow_tft,3.02
0,17,GrdTFT,3.0
0,17,prober,2.995
0,17,mem2,3.0
0,17,grok:grok-3-mini,3.0
0,17,Tideman & Chieruzzi,2.98
0,17,Nydegger,3.02
0,17,Grofman,3.0
0,17,Shubik,3.0
0,17,Stein & Rapoport: 0.05,2.98
0,17,GRIM,3.0
0,17,Davis: 10,3.0
0,17,Graaskamp: 0.05,2.765
0,17,Downing,3.02
0,17,"Feld: 1.0, 0.5, 200",1.955
0,17,Joss: 0.9,1.88
0,17,Tullock,2.2
0,17,Anonymous,2.835
0,17,Random: 0.5,3.04
0,18,Cu,3.02
0,18,Du,0.995
0,18,Tit For Tat,3.0
0,18,spiteful,3.0
0,18,soft_majo,3.02
0,18,hard_majo,1.03
0,18,per_cd,2.98
0,18,per_ccd,3.42
0,18,per_ddc,2.315
0,18,mistrust,1.03
0,18,WSLS,3.0
0,18,TFTT,3.02
0,18,hard_tft,3.0
0,18,slow_tft,3.02
0,18,GrdTFT,3.0
0,18,prober,2.995
0,18,mem2,3.0
0,18,grok:grok-3-mini,3.0
0,18,Tideman & Chieruzzi,2.98
0,18,Nydegger,3.02
0,18,Grofman,3.0
0,18,Shubik,3.0
0,18,Stein & Rapoport: 0.05,2.98
0,18,GRIM,3.0
0,18,Davis: 10,3.0
0,18,Graaskamp: 0.05,2.81
0,18,Downing,3.02
0,18,"Feld: 1.0, 0.5, 200",1.53
0,18,Joss: 0.9,2.775
0,18,Tullock,2.525
0,18,Anonymous,2.965
0,18,Random: 0.5,2.87
0,19,Cu,3.02
0,19,Du,0.995
0,19,Tit For Tat,3.0
0,19,spiteful,3.0
0,19,soft_majo,3.02
0,19,hard_majo,1.03
0,19,per_cd,2.98
0,19,per_ccd,3.42
0,19,per_ddc,2.315
0,19,mistrust,1.03
0,19,WSLS,3.0
0,19,TFTT,3.02
0,19,hard_tft,3.0
0,19,slow_tft,3.02
0,19,GrdTFT,3.0
0,19,prober,2.995
0,19,mem2,3.0
0,19,grok:grok-3-mini,3.0
0,19,Tideman & Chieruzzi,2.98
0,19,Nydegger,3.02
0,19,Grofman,3.0
0,19,Shubik,3.0
0,19,Stein & Rapoport: 0.05,2.98
0,19,GRIM,3.0
0,19,Davis: 10,3.0
0,19,Graaskamp: 0.05,2.795
0,19,Downing,3.02
0,19,"Feld: 1.0, 0.5, 200",1.685
0,19,Joss: 0.9,1.05
0,19,Tullock,1.585
0,19,Anonymous,2.895
0,19,Random: 0.5,2.83
1,0,Cu,3.02
1,0,Du,0.995
1,0,Tit For Tat,3.0
1,0,spiteful,3.0
1,0,soft_majo,3.02
1,0,hard_majo,1.03
1,0,per_cd,2.98
1,0,per_ccd,3.42
1,0,per_ddc,2.315
1,0,mistrust,1.03
1,0,WSLS,3.0
1,0,TFTT,3.02
1,0,hard_tft,3.0
1,0,slow_tft,3.02
1,0,GrdTFT,3.0
1,0,prober,2.995
1,0,mem2,3.0
1,0,grok:grok-3-mini,3.0
1,0,Tideman & Chieruzzi,2.98
1,0,Nydegger,3.02
1,0,Grofman,3.0
1,0,Shubik,3.0
1,0,Stein & Rapoport: 0.05,2.98
1,0,GRIM,3.0
1,0,Davis: 10,3.0
1,0,Graaskamp: 0.05,2.78
1,0,Downing,3.02
1,0,"Feld: 1.0, 0.5, 200",1.47
1,0,Joss: 0.9,1.32
1,0,Tullock,2.785
1,0,Anonymous,2.985
1,0,Random: 0.5,2.86
1,1,Cu,3.02
1,1,Du,0.995
1,1,Tit For Tat,3.0
1,1,spiteful,3.0
1,1,soft_majo,3.02
1,1,hard_majo,1.03
1,1,per_cd,2.98
1,1,per_ccd,3.42
1,1,per_ddc,2.315
1,1,mistrust,1.03
1,1,WSLS,3.0
1,1,TFTT,3.02
1,1,hard_tft,3.0
1,1,slow_tft,3.02
1,1,GrdTFT,3.0
1,1,prober,2.995
1,1,mem2,3.0
1,1,grok:grok-3-mini,3.0
1,1,Tideman & Chieruzzi,2.98
1,1,Nydegger,3.02
1,1,Grofman,3.0
1,1,Shubik,3.0
1,1,Stein & Rapoport: 0.05,2.98
1,1,GRIM,3.0
1,1,Davis: 10,3.0
1,1,Graaskamp: 0.05,2.81
1,1,Downing,3.02
1,1,"Feld: 1.0, 0.5, 200",1.67
1,1,Joss: 0.9,1.03
1,1,Tullock,2.33
1,1,Anonymous,2.94
1,1,Random: 0.5,3.05
1,2,Cu,3.02
1,2,Du,0.995
1,2,Tit For Tat,3.0
1,2,spiteful,3.0
1,2,soft_majo,3.02
1,2,hard_majo,1.03
1,2,per_cd,2.98
1,2,per_ccd,3.42
1,2,per_ddc,2.315
1,2,mistrust,1.03
1,2,WSLS,3.0
1,2,TFTT,3.02
1,2,hard_tft,3.0
1,2,slow_tft,3.02
1,2,GrdTFT,3.0
1,2,prober,2.995
1,2,mem2,3.0
1,2,grok:grok-3-mini,3.0
1,2,Tideman & Chieruzzi,2.98
1,2,Nydegger,3.02
1,2,Grofman,3.02
1,2,Shubik,3.0
1,2,Stein & Rapoport: 0.05,2.98
1,2,GRIM,3.0
1,2,Davis: 10,3.0
1,2,Graaskamp: 0.05,2.795
1,2,Downing,3.02
1,2,"Feld: 1.0, 0.5, 200",1.73
1,2,Joss: 0.9,2.79
1,2,Tullock,2.795
1,2,Anonymous,2.985
1,2,Random: 0.5,2.99
1,3,Cu,3.02
1,3,Du,0.995
1,3,Tit For Tat,3.0
1,3,spiteful,3.0
1,3,soft_majo,3.02
1,3,hard_majo,1.03
1,3,per_cd,2.98
1,3,per_ccd,3.42
1,3,per_ddc,2.315
1,3,mistrust,1.03
1,3,WSLS,3.0
1,3,TFTT,3.02
1,3,hard_tft,3.0
1,3,slow_tft,3.02
1,3,GrdTFT,3.0
1,3,prober,2.995
1,3,mem2,3.0
1,3,grok:grok-3-mini,3.0
1,3,Tideman & Chieruzzi,2.98
1,3,Nydegger,3.02
1,3,Grofman,3.02
1,3,Shubik,3.0
1,3,Stein & Rapoport: 0.05,2.98
1,3,GRIM,3.0
1,3,Davis: 10,3.0
1,3,Graaskamp: 0.05,2.81
1,3,Downing,3.02
1,3,"Feld: 1.0, 0.5, 200",1.425
1,3,Joss: 0.9,1.04
1,3,Tullock,2.15
1,3,Anonymous,3.02
1,3,Random: 0.5,2.805
1,4,Cu,3.02
1,4,Du,0.995
1,4,Tit For Tat,3.0
1,4,spiteful,3.0
1,4,soft_majo,3.02
1,4,hard_majo,1.03
1,4,per_cd,2.98
1,4,per_ccd,3.42
1,4,per_ddc,2.315
1,4,mistrust,1.03
1,4,WSLS,3.0
1,4,TFTT,3.02
1,4,hard_tft,3.0
1,4,slow_tft,3.02
1,4,GrdTFT,3.0
1,4,prober,2.995
1,4,mem2,3.0
1,4,grok:grok-3-mini,3.0
1,4,Tideman & Chieruzzi,2.98
1,4,Nydegger,3.02
1,4,Grofman,3.0
1,4,Shubik,3.0
1,4,Stein & Rapoport: 0.05,2.98
1,4,GRIM,3.0
1,4,Davis: 10,3.0
1,4,Graaskamp: 0.05,2.795
1,4,Downing,3.02
1,4,"Feld: 1.0, 0.5, 200",1.19
1,4,Joss: 0.9,1.485
1,4,Tullock,2.85
1,4,Anonymous,2.975
1,4,Random: 0.5,2.79
1,5,Cu,3.02
1,5,Du,0.995
1,5,Tit For Tat,3.0
1,5,spiteful,3.0
1,5,soft_majo,3.02
1,5,hard_majo,1.03
1,5,per_cd,2.98
1,5,per_ccd,3.42
1,5,per_ddc,2.315
1,5,mistrust,1.03
1,5,WSLS,3.0
1,5,TFTT,3.02
1,5,hard_tft,3.0
1,5,slow_tft,3.02
1,5,GrdTFT,3.0
1,5,prober,2.995
1,5,mem2,3.0
1,5,grok:grok-3-mini,3.0
1,5,Tideman & Chieruzzi,2.98
1,5,Nydegger,3.02
1,5,Grofman,3.0
1,5,Shubik,3.0
1,5,Stein & Rapoport: 0.05,2.98
1,5,GRIM,3.0
1,5,Davis: 10,3.0
1,5,Graaskamp: 0.05,2.805
1,5,Downing,3.02
1,5,"Feld: 1.0, 0.5, 200",1.295
1,5,Joss: 0.9,1.2
1,5,Tullock,1.43
1,5,Anonymous,2.765
1,5,Random: 0.5,2.955
1,6,Cu,3.02
1,6,Du,0.995
1,6,Tit For Tat,3.0
1,6,spiteful,3.0
1,6,soft_majo,3.02
1,6,hard_majo,1.03
1,6,per_cd,2.98
1,6,per_ccd,3.42
1,6,per_ddc,2.315
1,6,mistrust,1.03
1,6,WSLS,3.0
1,6,TFTT,3.02
1,6,hard_tft,3.0
1,6,slow_tft,3.02
1,6,GrdTFT,3.0
1,6,prober,2.995
1,6,mem2,3.0
1,6,grok:grok-3-mini,3.0
1,6,Tideman & Chieruzzi,2.98
1,6,Nydegger,3.02
1,6,Grofman,3.0
1,6,Shubik,3.0
1,6,Stein & Rapoport: 0.05,2.98
1,6,GRIM,3.0
1,6,Davis: 10,3.0
1,6,Graaskamp: 0.05,2.79
1,6,Downing,3.02
1,6,"Feld: 1.0, 0.5, 200",1.715
1,6,Joss: 0.9,2.085
1,6,Tullock,2.805
1,6,Anonymous,3.145
1,6,Random: 0.5,3.045
1,7,Cu,3.02
1,7,Du,0.995
1,7,Tit For Tat,3.0
1,7,spiteful,3.0
1,7,soft_majo,3.02
1,7,hard_majo,1.03
1,7,per_cd,2.98
1,7,per_ccd,3.42
1,7,per_ddc,2.315
1,7,mistrust,1.03
1,7,WSLS,3.0
1,7,TFTT,3.02
1,7,hard_tft,3.0
1,7,slow_tft,3.02
1,7,GrdTFT,3.0
1,7,prober,2.995
1,7,mem2,3.0
1,7,grok:grok-3-mini,3.0
1,7,Tideman & Chieruzzi,2.98
1,7,Nydegger,3.02
1,7,Grofman,3.0
1,7,Shubik,3.0
1,7,Stein & Rapoport: 0.05,2.98
1,7,GRIM,3.0
1,7,Davis: 10,3.0
1,7,Graaskamp: 0.05,2.795
1,7,Downing,3.02
1,7,"Feld: 1.0, 0.5, 200",1.67
1,7,Joss: 0.9,1.17
1,7,Tullock,2.615
1,7,Anonymous,2.74
1,7,Random: 0.5,2.7
1,8,Cu,3.02
1,8,Du,0.995
1,8,Tit For Tat,3.0
1,8,spiteful,3.0
1,8,soft_majo,3.02
1,8,hard_majo,1.03
1,8,per_cd,2.98
1,8,per_ccd,3.42
1,8,per_ddc,2.315
1,8,mistrust,1.03
1,8,WSLS,3.0
1,8,TFTT,3.02
1,8,hard_tft,3.0
1,8,slow_tft,3.02
1,8,GrdTFT,3.0
1,8,prober,2.995
1,8,mem2,3.0
1,8,grok:grok-3-mini,3.0
1,8,Tideman & Chieruzzi,2.98
1,8,Nydegger,3.02
1,8,Grofman,3.0
1,8,Shubik,3.0
1,8,Stein & Rapoport: 0.05,2.98
1,8,GRIM,3.0
1,8,Davis: 10,3.0
1,8,Graaskamp: 0.05,2.765
1,8,Downing,3.02
1,8,"Feld: 1.0, 0.5, 200",1.255
1,8,Joss: 0.9,1.05
1,8,Tullock,1.605
1,8,Anonymous,2.915
1,8,Random: 0.5,2.83
1,9,Cu,3.02
1,9,Du,0.995
1,9,Tit For Tat,3.0
1,9,spiteful,3.0
1,9,soft_majo,3.02
1,9,hard_majo,1.03
1,9,per_cd,2.98
1,9,per_ccd,3.42
1,9,per_ddc,2.315
1,9,mistrust,1.03
1,9,WSLS,3.0
1,9,TFTT,3.02
1,9,hard_tft,3.0
1,9,slow_tft,3.02
1,9,GrdTFT,3.0
1,9,prober,2.995
1,9,mem2,3.0
1,9,grok:grok-3-mini,3.0
1,9,Tideman & Chieruzzi,2.98
1,9,Nydegger,3.02
1,9,Grofman,3.0
1,9,Shubik,3.0
1,9,Stein & Rapoport: 0.05,2.98
1,9,GRIM,3.0
1,9,Davis: 10,3.0
1,9,Graaskamp: 0.05,2.825
1,9,Downing,3.02
1,9,"Feld: 1.0, 0.5, 200",1.35
1,9,Joss: 0.9,1.14
1,9,Tullock,2.72
1,9,Anonymous,2.62
1,9,Random: 0.5,2.905
1,10,Cu,3.02
1,10,Du,0.995
1,10,Tit For Tat,3.0
1,10,spiteful,3.0
1,10,soft_majo,3.02
1,10,hard_majo,1.03
1,10,per_cd,2.98
1,10,per_ccd,3.42
1,10,per_ddc,2.315
1,10,mistrust,1.03
1,10,WSLS,3.0
1,10,TFTT,3.02
1,10,hard_tft,3.0
1,10,slow_tft,3.02
1,10,GrdTFT,3.0
1,10,prober,2.995
1,10,mem2,3.0
1,10,grok:grok-3-mini,3.0
1,10,Tideman & Chieruzzi,2.98
1,10,Nydegger,3.02
1,10,Grofman,3.0
1,10,Shubik,3.0
1,10,Stein & Rapoport: 0.05,2.98
1,10,GRIM,3.0
1,10,Davis: 10,3.0
1,10,Graaskamp: 0.05,2.795
1,10,Downing,3.02
1,10,"Feld: 1.0, 0.5, 200",1.61
1,10,Joss: 0.9,1.05
1,10,Tullock,2.81
1,10,Anonymous,2.76
1,10,Random: 0.5,2.865
1,11,Cu,3.02
1,11,Du,0.995
1,11,Tit For Tat,3.0
1,11,spiteful,3.0
1,11,soft_majo,3.02
1,11,hard_majo,1.03
1,11,per_cd,2.98
1,11,per_ccd,3.42
1,11,per_ddc,2.315
1,11,mistrust,1.03
1,11,WSLS,3.0
1,11,TFTT,3.02
1,11,hard_tft,3.0
1,11,slow_tft,3.02
1,11,GrdTFT,3.0
1,11,prober,2.995
1,11,mem2,3.0
1,11,grok:grok-3-mini,3.0
1,11,Tideman & Chieruzzi,2.98
1,11,Nydegger,3.02
1,11,Grofman,3.02
1,11,Shubik,3.0
1,11,Stein & Rapoport: 0.05,2.98
1,11,GRIM,3.0
1,11,Davis: 10,3.0
1,11,Graaskamp: 0.05,2.765
1,11,Downing,3.02
1,11,"Feld: 1.0, 0.5, 200",1.89
1,11,Joss: 0.9,1.04
1,11,Tullock,2.545
1,11,Anonymous,3.055
1,11,Random: 0.5,2.71
1,12,Cu,3.02
1,12,Du,0.995
1,12,Tit For Tat,3.0
1,12,spiteful,3.0
1,12,soft_majo,3.02
1,12,hard_majo,1.03
1,12,per_cd,2.98
1,12,per_ccd,3.42
1,12,per_ddc,2.315
1,12,mistrust,1.03
1,12,WSLS,3.0
1,12,TFTT,3.02
1,12,hard_tft,3.0
1,12,slow_tft,3.02
1,12,GrdTFT,3.0
1,12,prober,2.995
1,12,mem2,3.0
1,12,grok:grok-3-mini,3.0
1,12,Tideman & Chieruzzi,2.98
1,12,Nydegger,3.02
1,12,Grofman,3.0
1,12,Shubik,3.0
1,12,Stein & Rapoport: 0.05,2.98
1,12,GRIM,3.0
1,12,Davis: 10,3.0
1,12,Graaskamp: 0.05,2.765
1,12,Downing,3.02
1,12,"Feld: 1.0, 0.5, 200",1.37
1,12,Joss: 0.9,1.605
1,12,Tullock,1.915
1,12,Anonymous,3.0
1,12,Random: 0.5,3.105
1,13,Cu,3.02
1,13,Du,0.995
1,13,Tit For Tat,3.0
1,13,spiteful,3.0
1,13,soft_majo,3.02
1,13,hard_majo,1.03
1,13,per_cd,2.98
1,13,per_ccd,3.42
1,13,per_ddc,2.315
1,13,mistrust,1.03
1,13,WSLS,3.0
1,13,TFTT,3.02
1,13,hard_tft,3.0
1,13,slow_tft,3.02
1,13,GrdTFT,3.0
1,13,prober,2.995
1,13,mem2,3.0
1,13,grok:grok-3-mini,3.0
1,13,Tideman & Chieruzzi,2.98
1,13,Nydegger,3.02
1,13,Grofman,3.0
1,13,Shubik,3.0
1,13,Stein & Rapoport: 0.05,2.98
1,13,GRIM,3.0
1,13,Davis: 10,3.0
1,13,Graaskamp: 0.05,2.82
1,13,Downing,3.02
1,13,"Feld: 1.0, 0.5, 200",1.815
1,13,Joss: 0.9,1.32
1,13,Tullock,1.555
1,13,Anonymous,2.78
1,13,Random: 0.5,2.765
1,14,Cu,3.02
1,14,Du,0.995
1,14,Tit For Tat,3.0
1,14,spiteful,3.0
1,14,soft_majo,3.02
1,14,hard_majo,1.03
1,14,per_cd,2.98
1,14,per_ccd,3.42
1,14,per_ddc,2.315
1,14,mistrust,1.03
1,14,WSLS,3.0
1,14,TFTT,3.02
1,14,hard_tft,3.0
1,14,slow_tft,3.02
1,14,GrdTFT,3.0
1,14,prober,2.995
1,14,mem2,3.0
1,14,grok:grok-3-mini,3.0
1,14,Tideman & Chieruzzi,2.98
1,14,Nydegger,3.02
1,14,Grofman,3.0
1,14,Shubik,3.0
1,14,Stein & Rapoport: 0.05,2.98
1,14,GRIM,3.0
1,14,Davis: 10,3.0
1,14,Graaskamp: 0.05,2.79
1,14,Downing,3.02
1,14,"Feld: 1.0, 0.5, 200",1.52
1,14,Joss: 0.9,1.275
1,14,Tullock,1.515
1,14,Anonymous,2.925
1,14,Random: 0.5,2.87
1,15,Cu,3.02
1,15,Du,0.995
1,15,Tit For Tat,3.0
1,15,spiteful,3.0
1,15,soft_majo,3.02
1,15,hard_majo,1.03
1,15,per_cd,2.98
1,15,per_ccd,3.42
1,15,per_ddc,2.315
1,15,mistrust,1.03
1,15,WSLS,3.0
1,15,TFTT,3.02
1,15,hard_tft,3.0
1,15,slow_tft,3.02
1,15,GrdTFT,3.0
1,15,prober,2.995
1,15,mem2,3.0
1,15,grok:grok-3-mini,3.0
1,15,Tideman & Chieruzzi,2.98
1,15,Nydegger,3.02
1,15,Grofman,3.02
1,15,Shubik,3.0
1,15,Stein & Rapoport: 0.05,2.98
1,15,GRIM,3.0
1,15,Davis: 10,3.0
1,15,Graaskamp: 0.05,2.82
1,15,Downing,3.02
1,15,"Feld: 1.0, 0.5, 200",1.565
1,15,Joss: 0.9,1.82
1,15,Tullock,2.82
1,15,Anonymous,2.965
1,15,Random: 0.5,2.965
1,16,Cu,3.02
1,16,Du,0.995
1,16,Tit For Tat,3.0
1,16,spiteful,3.0
1,16,soft_majo,3.02
1,16,hard_majo,1.03
1,16,per_cd,2.98
1,16,per_ccd,3.42
1,16,per_ddc,2.315
1,16,mistrust,1.03
1,16,WSLS,3.0
1,16,TFTT,3.02
1,16,hard_tft,3.0
1,16,slow_tft,3.02
1,16,GrdTFT,3.0
1,16,prober,2.995
1,16,mem2,3.0
1,16,grok:grok-3-mini,3.0
1,16,Tideman & Chieruzzi,2.98
1,16,Nydegger,3.02
1,16,Grofman,3.0
1,16,Shubik,3.0
1,16,Stein & Rapoport: 0.05,2.98
1,16,GRIM,3.0
1,16,Davis: 10,3.0
1,16,Graaskamp: 0.05,2.795
1,16,Downing,3.02
1,16,"Feld: 1.0, 0.5, 200",1.54
1,16,Joss: 0.9,1.28
1,16,Tullock,2.24
1,16,Anonymous,3.08
1,16,Random: 0.5,3.015
1,17,Cu,3.02
1,17,Du,0.995
1,17,Tit For Tat,3.0
1,17,spiteful,3.0
1,17,soft_majo,3.02
1,17,hard_majo,1.03
1,17,per_cd,2.98
1,17,per_ccd,3.42
1,17,per_ddc,2.315
1,17,mistrust,1.03
1,17,WSLS,3.0
1,17,TFTT,3.02
1,17,hard_tft,3.0
1,17,slow_tft,3.02
1,17,GrdTFT,3.0
1,17,prober,2.995
1,17,mem2,3.0
1,17,grok:grok-3-mini,3.0
1,17,Tideman & Chieruzzi,2.98
1,17,Nydegger,3.02
1,17,Grofman,3.02
1,17,Shubik,3.0
1,17,Stein & Rapoport: 0.05,2.98
1,17,GRIM,3.0
1,17,Davis: 10,3.0
1,17,Graaskamp: 0.05,2.81
1,17,Downing,3.02
1,17,"Feld: 1.0, 0.5, 200",1.89
1,17,Joss: 0.9,1.51
1,17,Tullock,2.56
1,17,Anonymous,2.825
1,17,Random: 0.5,2.97
1,18,Cu,3.02
1,18,Du,0.995
1,18,Tit For Tat,3.0
1,18,spiteful,3.0
1,18,soft_majo,3.02
1,18,hard_majo,1.03
1,18,per_cd,2.98
1,18,per_ccd,3.42
1,18,per_ddc,2.315
1,18,mistrust,1.03
1,18,WSLS,3.0
1,18,TFTT,3.02
1,18,hard_tft,3.0
1,18,slow_tft,3.02
1,18,GrdTFT,3.0
1,18,prober,2.995
1,18,mem2,3.0
1,18,grok:grok-3-mini,3.0
1,18,Tideman & Chieruzzi,2.98
1,18,Nydegger,3.02
1,18,Grofman,3.0
1,18,Shubik,3.0
1,18,Stein & Rapoport: 0.05,2.98
1,18,GRIM,3.0
1,18,Davis: 10,3.0
1,18,Graaskamp: 0.05,2.81
1,18,Downing,3.02
1,18,"Feld: 1.0, 0.5, 200",1.75
1,18,Joss: 0.9,1.055
1,18,Tullock,2.69
1,18,Anonymous,2.81
1,18,Random: 0.5,3.025
1,19,Cu,3.02
1,19,Du,0.995
1,19,Tit For Tat,3.0
1,19,spiteful,3.0
1,19,soft_majo,3.02
1,19,hard_majo,1.03
1,19,per_cd,2.98
1,19,per_ccd,3.42
1,19,per_ddc,2.315
1,19,mistrust,1.03
1,19,WSLS,3.0
1,19,TFTT,3.02
1,19,hard_tft,3.0
1,19,slow_tft,3.02
1,19,GrdTFT,3.0
1,19,prober,2.995
1,19,mem2,3.0
1,19,grok:grok-3-mini,3.0
1,19,Tideman & Chieruzzi,2.98
1,19,Nydegger,3.02
1,19,Grofman,3.0
1,19,Shubik,3.0
1,19,Stein & Rapoport: 0.05,2.98
1,19,GRIM,3.0
1,19,Davis: 10,3.0
1,19,Graaskamp: 0.05,2.81
1,19,Downing,3.02
1,19,"Feld: 1.0, 0.5, 200",1.72
1,19,Joss: 0.9,2.76
1,19,Tullock,2.6
1,19,Anonymous,2.815
1,19,Random: 0.5,2.8
2,0,Cu,3.02
2,0,Du,0.995
2,0,Tit For Tat,3.0
2,0,spiteful,3.0
2,0,soft_majo,3.02
2,0,hard_majo,1.03
2,0,per_cd,2.98
2,0,per_ccd,3.42
2,0,per_ddc,2.315
2,0,mistrust,1.03
2,0,WSLS,3.0
2,0,TFTT,3.02
2,0,hard_tft,3.0
2,0,slow_tft,3.02
2,0,GrdTFT,3.0
2,0,prober,2.995
2,0,mem2,3.0
2,0,grok:grok-3-mini,3.0
2,0,Tideman & Chieruzzi,2.98
2,0,Nydegger,3.02
2,0,Grofman,3.0
2,0,Shubik,3.0
2,0,Stein & Rapoport: 0.05,2.98
2,0,GRIM,3.0
2,0,Davis: 10,3.0
2,0,Graaskamp: 0.05,2.765
2,0,Downing,3.02
2,0,"Feld: 1.0, 0.5, 200",1.725
2,0,Joss: 0.9,2.635
2,0,Tullock,2.78
2,0,Anonymous,2.99
2,0,Random: 0.5,2.83
2,1,Cu,3.02
2,1,Du,0.995
2,1,Tit For Tat,3.0
2,1,spiteful,3.0
2,1,soft_majo,3.02
2,1,hard_majo,1.03
2,1,per_cd,2.98
2,1,per_ccd,3.42
2,1,per_ddc,2.315
2,1,mistrust,1.03
2,1,WSLS,3.0
2,1,TFTT,3.02
2,1,hard_tft,3.0
2,1,slow_tft,3.02
2,1,GrdTFT,3.0
2,1,prober,2.995
2,1,mem2,3.0
2,1,grok:grok-3-mini,3.0
2,1,Tideman & Chieruzzi,2.98
2,1,Nydegger,3.02
2,1,Grofman,3.02
2,1,Shubik,3.0
2,1,Stein & Rapoport: 0.05,2.98
2,1,GRIM,3.0
2,1,Davis: 10,3.0
2,1,Graaskamp: 0.05,2.78
2,1,Downing,3.02
2,1,"Feld: 1.0, 0.5, 200",1.735
2,1,Joss: 0.9,1.31
2,1,Tullock,2.465
2,1,Anonymous,3.095
2,1,Random: 0.5,2.91
2,2,Cu,3.02
2,2,Du,0.995
2,2,Tit For Tat,3.0
2,2,spiteful,3.0
2,2,soft_majo,3.02
2,2,hard_majo,1.03
2,2,per_cd,2.98
2,2,per_ccd,3.42
2,2,per_ddc,2.315
2,2,mistrust,1.03
2,2,WSLS,3.0
2,2,TFTT,3.02
2,2,hard_tft,3.0
2,2,slow_tft,3.02
2,2,GrdTFT,3.0
2,2,prober,2.995
2,2,mem2,3.0
2,2,grok:grok-3-mini,3.0
2,2,Tideman & Chieruzzi,2.98
2,2,Nydegger,3.02
2,2,Grofman,3.02
2,2,Shubik,3.0
2,2,Stein & Rapoport: 0.05,2.98
2,2,GRIM,3.0
2,2,Davis: 10,3.0
2,2,Graaskamp: 0.05,2.795
2,2,Downing,3.02
2,2,"Feld: 1.0, 0.5, 200",1.785
2,2,Joss: 0.9,1.225
2,2,Tullock,2.9
2,2,Anonymous,2.855
2,2,Random: 0.5,2.905
2,3,Cu,3.02
2,3,Du,0.995
2,3,Tit For Tat,3.0
2,3,spiteful,3.0
2,3,soft_majo,3.02
2,3,hard_majo,1.03
2,3,per_cd,2.98
2,3,per_ccd,3.42
2,3,per_ddc,2.315
2,3,mistrust,1.03
2,3,WSLS,3.0
2,3,TFTT,3.02
2,3,hard_tft,3.0
2,3,slow_tft,3.02
2,3,GrdTFT,3.0
2,3,prober,2.995
2,3,mem2,3.0
2,3,grok:grok-3-mini,3.0
2,3,Tideman & Chieruzzi,2.98
2,3,Nydegger,3.02
2,3,Grofman,3.02
2,3,Shubik,3.0
2,3,Stein & Rapoport: 0.05,2.98
2,3,GRIM,3.0
2,3,Davis: 10,3.0
2,3,Graaskamp: 0.05,2.81
2,3,Downing,3.02
2,3,"Feld: 1.0, 0.5, 200",1.42
2,3,Joss: 0.9,2.805
2,3,Tullock,1.755
2,3,Anonymous,2.82
2,3,Random: 0.5,3.0
2,4,Cu,3.02
2,4,Du,0.995
2,4,Tit For Tat,3.0
2,4,spiteful,3.0
2,4,soft_majo,3.02
2,4,hard_majo,1.03
2,4,per_cd,2.98
2,4,per_ccd,3.42
2,4,per_ddc,2.315
2,4,mistrust,1.03
2,4,WSLS,3.0
2,4,TFTT,3.02
2,4,hard_tft,3.0
2,4,slow_tft,3.02
2,4,GrdTFT,3.0
2,4,prober,2.995
2,4,mem2,3.0
2,4,grok:grok-3-mini,3.0
2,4,Tideman & Chieruzzi,2.98
2,4,Nydegger,3.02
2,4,Grofman,3.0
2,4,Shubik,3.0
2,4,Stein & Rapoport: 0.05,2.98
2,4,GRIM,3.0
2,4,Davis: 10,3.0
2,4,Graaskamp: 0.05,2.76
2,4,Downing,3.02
2,4,"Feld: 1.0, 0.5, 200",1.63
2,4,Joss: 0.9,1.04
2,4,Tullock,1.945
2,4,Anonymous,3.12
2,4,Random: 0.5,2.715
2,5,Cu,3.02
2,5,Du,0.995
2,5,Tit For Tat,3.0
2,5,spiteful,3.0
2,5,soft_majo,3.02
2,5,hard_majo,1.03
2,5,per_cd,2.98
2,5,per_ccd,3.42
2,5,per_ddc,2.315
2,5,mistrust,1.03
2,5,WSLS,3.0
2,5,TFTT,3.02
2,5,hard_tft,3.0
2,5,slow_tft,3.02
2,5,GrdTFT,3.0
2,5,prober,2.995
2,5,mem2,3.0
2,5,grok:grok-3-mini,3.0
2,5,Tideman & Chieruzzi,2.98
2,5,Nydegger,3.02
2,5,Grofman,3.0
2,5,Shubik,3.0
2,5,Stein & Rapoport: 0.05,2.98
2,5,GRIM,3.0
2,5,Davis: 10,3.0
2,5,Graaskamp: 0.05,2.775
2,5,Downing,3.02
2,5,"Feld: 1.0, 0.5, 200",1.81
2,5,Joss: 0.9,1.05
2,5,Tullock,2.12
2,5,Anonymous,2.9
2,5,Random: 0.5,3.01
2,6,Cu,3.02
2,6,Du,0.995
2,6,Tit For Tat,3.0
2,6,spiteful,3.0
2,6,soft_majo,3.02
2,6,hard_majo,1.03
2,6,per_cd,2.98
2,6,per_ccd,3.42
2,6,per_ddc,2.315
2,6,mistrust,1.03
2,6,WSLS,3.0
2,6,TFTT,3.02
2,6,hard_tft,3.0
2,6,slow_tft,3.02
2,6,GrdTFT,3.0
2,6,prober,2.995
2,6,mem2,3.0
2,6,grok:grok-3-mini,3.0
2,6,Tideman & Chieruzzi,2.98
2,6,Nydegger,3.02
2,6,Grofman,3.0
2,6,Shubik,3.0
2,6,Stein & Rapoport: 0.05,2.98
2,6,GRIM,3.0
2,6,Davis: 10,3.0
2,6,Graaskamp: 0.05,2.76
2,6,Downing,3.02
2,6,"Feld: 1.0, 0.5, 200",1.81
2,6,Joss: 0.9,1.295
2,6,Tullock,1.905
2,6,Anonymous,2.98
2,6,Random: 0.5,2.725
2,7,Cu,3.02
2,7,Du,0.995
2,7,Tit For Tat,3.0
2,7,spiteful,3.0
2,7,soft_majo,3.02
2,7,hard_majo,1.03
2,7,per_cd,2.98
2,7,per_ccd,3.42
2,7,per_ddc,2.315
2,7,mistrust,1.03
2,7,WSLS,3.0
2,7,TFTT,3.02
2,7,hard_tft,3.0
2,7,slow_tft,3.02
2,7,GrdTFT,3.0
2,7,prober,2.995
2,7,mem2,3.0
2,7,grok:grok-3-mini,3.0
2,7,Tideman & Chieruzzi,2.98
2,7,Nydegger,3.02
2,7,Grofman,3.02
2,7,Shubik,3.0
2,7,Stein & Rapoport: 0.05,2.98
2,7,GRIM,3.0
2,7,Davis: 10,3.0
2,7,Graaskamp: 0.05,2.795
2,7,Downing,3.02
2,7,"Feld: 1.0, 0.5, 200",1.39
2,7,Joss: 0.9,2.41
2,7,Tullock,2.78
2,7,Anonymous,2.775
2,7,Random: 0.5,2.78
2,8,Cu,3.02
2,8,Du,0.995
2,8,Tit For Tat,3.0
2,8,spiteful,3.0
2,8,soft_majo,3.02
2,8,hard_majo,1.03
2,8,per_cd,2.98
2,8,per_ccd,3.42
2,8,per_ddc,2.315
2,8,mistrust,1.03
2,8,WSLS,3.0
2,8,TFTT,3.02
2,8,hard_tft,3.0
2,8,slow_tft,3.02
2,8,GrdTFT,3.0
2,8,prober,2.995
2,8,mem2,3.0
2,8,grok:grok-3-mini,3.0
2,8,Tideman & Chieruzzi,2.98
2,8,Nydegger,3.02
2,8,Grofman,3.02
2,8,Shubik,3.0
2,8,Stein & Rapoport: 0.05,2.98
2,8,GRIM,3.0
2,8,Davis: 10,3.0
2,8,Graaskamp: 0.05,2.81
2,8,Downing,3.02
2,8,"Feld: 1.0, 0.5, 200",1.745
2,8,Joss: 0.9,1.04
2,8,Tullock,2.41
2,8,Anonymous,2.79
2,8,Random: 0.5,2.85
2,9,Cu,3.02
2,9,Du,0.995
2,9,Tit For Tat,3.0
2,9,spiteful,3.0
2,9,soft_majo,3.02
2,9,hard_majo,1.03
2,9,per_cd,2.98
2,9,per_ccd,3.42
2,9,per_ddc,2.315
2,9,mistrust,1.03
2,9,WSLS,3.0
2,9,TFTT,3.02
2,9,hard_tft,3.0
2,9,slow_tft,3.02
2,9,GrdTFT,3.0
2,9,prober,2.995
2,9,mem2,3.0
2,9,grok:grok-3-mini,3.0
2,9,Tideman & Chieruzzi,2.98
2,9,Nydegger,3.02
2,9,Grofman,3.02
2,9,Shubik,3.0
2,9,Stein & Rapoport: 0.05,2.98
2,9,GRIM,3.0
2,9,Davis: 10,3.0
2,9,Graaskamp: 0.05,2.795
2,9,Downing,3.02
2,9,"Feld: 1.0, 0.5, 200",1.27
2,9,Joss: 0.9,1.075
2,9,Tullock,1.745
2,9,Anonymous,2.915
2,9,Random: 0.5,2.85
2,10,Cu,3.02
2,10,Du,0.995
2,10,Tit For Tat,3.0
2,10,spiteful,3.0
2,10,soft_majo,3.02
2,10,hard_majo,1.03
2,10,per_cd,2.98
2,10,per_ccd,3.42
2,10,per_ddc,2.315
2,10,mistrust,1.03
2,10,WSLS,3.0
2,10,TFTT,3.02
2,10,hard_tft,3.0
2,10,slow_tft,3.02
2,10,GrdTFT,3.0
2,10,prober,2.995
2,10,mem2,3.0
2,10,grok:grok-3-mini,3.0
2,10,Tideman & Chieruzzi,2.98
2,10,Nydegger,3.02
2,10,Grofman,3.02
2,10,Shubik,3.0
2,10,Stein & Rapoport: 0.05,2.98
2,10,GRIM,3.0
2,10,Davis: 10,3.0
2,10,Graaskamp: 0.05,2.795
2,10,Downing,3.02
2,10,"Feld: 1.0, 0.5, 200",1.555
2,10,Joss: 0.9,2.82
2,10,Tullock,1.23
2,10,Anonymous,2.78
2,10,Random: 0.5,2.715
2,11,Cu,3.02
2,11,Du,0.995
2,11,Tit For Tat,3.0
2,11,spiteful,3.0
2,11,soft_majo,3.02
2,11,hard_majo,1.03
2,11,per_cd,2.98
2,11,per_ccd,3.42
2,11,per_ddc,2.315
2,11,mistrust,1.03
2,11,WSLS,3.0
2,11,TFTT,3.02
2,11,hard_tft,3.0
2,11,slow_tft,3.02
2,11,GrdTFT,3.0
2,11,prober,2.995
2,11,mem2,3.0
2,11,grok:grok-3-mini,3.0
2,11,Tideman & Chieruzzi,2.98
2,11,Nydegger,3.02
2,11,Grofman,3.02
2,11,Shubik,3.0
2,11,Stein & Rapoport: 0.05,2.98
2,11,GRIM,3.0
2,11,Davis: 10,3.0
2,11,Graaskamp: 0.05,2.805
2,11,Downing,3.02
2,11,"Feld: 1.0, 0.5, 200",1.05
2,11,Joss: 0.9,2.155
2,11,Tullock,1.23
2,11,Anonymous,2.895
2,11,Random: 0.5,2.945
2,12,Cu,3.02
2,12,Du,0.995
2,12,Tit For Tat,3.0
2,12,spiteful,3.0
2,12,soft_majo,3.02
2,12,hard_majo,1.03
2,12,per_cd,2.98
2,12,per_ccd,3.42
2,12,per_ddc,2.315
2,12,mistrust,1.03
2,12,WSLS,3.0
2,12,TFTT,3.02
2,12,hard_tft,3.0
2,12,slow_tft,3.02
2,12,GrdTFT,3.0
2,12,prober,2.995
2,12,mem2,3.0
2,12,grok:grok-3-mini,3.0
2,12,Tideman & Chieruzzi,2.98
2,12,Nydegger,3.02
2,12,Grofman,3.0
2,12,Shubik,3.0
2,12,Stein & Rapoport: 0.05,2.98
2,12,GRIM,3.0
2,12,Davis: 10,3.0
2,12,Graaskamp: 0.05,2.81
2,12,Downing,3.02
2,12,"Feld: 1.0, 0.5, 200",1.775
2,12,Joss: 0.9,1.305
2,12,Tullock,2.725
2,12,Anonymous,2.925
2,12,Random: 0.5,2.985
2,13,Cu,3.02
2,13,Du,0.995
2,13,Tit For Tat,3.0
2,13,spiteful,3.0
2,13,soft_majo,3.02
2,13,hard_majo,1.03
2,13,per_cd,2.98
2,13,per_ccd,3.42
2,13,per_ddc,2.315
2,13,mistrust,1.03
2,13,WSLS,3.0
2,13,TFTT,3.02
2,13,hard_tft,3.0
2,13,slow_tft,3.02
2,13,GrdTFT,3.0
2,13,prober,2.995
2,13,mem2,3.0
2,13,grok:grok-3-mini,3.0
2,13,Tideman & Chieruzzi,2.98
2,13,Nydegger,3.02
2,13,Grofman,3.0
2,13,Shubik,3.0
2,13,Stein & Rapoport: 0.05,2.98
2,13,GRIM,3.0
2,13,Davis: 10,3.0
2,13,Graaskamp: 0.05,2.825
2,13,Downing,3.02
2,13,"Feld: 1.0, 0.5, 200",1.89
2,13,Joss: 0.9,1.095
2,13,Tullock,2.03
2,13,Anonymous,2.765
2,13,Random: 0.5,2.905
2,14,Cu,3.02
2,14,Du,0.995
2,14,Tit For Tat,3.0
2,14,spiteful,3.0
2,14,soft_majo,3.02
2,14,hard_majo,1.03
2,14,per_cd,2.98
2,14,per_ccd,3.42
2,14,per_ddc,2.315
2,14,mistrust,1.03
2,14,WSLS,3.0
2,14,TFTT,3.02
2,14,hard_tft,3.0
2,14,slow_tft,3.02
2,14,GrdTFT,3.0
2,14,prober,2.995
2,14,mem2,3.0
2,14,grok:grok-3-mini,3.0
2,14,Tideman & Chieruzzi,2.98
2,14,Nydegger,3.02
2,14,Grofman,3.02
2,14,Shubik,3.0
2,14,Stein & Rapoport: 0.05,2.98
2,14,GRIM,3.0
2,14,Davis: 10,3.0
2,14,Graaskamp: 0.05,2.825
2,14,Downing,3.02
2,14,"Feld: 1.0, 0.5, 200",1.49
2,14,Joss: 0.9,1.05
2,14,Tullock,2.81
2,14,Anonymous,2.98
2,14,Random: 0.5,3.075
2,15,Cu,3.02
2,15,Du,0.995
2,15,Tit For Tat,3.0
2,15,spiteful,3.0
2,15,soft_majo,3.02
2,15,hard_majo,1.03
2,15,per_cd,2.98
2,15,per_ccd,3.42
2,15,per_ddc,2.315
2,15,mistrust,1.03
2,15,WSLS,3.0
2,15,TFTT,3.02
2,15,hard_tft,3.0
2,15,slow_tft,3.02
2,15,GrdTFT,3.0
2,15,prober,2.995
2,15,mem2,3.0
2,15,grok:grok-3-mini,3.0
2,15,Tideman & Chieruzzi,2.98
2,15,Nydegger,3.02
2,15,Grofman,3.0
2,15,Shubik,3.0
2,15,Stein & Rapoport: 0.05,2.98
2,15,GRIM,3.0
2,15,Davis: 10,3.0
2,15,Graaskamp: 0.05,2.81
2,15,Downing,3.02
2,15,"Feld: 1.0, 0.5, 200",1.505
2,15,Joss: 0.9,1.28
2,15,Tullock,2.615
2,15,Anonymous,2.95
2,15,Random: 0.5,2.9
2,16,Cu,3.02
2,16,Du,0.995
2,16,Tit For Tat,3.0
2,16,spiteful,3.0
2,16,soft_majo,3.02
2,16,hard_majo,1.03
2,16,per_cd,2.98
2,16,per_ccd,3.42
2,16,per_ddc,2.315
2,16,mistrust,1.03
2,16,WSLS,3.0
2,16,TFTT,3.02
2,16,hard_tft,3.0
2,16,slow_tft,3.02
2,16,GrdTFT,3.0
2,16,prober,2.995
2,16,mem2,3.0
2,16,grok:grok-3-mini,3.0
2,16,Tideman & Chieruzzi,2.98
2,16,Nydegger,3.02
2,16,Grofman,3.0
2,16,Shubik,3.0
2,16,Stein & Rapoport: 0.05,2.98
2,16,GRIM,3.0
2,16,Davis: 10,3.0
2,16,Graaskamp: 0.05,2.795
2,16,Downing,3.02
2,16,"Feld: 1.0, 0.5, 200",1.32
2,16,Joss: 0.9,1.675
2,16,Tullock,1.315
2,16,Anonymous,2.885
2,16,Random: 0.5,2.855
2,17,Cu,3.02
2,17,Du,0.995
2,17,Tit For Tat,3.0
2,17,spiteful,3.0
2,17,soft_majo,3.02
2,17,hard_majo,1.03
2,17,per_cd,2.98
2,17,per_ccd,3.42
2,17,per_ddc,2.315
2,17,mistrust,1.03
2,17,WSLS,3.0
2,17,TFTT,3.02
2,17,hard_tft,3.0
2,17,slow_tft,3.02
2,17,GrdTFT,3.0
2,17,prober,2.995
2,17,mem2,3.0
2,17,grok:grok-3-mini,3.0
2,17,Tideman & Chieruzzi,2.98
2,17,Nydegger,3.02
2,17,Grofman,3.0
2,17,Shubik,3.0
2,17,Stein & Rapoport: 0.05,2.98
2,17,GRIM,3.0
2,17,Davis: 10,3.0
2,17,Graaskamp: 0.05,2.825
2,17,Downing,3.02
2,17,"Feld: 1.0, 0.5, 200",1.505
2,17,Joss: 0.9,1.435
2,17,Tullock,1.69
2,17,Anonymous,2.83
2,17,Random: 0.5,2.85
2,18,Cu,3.02
2,18,Du,0.995
2,18,Tit For Tat,3.0
2,18,spiteful,3.0
2,18,soft_majo,3.02
2,18,hard_majo,1.03
2,18,per_cd,2.98
2,18,per_ccd,3.42
2,18,per_ddc,2.315
2,18,mistrust,1.03
2,18,WSLS,3.0
2,18,TFTT,3.02
2,18,hard_tft,3.0
2,18,slow_tft,3.02
2,18,GrdTFT,3.0
2,18,prober,2.995
2,18,mem2,3.0
2,18,grok:grok-3-mini,3.0
2,18,Tideman & Chieruzzi,2.98
2,18,Nydegger,3.02
2,18,Grofman,3.0
2,18,Shubik,3.0
2,18,Stein & Rapoport: 0.05,2.98
2,18,GRIM,3.0
2,18,Davis: 10,3.0
2,18,Graaskamp: 0.05,2.81
2,18,Downing,3.02
2,18,"Feld: 1.0, 0.5, 200",1.845
2,18,Joss: 0.9,1.05
2,18,Tullock,1.555
2,18,Anonymous,3.015
2,18,Random: 0.5,3.055
2,19,Cu,3.02
2,19,Du,0.995
2,19,Tit For Tat,3.0
2,19,spiteful,3.0
2,19,soft_majo,3.02
2,19,hard_majo,1.03
2,19,per_cd,2.98
2,19,per_ccd,3.42
2,19,per_ddc,2.315
2,19,mistrust,1.03
2,19,WSLS,3.0
2,19,TFTT,3.02
2,19,hard_tft,3.0
2,19,slow_tft,3.02
2,19,GrdTFT,3.0
2,19,prober,2.995
2,19,mem2,3.0
2,19,grok:grok-3-mini,3.0
2,19,Tideman & Chieruzzi,2.98
2,19,Nydegger,3.02
2,19,Grofman,3.0
2,19,Shubik,3.0
2,19,Stein & Rapoport: 0.05,2.98
2,19,GRIM,3.0
2,19,Davis: 10,3.0
2,19,Graaskamp: 0.05,2.79
2,19,Downing,3.02
2,19,"Feld: 1.0, 0.5, 200",1.415
2,19,Joss: 0.9,1.965
2,19,Tullock,1.265
2,19,Anonymous,3.0
2,19,Random: 0.5,2.955
3,0,Cu,3.02
3,0,Du,0.995
3,0,Tit For Tat,3.0
3,0,spiteful,3.0
3,0,soft_majo,3.02
3,0,hard_majo,1.03
3,0,per_cd,2.98
3,0,per_ccd,3.42
3,0,per_ddc,2.315
3,0,mistrust,1.03
3,0,WSLS,3.0
3,0,TFTT,3.02
3,0,hard_tft,3.0
3,0,slow_tft,3.02
3,0,GrdTFT,3.0
3,0,prober,2.995
3,0,mem2,3.0
3,0,grok:grok-3-mini,3.0
3,0,Tideman & Chieruzzi,2.98
3,0,Nydegger,3.02
3,0,Grofman,3.0
3,0,Shubik,3.0
3,0,Stein & Rapoport: 0.05,2.98
3,0,GRIM,3.0
3,0,Davis: 10,3.0
3,0,Graaskamp: 0.05,2.805
3,0,Downing,3.02
3,0,"Feld: 1.0, 0.5, 200",1.765
3,0,Joss: 0.9,1.075
3,0,Tullock,1.27
3,0,Anonymous,2.92
3,0,Random: 0.5,2.76
3,1,Cu,3.02
3,1,Du,0.995
3,1,Tit For Tat,3.0
3,1,spiteful,3.0
3,1,soft_majo,3.02
3,1,hard_majo,1.03
3,1,per_cd,2.98
3,1,per_ccd,3.42
3,1,per_ddc,2.315
3,1,mistrust,1.03
3,1,WSLS,3.0
3,1,TFTT,3.02
3,1,hard_tft,3.0
3,1,slow_tft,3.02
3,1,GrdTFT,3.0
3,1,prober,2.995
3,1,mem2,3.0
3,1,grok:grok-3-mini,3.0
3,1,Tideman & Chieruzzi,2.98
3,1,Nydegger,3.02
3,1,Grofman,3.0
3,1,Shubik,3.0
3,1,Stein & Rapoport: 0.05,2.98
3,1,GRIM,3.0
3,1,Davis: 10,3.0
3,1,Graaskamp: 0.05,2.825
3,1,Downing,3.02
3,1,"Feld: 1.0, 0.5, 200",1.445
3,1,Joss: 0.9,1.125
3,1,Tullock,2.625
3,1,Anonymous,3.04
3,1,Random: 0.5,2.96
3,2,Cu,3.02
3,2,Du,0.995
3,2,Tit For Tat,3.0
3,2,spiteful,3.0
3,2,soft_majo,3.02
3,2,hard_majo,1.03
3,2,per_cd,2.98
3,2,per_ccd,3.42
3,2,per_ddc,2.315
3,2,mistrust,1.03
3,2,WSLS,3.0
3,2,TFTT,3.02
3,2,hard_tft,3.0
3,2,slow_tft,3.02
3,2,GrdTFT,3.0
3,2,prober,2.995
3,2,mem2,3.0
3,2,grok:grok-3-mini,3.0
3,2,Tideman & Chieruzzi,2.98
3,2,Nydegger,3.02
3,2,Grofman,3.02
3,2,Shubik,3.0
3,2,Stein & Rapoport: 0.05,2.98
3,2,GRIM,3.0
3,2,Davis: 10,3.0
3,2,Graaskamp: 0.05,2.81
3,2,Downing,3.02
3,2,"Feld: 1.0, 0.5, 200",1.345
3,2,Joss: 0.9,1.05
3,2,Tullock,2.675
3,2,Anonymous,3.06
3,2,Random: 0.5,2.8
3,3,Cu,3.02
3,3,Du,0.995
3,3,Tit For Tat,3.0
3,3,spiteful,3.0
3,3,soft_majo,3.02
3,3,hard_majo,1.03
3,3,per_cd,2.98
3,3,per_ccd,3.42
3,3,per_ddc,2.315
3,3,mistrust,1.03
3,3,WSLS,3.0
3,3,TFTT,3.02
3,3,hard_tft,3.0
3,3,slow_tft,3.02
3,3,GrdTFT,3.0
3,3,prober,2.995
3,3,mem2,3.0
3,3,grok:grok-3-mini,3.0
3,3,Tideman & Chieruzzi,2.98
3,3,Nydegger,3.02
3,3,Grofman,3.0
3,3,Shubik,3.0
3,3,Stein & Rapoport: 0.05,2.98
3,3,GRIM,3.0
3,3,Davis: 10,3.0
3,3,Graaskamp: 0.05,2.81
3,3,Downing,3.02
3,3,"Feld: 1.0, 0.5, 200",1.415
3,3,Joss: 0.9,2.045
3,3,Tullock,1.625
3,3,Anonymous,2.785
3,3,Random: 0.5,2.9
3,4,Cu,3.02
3,4,Du,0.995
3,4,Tit For Tat,3.0
3,4,spiteful,3.0
3,4,soft_majo,3.02
3,4,hard_majo,1.03
3,4,per_cd,2.98
3,4,per_ccd,3.42
3,4,per_ddc,2.315
3,4,mistrust,1.03
3,4,WSLS,3.0
3,4,TFTT,3.02
3,4,hard_tft,3.0
3,4,slow_tft,3.02
3,4,GrdTFT,3.0
3,4,prober,2.995
3,4,mem2,3.0
3,4,grok:grok-3-mini,3.0
3,4,Tideman & Chieruzzi,2.98
3,4,Nydegger,3.02
3,4,Grofman,3.0
3,4,Shubik,3.0
3,4,Stein & Rapoport: 0.05,2.98
3,4,GRIM,3.0
3,4,Davis: 10,3.0
3,4,Graaskamp: 0.05,2.795
3,4,Downing,3.02
3,4,"Feld: 1.0, 0.5, 200",1.49
3,4,Joss: 0.9,1.145
3,4,Tullock,2.695
3,4,Anonymous,2.985
3,4,Random: 0.5,2.745
3,5,Cu,3.02
3,5,Du,0.995
3,5,Tit For Tat,3.0
3,5,spiteful,3.0
3,5,soft_majo,3.02
3,5,hard_majo,1.03
3,5,per_cd,2.98
3,5,per_ccd,3.42
3,5,per_ddc,2.315
3,5,mistrust,1.03
3,5,WSLS,3.0
3,5,TFTT,3.02
3,5,hard_tft,3.0
3,5,slow_tft,3.02
3,5,GrdTFT,3.0
3,5,prober,2.995
3,5,mem2,3.0
3,5,grok:grok-3-mini,3.0
3,5,Tideman & Chieruzzi,2.98
3,5,Nydegger,3.02
3,5,Grofman,3.0
3,5,Shubik,3.0
3,5,Stein & Rapoport: 0.05,2.98
3,5,GRIM,3.0
3,5,Davis: 10,3.0
3,5,Graaskamp: 0.05,2.825
3,5,Downing,3.02
3,5,"Feld: 1.0, 0.5, 200",1.74
3,5,Joss: 0.9,2.805
3,5,Tullock,1.205
3,5,Anonymous,3.07
3,5,Random: 0.5,2.975
3,6,Cu,3.02
3,6,Du,0.995
3,6,Tit For Tat,3.0
3,6,spiteful,3.0
3,6,soft_majo,3.02
3,6,hard_majo,1.03
3,6,per_cd,2.98
3,6,per_ccd,3.42
3,6,per_ddc,2.315
3,6,mistrust,1.03
3,6,WSLS,3.0
3,6,TFTT,3.02
3,6,hard_tft,3.0
3,6,slow_tft,3.02
3,6,GrdTFT,3.0
3,6,prober,2.995
3,6,mem2,3.0
3,6,grok:grok-3-mini,3.0
3,6,Tideman & Chieruzzi,2.98
3,6,Nydegger,3.02
3,6,Grofman,3.0
3,6,Shubik,3.0
3,6,Stein & Rapoport: 0.05,2.98
3,6,GRIM,3.0
3,6,Davis: 10,3.0
3,6,Graaskamp: 0.05,2.79
3,6,Downing,3.02
3,6,"Feld: 1.0, 0.5, 200",1.63
3,6,Joss: 0.9,1.905
3,6,Tullock,1.515
3,6,Anonymous,2.98
3,6,Random: 0.5,2.9
3,7,Cu,3.02
3,7,Du,0.995
3,7,Tit For Tat,3.0
3,7,spiteful,3.0
3,7,soft_majo,3.02
3,7,hard_majo,1.03
3,7,per_cd,2.98
3,7,per_ccd,3.42
3,7,per_ddc,2.315
3,7,mistrust,1.03
3,7,WSLS,3.0
3,7,TFTT,3.02
3,7,hard_tft,3.0
3,7,slow_tft,3.02
3,7,GrdTFT,3.0
3,7,prober,2.995
3,7,mem2,3.0
3,7,grok:grok-3-mini,3.0
3,7,Tideman & Chieruzzi,2.98
3,7,Nydegger,3.02
3,7,Grofman,3.0
3,7,Shubik,3.0
3,7,Stein & Rapoport: 0.05,2.98
3,7,GRIM,3.0
3,7,Davis: 10,3.0
3,7,Graaskamp: 0.05,2.79
3,7,Downing,3.02
3,7,"Feld: 1.0, 0.5, 200",1.63
3,7,Joss: 0.9,1.28
3,7,Tullock,1.195
3,7,Anonymous,3.09
3,7,Random: 0.5,3.02
3,8,Cu,3.02
3,8,Du,0.995
3,8,Tit For Tat,3.0
3,8,spiteful,3.0
3,8,soft_majo,3.02
3,8,hard_majo,1.03
3,8,per_cd,2.98
3,8,per_ccd,3.42
3,8,per_ddc,2.315
3,8,mistrust,1.03
3,8,WSLS,3.0
3,8,TFTT,3.02
3,8,hard_tft,3.0
3,8,slow_tft,3.02
3,8,GrdTFT,3.0
3,8,prober,2.995
3,8,mem2,3.0
3,8,grok:grok-3-mini,3.0
3,8,Tideman & Chieruzzi,2.98
3,8,Nydegger,3.02
3,8,Grofman,3.02
3,8,Shubik,3.0
3,8,Stein & Rapoport: 0.05,2.98
3,8,GRIM,3.0
3,8,Davis: 10,3.0
3,8,Graaskamp: 0.05,2.795
3,8,Downing,3.02
3,8,"Feld: 1.0, 0.5, 200",1.695
3,8,Joss: 0.9,1.04
3,8,Tullock,2.195
3,8,Anonymous,2.755
3,8,Random: 0.5,2.875
3,9,Cu,3.02
3,9,Du,0.995
3,9,Tit For Tat,3.0
3,9,spiteful,3.0
3,9,soft_majo,3.02
3,9,hard_majo,1.03
3,9,per_cd,2.98
3,9,per_ccd,3.42
3,9,per_ddc,2.315
3,9,mistrust,1.03
3,9,WSLS,3.0
3,9,TFTT,3.02
3,9,hard_tft,3.0
3,9,slow_tft,3.02
3,9,GrdTFT,3.0
3,9,prober,2.995
3,9,mem2,3.0
3,9,grok:grok-3-mini,3.0
3,9,Tideman & Chieruzzi,2.98
3,9,Nydegger,3.02
3,9,Grofman,3.0
3,9,Shubik,3.0
3,9,Stein & Rapoport: 0.05,2.98
3,9,GRIM,3.0
3,9,Davis: 10,3.0
3,9,Graaskamp: 0.05,2.825
3,9,Downing,3.02
3,9,"Feld: 1.0, 0.5, 200",1.255
3,9,Joss: 0.9,1.465
3,9,Tullock,2.755
3,9,Anonymous,3.145
3,9,Random: 0.5,2.795
3,10,Cu,3.02
3,10,Du,0.995
3,10,Tit For Tat,3.0
3,10,spiteful,3.0
3,10,soft_majo,3.02
3,10,hard_majo,1.03
3,10,per_cd,2.98
3,10,per_ccd,3.42
3,10,per_ddc,2.315
3,10,mistrust,1.03
3,10,WSLS,3.0
3,10,TFTT,3.02
3,10,hard_tft,3.0
3,10,slow_tft,3.02
3,10,GrdTFT,3.0
3,10,prober,2.995
3,10,mem2,3.0
3,10,grok:grok-3-mini,3.0
3,10,Tideman & Chieruzzi,2.98
3,10,Nydegger,3.02
3,10,Grofman,3.02
3,10,Shubik,3.0
3,10,Stein & Rapoport: 0.05,2.98
3,10,GRIM,3.0
3,10,Davis: 10,3.0
3,10,Graaskamp: 0.05,2.81
3,10,Downing,3.02
3,10,"Feld: 1.0, 0.5, 200",1.645
3,10,Joss: 0.9,1.05
3,10,Tullock,1.315
3,10,Anonymous,2.915
3,10,Random: 0.5,2.975
3,11,Cu,3.02
3,11,Du,0.995
3,11,Tit For Tat,3.0
3,11,spiteful,3.0
3,11,soft_majo,3.02
3,11,hard_majo,1.03
3,11,per_cd,2.98
3,11,per_ccd,3.42
3,11,per_ddc,2.315
3,11,mistrust,1.03
3,11,WSLS,3.0
3,11,TFTT,3.02
3,11,hard_tft,3.0
3,11,slow_tft,3.02
3,11,GrdTFT,3.0
3,11,prober,2.995
3,11,mem2,3.0
3,11,grok:grok-3-mini,3.0
3,11,Tideman & Chieruzzi,2.98
3,11,Nydegger,3.02
3,11,Grofman,3.0
3,11,Shubik,3.0
3,11,Stein & Rapoport: 0.05,2.98
3,11,GRIM,3.0
3,11,Davis: 10,3.0
3,11,Graaskamp: 0.05,2.825
3,11,Downing,3.02
3,11,"Feld: 1.0, 0.5, 200",1.695
3,11,Joss: 0.9,1.04
3,11,Tullock,2.645
3,11,Anonymous,2.775
3,11,Random: 0.5,2.945
3,12,Cu,3.02
3,12,Du,0.995
3,12,Tit For Tat,3.0
3,12,spiteful,3.0
3,12,soft_majo,3.02
3,12,hard_majo,1.03
3,12,per_cd,2.98
3,12,per_ccd,3.42
3,12,per_ddc,2.315
3,12,mistrust,1.03
3,12,WSLS,3.0
3,12,TFTT,3.02
3,12,hard_tft,3.0
3,12,slow_tft,3.02
3,12,GrdTFT,3.0
3,12,prober,2.995
3,12,mem2,3.0
3,12,grok:grok-3-mini,3.0
3,12,Tideman & Chieruzzi,2.98
3,12,Nydegger,3.02
3,12,Grofman,3.0
3,12,Shubik,3.0
3,12,Stein & Rapoport: 0.05,2.98
3,12,GRIM,3.0
3,12,Davis: 10,3.0
3,12,Graaskamp: 0.05,2.775
3,12,Downing,3.02
3,12,"Feld: 1.0, 0.5, 200",1.53
3,12,Joss: 0.9,1.395
3,12,Tullock,1.565
3,12,Anonymous,2.855
3,12,Random: 0.5,2.905
3,13,Cu,3.02
3,13,Du,0.995
3,13,Tit For Tat,3.0
3,13,spiteful,3.0
3,13,soft_majo,3.02
3,13,hard_majo,1.03
3,13,per_cd,2.98
3,13,per_ccd,3.42
3,13,per_ddc,2.315
3,13,mistrust,1.03
3,13,WSLS,3.0
3,13,TFTT,3.02
3,13,hard_tft,3.0
3,13,slow_tft,3.02
3,13,GrdTFT,3.0
3,13,prober,2.995
3,13,mem2,3.0
3,13,grok:grok-3-mini,3.0
3,13,Tideman & Chieruzzi,2.98
3,13,Nydegger,3.02
3,13,Grofman,3.0
3,13,Shubik,3.0
3,13,Stein & Rapoport: 0.05,2.98
3,13,GRIM,3.0
3,13,Davis: 10,3.0
3,13,Graaskamp: 0.05,2.81
3,13,Downing,3.02
3,13,"Feld: 1.0, 0.5, 200",1.49
3,13,Joss: 0.9,1.335
3,13,Tullock,2.82
3,13,Anonymous,2.785
3,13,Random: 0.5,2.755
3,14,Cu,3.02
3,14,Du,0.995
3,14,Tit For Tat,3.0
3,14,spiteful,3.0
3,14,soft_majo,3.02
3,14,hard_majo,1.03
3,14,per_cd,2.98
3,14,per_ccd,3.42
3,14,per_ddc,2.315
3,14,mistrust,1.03
3,14,WSLS,3.0
3,14,TFTT,3.02
3,14,hard_tft,3.0
3,14,slow_tft,3.02
3,14,GrdTFT,3.0
3,14,prober,2.995
3,14,mem2,3.0
3,14,grok:grok-3-mini,3.0
3,14,Tideman & Chieruzzi,2.98
3,14,Nydegger,3.02
3,14,Grofman,3.0
3,14,Shubik,3.0
3,14,Stein & Rapoport: 0.05,2.98
3,14,GRIM,3.0
3,14,Davis: 10,3.0
3,14,Graaskamp: 0.05,2.81
3,14,Downing,3.02
3,14,"Feld: 1.0, 0.5, 200",1.845
3,14,Joss: 0.9,1.225
3,14,Tullock,1.44
3,14,Anonymous,2.795
3,14,Random: 0.5,2.73
3,15,Cu,3.02
3,15,Du,0.995
3,15,Tit For Tat,3.0
3,15,spiteful,3.0
3,15,soft_majo,3.02
3,15,hard_majo,1.03
3,15,per_cd,2.98
3,15,per_ccd,3.42
3,15,per_ddc,2.315
3,15,mistrust,1.03
3,15,WSLS,3.0
3,15,TFTT,3.02
3,15,hard_tft,3.0
3,15,slow_tft,3.02
3,15,GrdTFT,3.0
3,15,prober,2.995
3,15,mem2,3.0
3,15,grok:grok-3-mini,3.0
3,15,Tideman & Chieruzzi,2.98
3,15,Nydegger,3.02
3,15,Grofman,3.0
3,15,Shubik,3.0
3,15,Stein & Rapoport: 0.05,2.98
3,15,GRIM,3.0
3,15,Davis: 10,3.0
3,15,Graaskamp: 0.05,2.805
3,15,Downing,3.02
3,15,"Feld: 1.0, 0.5, 200",1.525
3,15,Joss: 0.9,1.05
3,15,Tullock,1.565
3,15,Anonymous,2.975
3,15,Random: 0.5,2.84
3,16,Cu,3.02
3,16,Du,0.995
3,16,Tit For Tat,3.0
3,16,spiteful,3.0
3,16,soft_majo,3.02
3,16,hard_majo,1.03
3,16,per_cd,2.98
3,16,per_ccd,3.42
3,16,per_ddc,2.315
3,16,mistrust,1.03
3,16,WSLS,3.0
3,16,TFTT,3.02
3,16,hard_tft,3.0
3,16,slow_tft,3.02
3,16,GrdTFT,3.0
3,16,prober,2.995
3,16,mem2,3.0
3,16,grok:grok-3-mini,3.0
3,16,Tideman & Chieruzzi,2.98
3,16,Nydegger,3.02
3,16,Grofman,3.02
3,16,Shubik,3.0
3,16,Stein & Rapoport: 0.05,2.98
3,16,GRIM,3.0
3,16,Davis: 10,3.0
3,16,Graaskamp: 0.05,2.78
3,16,Downing,3.02
3,16,"Feld: 1.0, 0.5, 200",1.655
3,16,Joss: 0.9,1.445
3,16,Tullock,2.855
3,16,Anonymous,2.9
3,16,Random: 0.5,3.0
3,17,Cu,3.02
3,17,Du,0.995
3,17,Tit For Tat,3.0
3,17,spiteful,3.0
3,17,soft_majo,3.02
3,17,hard_majo,1.03
3,17,per_cd,2.98
3,17,per_ccd,3.42
3,17,per_ddc,2.315
3,17,mistrust,1.03
3,17,WSLS,3.0
3,17,TFTT,3.02
3,17,hard_tft,3.0
3,17,slow_tft,3.02
3,17,GrdTFT,3.0
3,17,prober,2.995
3,17,mem2,3.0
3,17,grok:grok-3-mini,3.0
3,17,Tideman & Chieruzzi,2.98
3,17,Nydegger,3.02
3,17,Grofman,3.0
3,17,Shubik,3.0
3,17,Stein & Rapoport: 0.05,2.98
3,17,GRIM,3.0
3,17,Davis: 10,3.0
3,17,Graaskamp: 0.05,2.795
3,17,Downing,3.02
3,17,"Feld: 1.0, 0.5, 200",1.79
3,17,Joss: 0.9,1.205
3,17,Tullock,1.3
3,17,Anonymous,3.01
3,17,Random: 0.5,3.0
3,18,Cu,3.02
3,18,Du,0.995
3,18,Tit For Tat,3.0
3,18,spiteful,3.0
3,18,soft_majo,3.02
3,18,hard_majo,1.03
3,18,per_cd,2.98
3,18,per_ccd,3.42
3,18,per_ddc,2.315
3,18,mistrust,1.03
3,18,WSLS,3.0
3,18,TFTT,3.02
3,18,hard_tft,3.0
3,18,slow_tft,3.02
3,18,GrdTFT,3.0
3,18,prober,2.995
3,18,mem2,3.0
3,18,grok:grok-3-mini,3.0
3,18,Tideman & Chieruzzi,2.98
3,18,Nydegger,3.02
3,18,Grofman,3.0
3,18,Shubik,3.0
3,18,Stein & Rapoport: 0.05,2.98
3,18,GRIM,3.0
3,18,Davis: 10,3.0
3,18,Graaskamp: 0.05,2.795
3,18,Downing,3.02
3,18,"Feld: 1.0, 0.5, 200",1.88
3,18,Joss: 0.9,2.255
3,18,Tullock,1.38
3,18,Anonymous,2.85
3,18,Random: 0.5,2.86
3,19,Cu,3.02
3,19,Du,0.995
3,19,Tit For Tat,3.0
3,19,spiteful,3.0
3,19,soft_majo,3.02
3,19,hard_majo,1.03
3,19,per_cd,2.98
3,19,per_ccd,3.42
3,19,per_ddc,2.315
3,19,mistrust,1.03
3,19,WSLS,3.0
3,19,TFTT,3.02
3,19,hard_tft,3.0
3,19,slow_tft,3.02
3,19,GrdTFT,3.0
3,19,prober,2.995
3,19,mem2,3.0
3,19,grok:grok-3-mini,3.0
3,19,Tideman & Chieruzzi,2.98
3,19,Nydegger,3.02
3,19,Grofman,3.02
3,19,Shubik,3.0
3,19,Stein & Rapoport: 0.05,2.98
3,19,GRIM,3.0
3,19,Davis: 10,3.0
3,19,Graaskamp: 0.05,2.82
3,19,Downing,3.02
3,19,"Feld: 1.0, 0.5, 200",1.39
3,19,Joss: 0.9,2.56
3,19,Tullock,2.18
3,19,Anonymous,2.825
3,19,Random: 0.5,2.95
4,0,Cu,3.02
4,0,Du,0.995
4,0,Tit For Tat,3.0
4,0,spiteful,3.0
4,0,soft_majo,3.02
4,0,hard_majo,1.03
4,0,per_cd,2.98
4,0,per_ccd,3.42
4,0,per_ddc,2.315
4,0,mistrust,1.03
4,0,WSLS,3.0
4,0,TFTT,3.02
4,0,hard_tft,3.0
4,0,slow_tft,3.02
4,0,GrdTFT,3.0
4,0,prober,2.995
4,0,mem2,3.0
4,0,grok:grok-3-mini,3.0
4,0,Tideman & Chieruzzi,2.98
4,0,Nydegger,3.02
4,0,Grofman,3.0
4,0,Shubik,3.0
4,0,Stein & Rapoport: 0.05,2.98
4,0,GRIM,3.0
4,0,Davis: 10,3.0
4,0,Graaskamp: 0.05,2.825
4,0,Downing,3.02
4,0,"Feld: 1.0, 0.5, 200",1.375
4,0,Joss: 0.9,1.97
4,0,Tullock,1.265
4,0,Anonymous,2.815
4,0,Random: 0.5,3.015
4,1,Cu,3.02
4,1,Du,0.995
4,1,Tit For Tat,3.0
4,1,spiteful,3.0
4,1,soft_majo,3.02
4,1,hard_majo,1.03
4,1,per_cd,2.98
4,1,per_ccd,3.42
4,1,per_ddc,2.315
4,1,mistrust,1.03
4,1,WSLS,3.0
4,1,TFTT,3.02
4,1,hard_tft,3.0
4,1,slow_tft,3.02
4,1,GrdTFT,3.0
4,1,prober,2.995
4,1,mem2,3.0
4,1,grok:grok-3-mini,3.0
4,1,Tideman & Chieruzzi,2.98
4,1,Nydegger,3.02
4,1,Grofman,3.02
4,1,Shubik,3.0
4,1,Stein & Rapoport: 0.05,2.98
4,1,GRIM,3.0
4,1,Davis: 10,3.0
4,1,Graaskamp: 0.05,2.76
4,1,Downing,3.02
4,1,"Feld: 1.0, 0.5, 200",1.64
4,1,Joss: 0.9,1.41
4,1,Tullock,1.54
4,1,Anonymous,3.04
4,1,Random: 0.5,2.885
4,2,Cu,3.02
4,2,Du,0.995
4,2,Tit For Tat,3.0
4,2,spiteful,3.0
4,2,soft_majo,3.02
4,2,hard_majo,1.03
4,2,per_cd,2.98
4,2,per_ccd,3.42
4,2,per_ddc,2.315
4,2,mistrust,1.03
4,2,WSLS,3.0
4,2,TFTT,3.02
4,2,hard_tft,3.0
4,2,slow_tft,3.02
4,2,GrdTFT,3.0
4,2,prober,2.995
4,2,mem2,3.0
4,2,grok:grok-3-mini,3.0
4,2,Tideman & Chieruzzi,2.98
4,2,Nydegger,3.02
4,2,Grofman,3.0
4,2,Shubik,3.0
4,2,Stein & Rapoport: 0.05,2.98
4,2,GRIM,3.0
4,2,Davis: 10,3.0
4,2,Graaskamp: 0.05,2.76
4,2,Downing,3.02
4,2,"Feld: 1.0, 0.5, 200",1.465
4,2,Joss: 0.9,1.05
4,2,Tullock,2.805
4,2,Anonymous,2.875
4,2,Random: 0.5,2.855
4,3,Cu,3.02
4,3,Du,0.995
4,3,Tit For Tat,3.0
4,3,spiteful,3.0
4,3,soft_majo,3.02
4,3,hard_majo,1.03
4,3,per_cd,2.98
4,3,per_ccd,3.42
4,3,per_ddc,2.315
4,3,mistrust,1.03
4,3,WSLS,3.0
4,3,TFTT,3.02
4,3,hard_tft,3.0
4,3,slow_tft,3.02
4,3,GrdTFT,3.0
4,3,prober,2.995
4,3,mem2,3.0
4,3,grok:grok-3-mini,3.0
4,3,Tideman & Chieruzzi,2.98
4,3,Nydegger,3.02
4,3,Grofman,3.0
4,3,Shubik,3.0
4,3,Stein & Rapoport: 0.05,2.98
4,3,GRIM,3.0
4,3,Davis: 10,3.0
4,3,Graaskamp: 0.05,2.835
4,3,Downing,3.02
4,3,"Feld: 1.0, 0.5, 200",1.655
4,3,Joss: 0.9,1.195
4,3,Tullock,2.74
4,3,Anonymous,2.745
4,3,Random: 0.5,2.955
4,4,Cu,3.02
4,4,Du,0.995
4,4,Tit For Tat,3.0
4,4,spiteful,3.0
4,4,soft_majo,3.02
4,4,hard_majo,1.03
4,4,per_cd,2.98
4,4,per_ccd,3.42
4,4,per_ddc,2.315
4,4,mistrust,1.03
4,4,WSLS,3.0
4,4,TFTT,3.02
4,4,hard_tft,3.0
4,4,slow_tft,3.02
4,4,GrdTFT,3.0
4,4,prober,2.995
4,4,mem2,3.0
4,4,grok:grok-3-mini,3.0
4,4,Tideman & Chieruzzi,2.98
4,4,Nydegger,3.02
4,4,Grofman,3.02
4,4,Shubik,3.0
4,4,Stein & Rapoport: 0.05,2.98
4,4,GRIM,3.0
4,4,Davis: 10,3.0
4,4,Graaskamp: 0.05,2.805
4,4,Downing,3.02
4,4,"Feld: 1.0, 0.5, 200",1.505
4,4,Joss: 0.9,1.905
4,4,Tullock,1.71
4,4,Anonymous,2.935
4,4,Random: 0.5,3.11
4,5,Cu,3.02
4,5,Du,0.995
4,5,Tit For Tat,3.0
4,5,spiteful,3.0
4,5,soft_majo,3.02
4,5,hard_majo,1.03
4,5,per_cd,2.98
4,5,per_ccd,3.42
4,5,per_ddc,2.315
4,5,mistrust,1.03
4,5,WSLS,3.0
4,5,TFTT,3.02
4,5,hard_tft,3.0
4,5,slow_tft,3.02
4,5,GrdTFT,3.0
4,5,prober,2.995
4,5,mem2,3.0
4,5,grok:grok-3-mini,3.0
4,5,Tideman & Chieruzzi,2.98
4,5,Nydegger,3.02
4,5,Grofman,3.02
4,5,Shubik,3.0
4,5,Stein & Rapoport: 0.05,2.98
4,5,GRIM,3.0
4,5,Davis: 10,3.0
4,5,Graaskamp: 0.05,2.81
4,5,Downing,3.02
4,5,"Feld: 1.0, 0.5, 200",1.705
4,5,Joss: 0.9,2.615
4,5,Tullock,1.565
4,5,Anonymous,2.9
4,5,Random: 0.5,2.875
4,6,Cu,3.02
4,6,Du,0.995
4,6,Tit For Tat,3.0
4,6,spiteful,3.0
4,6,soft_majo,3.02
4,6,hard_majo,1.03
4,6,per_cd,2.98
4,6,per_ccd,3.42
4,6,per_ddc,2.315
4,6,mistrust,1.03
4,6,WSLS,3.0
4,6,TFTT,3.02
4,6,hard_tft,3.0
4,6,slow_tft,3.02
4,6,GrdTFT,3.0
4,6,prober,2.995
4,6,mem2,3.0
4,6,grok:grok-3-mini,3.0
4,6,Tideman & Chieruzzi,2.98
4,6,Nydegger,3.02
4,6,Grofman,3.02
4,6,Shubik,3.0
4,6,Stein & Rapoport: 0.05,2.98
4,6,GRIM,3.0
4,6,Davis: 10,3.0
4,6,Graaskamp: 0.05,2.81
4,6,Downing,3.02
4,6,"Feld: 1.0, 0.5, 200",1.69
4,6,Joss: 0.9,1.77
4,6,Tullock,1.37
4,6,Anonymous,2.93
4,6,Random: 0.5,2.96
4,7,Cu,3.02
4,7,Du,0.995
4,7,Tit For Tat,3.0
4,7,spiteful,3.0
4,7,soft_majo,3.02
4,7,hard_majo,1.03
4,7,per_cd,2.98
4,7,per_ccd,3.42
4,7,per_ddc,2.315
4,7,mistrust,1.03
4,7,WSLS,3.0
4,7,TFTT,3.02
4,7,hard_tft,3.0
4,7,slow_tft,3.02
4,7,GrdTFT,3.0
4,7,prober,2.995
4,7,mem2,3.0
4,7,grok:grok-3-mini,3.0
4,7,Tideman & Chieruzzi,2.98
4,7,Nydegger,3.02
4,7,Grofman,3.02
4,7,Shubik,3.0
4,7,Stein & Rapoport: 0.05,2.98
4,7,GRIM,3.0
4,7,Davis: 10,3.0
4,7,Graaskamp: 0.05,2.76
4,7,Downing,3.02
4,7,"Feld: 1.0, 0.5, 200",1.265
4,7,Joss: 0.9,1.15
4,7,Tullock,2.185
4,7,Anonymous,2.98
4,7,Random: 0.5,2.92
4,8,Cu,3.02
4,8,Du,0.995
4,8,Tit For Tat,3.0
4,8,spiteful,3.0
4,8,soft_majo,3.02
4,8,hard_majo,1.03
4,8,per_cd,2.98
4,8,per_ccd,3.42
4,8,per_ddc,2.315
4,8,mistrust,1.03
4,8,WSLS,3.0
4,8,TFTT,3.02
4,8,hard_tft,3.0
4,8,slow_tft,3.02
4,8,GrdTFT,3.0
4,8,prober,2.995
4,8,mem2,3.0
4,8,grok:grok-3-mini,3.0
4,8,Tideman & Chieruzzi,2.98
4,8,Nydegger,3.02
4,8,Grofman,3.0
4,8,Shubik,3.0
4,8,Stein & Rapoport: 0.05,2.98
4,8,GRIM,3.0
4,8,Davis: 10,3.0
4,8,Graaskamp: 0.05,2.795
4,8,Downing,3.02
4,8,"Feld: 1.0, 0.5, 200",1.56
4,8,Joss: 0.9,1.62
4,8,Tullock,2.685
4,8,Anonymous,3.035
4,8,Random: 0.5,2.885
4,9,Cu,3.02
4,9,Du,0.995
4,9,Tit For Tat,3.0
4,9,spiteful,3.0
4,9,soft_majo,3.02
4,9,hard_majo,1.03
4,9,per_cd,2.98
4,9,per_ccd,3.42
4,9,per_ddc,2.315
4,9,mistrust,1.03
4,9,WSLS,3.0
4,9,TFTT,3.02
4,9,hard_tft,3.0
4,9,slow_tft,3.02
4,9,GrdTFT,3.0
4,9,prober,2.995
4,9,mem2,3.0
4,9,grok:grok-3-mini,3.0
4,9,Tideman & Chieruzzi,2.98
4,9,Nydegger,3.02
4,9,Grofman,3.0
4,9,Shubik,3.0
4,9,Stein & Rapoport: 0.05,2.98
4,9,GRIM,3.0
4,9,Davis: 10,3.0
4,9,Graaskamp: 0.05,2.805
4,9,Downing,3.02
4,9,"Feld: 1.0, 0.5, 200",1.725
4,9,Joss: 0.9,1.59
4,9,Tullock,1.555
4,9,Anonymous,2.775
4,9,Random: 0.5,2.81
4,10,Cu,3.02
4,10,Du,0.995
4,10,Tit For Tat,3.0
4,10,spiteful,3.0
4,10,soft_majo,3.02
4,10,hard_majo,1.03
4,10,per_cd,2.98
4,10,per_ccd,3.42
4,10,per_ddc,2.315
4,10,mistrust,1.03
4,10,WSLS,3.0
4,10,TFTT,3.02
4,10,hard_tft,3.0
4,10,slow_tft,3.02
4,10,GrdTFT,3.0
4,10,prober,2.995
4,10,mem2,3.0
4,10,grok:grok-3-mini,3.0
4,10,Tideman & Chieruzzi,2.98
4,10,Nydegger,3.02
4,10,Grofman,3.02
4,10,Shubik,3.0
4,10,Stein & Rapoport: 0.05,2.98
4,10,GRIM,3.0
4,10,Davis: 10,3.0
4,10,Graaskamp: 0.05,2.795
4,10,Downing,3.02
4,10,"Feld: 1.0, 0.5, 200",1.205
4,10,Joss: 0.9,1.05
4,10,Tullock,2.735
4,10,Anonymous,2.905
4,10,Random: 0.5,2.955
4,11,Cu,3.02
4,11,Du,0.995
4,11,Tit For Tat,3.0
4,11,spiteful,3.0
4,11,soft_majo,3.02
4,11,hard_majo,1.03
4,11,per_cd,2.98
4,11,per_ccd,3.42
4,11,per_ddc,2.315
4,11,mistrust,1.03
4,11,WSLS,3.0
4,11,TFTT,3.02
4,11,hard_tft,3.0
4,11,slow_tft,3.02
4,11,GrdTFT,3.0
4,11,prober,2.995
4,11,mem2,3.0
4,11,grok:grok-3-mini,3.0
4,11,Tideman & Chieruzzi,2.98
4,11,Nydegger,3.02
4,11,Grofman,3.0
4,11,Shubik,3.0
4,11,Stein & Rapoport: 0.05,2.98
4,11,GRIM,3.0
4,11,Davis: 10,3.0
4,11,Graaskamp: 0.05,2.81
4,11,Downing,3.02
4,11,"Feld: 1.0, 0.5, 200",1.525
4,11,Joss: 0.9,2.205
4,11,Tullock,1.76
4,11,Anonymous,3.0
4,11,Random: 0.5,2.73
4,12,Cu,3.02
4,12,Du,0.995
4,12,Tit For Tat,3.0
4,12,spiteful,3.0
4,12,soft_majo,3.02
4,12,hard_majo,1.03
4,12,per_cd,2.98
4,12,per_ccd,3.42
4,12,per_ddc,2.315
4,12,mistrust,1.03
4,12,WSLS,3.0
4,12,TFTT,3.02
4,12,hard_tft,3.0
4,12,slow_tft,3.02
4,12,GrdTFT,3.0
4,12,prober,2.995
4,12,mem2,3.0
4,12,grok:grok-3-mini,3.0
4,12,Tideman & Chieruzzi,2.98
4,12,Nydegger,3.02
4,12,Grofman,3.02
4,12,Shubik,3.0
4,12,Stein & Rapoport: 0.05,2.98
4,12,GRIM,3.0
4,12,Davis: 10,3.0
4,12,Graaskamp: 0.05,2.78
4,12,Downing,3.02
4,12,"Feld: 1.0, 0.5, 200",1.595
4,12,Joss: 0.9,1.04
4,12,Tullock,1.22
4,12,Anonymous,2.88
4,12,Random: 0.5,2.85
4,13,Cu,3.02
4,13,Du,0.995
4,13,Tit For Tat,3.0
4,13,spiteful,3.0
4,13,soft_majo,3.02
4,13,hard_majo,1.03
4,13,per_cd,2.98
4,13,per_ccd,3.42
4,13,per_ddc,2.315
4,13,mistrust,1.03
4,13,WSLS,3.0
4,13,TFTT,3.02
4,13,hard_tft,3.0
4,13,slow_tft,3.02
4,13,GrdTFT,3.0
4,13,prober,2.995
4,13,mem2,3.0
4,13,grok:grok-3-mini,3.0
4,13,Tideman & Chieruzzi,2.98
4,13,Nydegger,3.02
4,13,Grofman,3.0
4,13,Shubik,3.0
4,13,Stein & Rapoport: 0.05,2.98
4,13,GRIM,3.0
4,13,Davis: 10,3.0
4,13,Graaskamp: 0.05,2.79
4,13,Downing,3.02
4,13,"Feld: 1.0, 0.5, 200",1.72
4,13,Joss: 0.9,1.25
4,13,Tullock,1.92
4,13,Anonymous,3.065
4,13,Random: 0.5,2.7
4,14,Cu,3.02
4,14,Du,0.995
4,14,Tit For Tat,3.0
4,14,spiteful,3.0
4,14,soft_majo,3.02
4,14,hard_majo,1.03
4,14,per_cd,2.98
4,14,per_ccd,3.42
4,14,per_ddc,2.315
4,14,mistrust,1.03
4,14,WSLS,3.0
4,14,TFTT,3.02
4,14,hard_tft,3.0
4,14,slow_tft,3.02
4,14,GrdTFT,3.0
4,14,prober,2.995
4,14,mem2,3.0
4,14,grok:grok-3-mini,3.0
4,14,Tideman & Chieruzzi,2.98
4,14,Nydegger,3.02
4,14,Grofman,3.0
4,14,Shubik,3.0
4,14,Stein & Rapoport: 0.05,2.98
4,14,GRIM,3.0
4,14,Davis: 10,3.0
4,14,Graaskamp: 0.05,2.795
4,14,Downing,3.02
4,14,"Feld: 1.0, 0.5, 200",1.76
4,14,Joss: 0.9,1.635
4,14,Tullock,2.425
4,14,Anonymous,2.905
4,14,Random: 0.5,2.975
4,15,Cu,3.02
4,15,Du,0.995
4,15,Tit For Tat,3.0
4,15,spiteful,3.0
4,15,soft_majo,3.02
4,15,hard_majo,1.03
4,15,per_cd,2.98
4,15,per_ccd,3.42
4,15,per_ddc,2.315
4,15,mistrust,1.03
4,15,WSLS,3.0
4,15,TFTT,3.02
4,15,hard_tft,3.0
4,15,slow_tft,3.02
4,15,GrdTFT,3.0
4,15,prober,2.995
4,15,mem2,3.0
4,15,grok:grok-3-mini,3.0
4,15,Tideman & Chieruzzi,2.98
4,15,Nydegger,3.02
4,15,Grofman,3.0
4,15,Shubik,3.0
4,15,Stein & Rapoport: 0.05,2.98
4,15,GRIM,3.0
4,15,Davis: 10,3.0
4,15,Graaskamp: 0.05,2.825
4,15,Downing,3.02
4,15,"Feld: 1.0, 0.5, 200",1.86
4,15,Joss: 0.9,1.705
4,15,Tullock,2.88
4,15,Anonymous,3.17
4,15,Random: 0.5,2.97
4,16,Cu,3.02
4,16,Du,0.995
4,16,Tit For Tat,3.0
4,16,spiteful,3.0
4,16,soft_majo,3.02
4,16,hard_majo,1.03
4,16,per_cd,2.98
4,16,per_ccd,3.42
4,16,per_ddc,2.315
4,16,mistrust,1.03
4,16,WSLS,3.0
4,16,TFTT,3.02
4,16,hard_tft,3.0
4,16,slow_tft,3.02
4,16,GrdTFT,3.0
4,16,prober,2.995
4,16,mem2,3.0
4,16,grok:grok-3-mini,3.0
4,16,Tideman & Chieruzzi,2.98
4,16,Nydegger,3.02
4,16,Grofman,3.02
4,16,Shubik,3.0
4,16,Stein & Rapoport: 0.05,2.98
4,16,GRIM,3.0
4,16,Davis: 10,3.0
4,16,Graaskamp: 0.05,2.795
4,16,Downing,3.02
4,16,"Feld: 1.0, 0.5, 200",1.415
4,16,Joss: 0.9,1.855
4,16,Tullock,2.31
4,16,Anonymous,2.94
4,16,Random: 0.5,3.075
4,17,Cu,3.02
4,17,Du,0.995
4,17,Tit For Tat,3.0
4,17,spiteful,3.0
4,17,soft_majo,3.02
4,17,hard_majo,1.03
4,17,per_cd,2.98
4,17,per_ccd,3.42
4,17,per_ddc,2.315
4,17,mistrust,1.03
4,17,WSLS,3.0
4,17,TFTT,3.02
4,17,hard_tft,3.0
4,17,slow_tft,3.02
4,17,GrdTFT,3.0
4,17,prober,2.995
4,17,mem2,3.0
4,17,grok:grok-3-mini,3.0
4,17,Tideman & Chieruzzi,2.98
4,17,Nydegger,3.02
4,17,Grofman,3.0
4,17,Shubik,3.0
4,17,Stein & Rapoport: 0.05,2.98
4,17,GRIM,3.0
4,17,Davis: 10,3.0
4,17,Graaskamp: 0.05,2.795
4,17,Downing,3.02
4,17,"Feld: 1.0, 0.5, 200",1.95
4,17,Joss: 0.9,1.47
4,17,Tullock,2.26
4,17,Anonymous,3.025
4,17,Random: 0.5,2.905
4,18,Cu,3.02
4,18,Du,0.995
4,18,Tit For Tat,3.0
4,18,spiteful,3.0
4,18,soft_majo,3.02
4,18,hard_majo,1.03
4,18,per_cd,2.98
4,18,per_ccd,3.42
4,18,per_ddc,2.315
4,18,mistrust,1.03
4,18,WSLS,3.0
4,18,TFTT,3.02
4,18,hard_tft,3.0
4,18,slow_tft,3.02
4,18,GrdTFT,3.0
4,18,prober,2.995
4,18,mem2,3.0
4,18,grok:grok-3-mini,3.0
4,18,Tideman & Chieruzzi,2.98
4,18,Nydegger,3.02
4,18,Grofman,3.0
4,18,Shubik,3.0
4,18,Stein & Rapoport: 0.05,2.98
4,18,GRIM,3.0
4,18,Davis: 10,3.0
4,18,Graaskamp: 0.05,2.825
4,18,Downing,3.02
4,18,"Feld: 1.0, 0.5, 200",1.42
4,18,Joss: 0.9,1.42
4,18,Tullock,2.66
4,18,Anonymous,2.825
4,18,Random: 0.5,2.95
4,19,Cu,3.02
4,19,Du,0.995
4,19,Tit For Tat,3.0
4,19,spiteful,3.0
4,19,soft_majo,3.02
4,19,hard_majo,1.03
4,19,per_cd,2.98
4,19,per_ccd,3.42
4,19,per_ddc,2.315
4,19,mistrust,1.03
4,19,WSLS,3.0
4,19,TFTT,3.02
4,19,hard_tft,3.0
4,19,slow_tft,3.02
4,19,GrdTFT,3.0
4,19,prober,2.995
4,19,mem2,3.0
4,19,grok:grok-3-mini,3.0
4,19,Tideman & Chieruzzi,2.98
4,19,Nydegger,3.02
4,19,Grofman,3.0
4,19,Shubik,3.0
4,19,Stein & Rapoport: 0.05,2.98
4,19,GRIM,3.0
4,19,Davis: 10,3.0
4,19,Graaskamp: 0.05,2.825
4,19,Downing,3.02
4,19,"Feld: 1.0, 0.5, 200",1.645
4,19,Joss: 0.9,1.075
4,19,Tullock,2.085
4,19,Anonymous,3.02
4,19,Random: 0.5,2.825
5,0,Cu,3.02
5,0,Du,0.995
5,0,Tit For Tat,3.0
5,0,spiteful,3.0
5,0,soft_majo,3.02
5,0,hard_majo,1.03
5,0,per_cd,2.98
5,0,per_ccd,3.42
5,0,per_ddc,2.315
5,0,mistrust,1.03
5,0,WSLS,3.0
5,0,TFTT,3.02
5,0,hard_tft,3.0
5,0,slow_tft,3.02
5,0,GrdTFT,3.0
5,0,prober,2.995
5,0,mem2,3.0
5,0,grok:grok-3-mini,3.0
5,0,Tideman & Chieruzzi,2.98
5,0,Nydegger,3.02
5,0,Grofman,3.02
5,0,Shubik,3.0
5,0,Stein & Rapoport: 0.05,2.98
5,0,GRIM,3.0
5,0,Davis: 10,3.0
5,0,Graaskamp: 0.05,2.78
5,0,Downing,3.02
5,0,"Feld: 1.0, 0.5, 200",1.615
5,0,Joss: 0.9,2.375
5,0,Tullock,1.675
5,0,Anonymous,3.01
5,0,Random: 0.5,2.95
5,1,Cu,3.02
5,1,Du,0.995
5,1,Tit For Tat,3.0
5,1,spiteful,3.0
5,1,soft_majo,3.02
5,1,hard_majo,1.03
5,1,per_cd,2.98
5,1,per_ccd,3.42
5,1,per_ddc,2.315
5,1,mistrust,1.03
5,1,WSLS,3.0
5,1,TFTT,3.02
5,1,hard_tft,3.0
5,1,slow_tft,3.02
5,1,GrdTFT,3.0
5,1,prober,2.995
5,1,mem2,3.0
5,1,grok:grok-3-mini,3.0
5,1,Tideman & Chieruzzi,2.98
5,1,Nydegger,3.02
5,1,Grofman,3.02
5,1,Shubik,3.0
5,1,Stein & Rapoport: 0.05,2.98
5,1,GRIM,3.0
5,1,Davis: 10,3.0
5,1,Graaskamp: 0.05,2.825
5,1,Downing,3.02
5,1,"Feld: 1.0, 0.5, 200",1.46
5,1,Joss: 0.9,1.52
5,1,Tullock,1.55
5,1,Anonymous,2.955
5,1,Random: 0.5,2.855
5,2,Cu,3.02
5,2,Du,0.995
5,2,Tit For Tat,3.0
5,2,spiteful,3.0
5,2,soft_majo,3.02
5,2,hard_majo,1.03
5,2,per_cd,2.98
5,2,per_ccd,3.42
5,2,per_ddc,2.315
5,2,mistrust,1.03
5,2,WSLS,3.0
5,2,TFTT,3.02
5,2,hard_tft,3.0
5,2,slow_tft,3.02
5,2,GrdTFT,3.0
5,2,prober,2.995
5,2,mem2,3.0
5,2,grok:grok-3-mini,3.0
5,2,Tideman & Chieruzzi,2.98
5,2,Nydegger,3.02
5,2,Grofman,3.0
5,2,Shubik,3.0
5,2,Stein & Rapoport: 0.05,2.98
5,2,GRIM,3.0
5,2,Davis: 10,3.0
5,2,Graaskamp: 0.05,2.78
5,2,Downing,3.02
5,2,"Feld: 1.0, 0.5, 200",1.32
5,2,Joss: 0.9,1.04
5,2,Tullock,2.775
5,2,Anonymous,2.85
5,2,Random: 0.5,2.87
5,3,Cu,3.02
5,3,Du,0.995
5,3,Tit For Tat,3.0
5,3,spiteful,3.0
5,3,soft_majo,3.02
5,3,hard_majo,1.03
5,3,per_cd,2.98
5,3,per_ccd,3.42
5,3,per_ddc,2.315
5,3,mistrust,1.03
5,3,WSLS,3.0
5,3,TFTT,3.02
5,3,hard_tft,3.0
5,3,slow_tft,3.02
5,3,GrdTFT,3.0
5,3,prober,2.995
5,3,mem2,3.0
5,3,grok:grok-3-mini,3.0
5,3,Tideman & Chieruzzi,2.98
5,3,Nydegger,3.02
5,3,Grofman,3.0
5,3,Shubik,3.0
5,3,Stein & Rapoport: 0.05,2.98
5,3,GRIM,3.0
5,3,Davis: 10,3.0
5,3,Graaskamp: 0.05,2.79
5,3,Downing,3.02
5,3,"Feld: 1.0, 0.5, 200",1.255
5,3,Joss: 0.9,1.41
5,3,Tullock,1.765
5,3,Anonymous,2.985
5,3,Random: 0.5,2.985
5,4,Cu,3.02
5,4,Du,0.995
5,4,Tit For Tat,3.0
5,4,spiteful,3.0
5,4,soft_majo,3.02
5,4,hard_majo,1.03
5,4,per_cd,2.98
5,4,per_ccd,3.42
5,4,per_ddc,2.315
5,4,mistrust,1.03
5,4,WSLS,3.0
5,4,TFTT,3.02
5,4,hard_tft,3.0
5,4,slow_tft,3.02
5,4,GrdTFT,3.0
5,4,prober,2.995
5,4,mem2,3.0
5,4,grok:grok-3-mini,3.0
5,4,Tideman & Chieruzzi,2.98
5,4,Nydegger,3.02
5,4,Grofman,3.02
5,4,Shubik,3.0
5,4,Stein & Rapoport: 0.05,2.98
5,4,GRIM,3.0
5,4,Davis: 10,3.0
5,4,Graaskamp: 0.05,2.795
5,4,Downing,3.02
5,4,"Feld: 1.0, 0.5, 200",1.495
5,4,Joss: 0.9,1.605
5,4,Tullock,1.465
5,4,Anonymous,2.98
5,4,Random: 0.5,2.795
5,5,Cu,3.02
5,5,Du,0.995
5,5,Tit For Tat,3.0
5,5,spiteful,3.0
5,5,soft_majo,3.02
5,5,hard_majo,1.03
5,5,per_cd,2.98
5,5,per_ccd,3.42
5,5,per_ddc,2.315
5,5,mistrust,1.03
5,5,WSLS,3.0
5,5,TFTT,3.02
5,5,hard_tft,3.0
5,5,slow_tft,3.02
5,5,GrdTFT,3.0
5,5,prober,2.995
5,5,mem2,3.0
5,5,grok:grok-3-mini,3.0
5,5,Tideman & Chieruzzi,2.98
5,5,Nydegger,3.02
5,5,Grofman,3.0
5,5,Shubik,3.0
5,5,Stein & Rapoport: 0.05,2.98
5,5,GRIM,3.0
5,5,Davis: 10,3.0
5,5,Graaskamp: 0.05,2.78
5,5,Downing,3.02
5,5,"Feld: 1.0, 0.5, 200",1.695
5,5,Joss: 0.9,2.73
5,5,Tullock,2.205
5,5,Anonymous,2.995
5,5,Random: 0.5,2.945
5,6,Cu,3.02
5,6,Du,0.995
5,6,Tit For Tat,3.0
5,6,spiteful,3.0
5,6,soft_majo,3.02
5,6,hard_majo,1.03
5,6,per_cd,2.98
5,6,per_ccd,3.42
5,6,per_ddc,2.315
5,6,mistrust,1.03
5,6,WSLS,3.0
5,6,TFTT,3.02
5,6,hard_tft,3.0
5,6,slow_tft,3.02
5,6,GrdTFT,3.0
5,6,prober,2.995
5,6,mem2,3.0
5,6,grok:grok-3-mini,3.0
5,6,Tideman & Chieruzzi,2.98
5,6,Nydegger,3.02
5,6,Grofman,3.0
5,6,Shubik,3.0
5,6,Stein & Rapoport: 0.05,2.98
5,6,GRIM,3.0
5,6,Davis: 10,3.0
5,6,Graaskamp: 0.05,2.795
5,6,Downing,3.02
5,6,"Feld: 1.0, 0.5, 200",1.695
5,6,Joss: 0.9,1.05
5,6,Tullock,2.04
5,6,Anonymous,2.96
5,6,Random: 0.5,2.725
5,7,Cu,3.02
5,7,Du,0.995
5,7,Tit For Tat,3.0
5,7,spiteful,3.0
5,7,soft_majo,3.02
5,7,hard_majo,1.03
5,7,per_cd,2.98
5,7,per_ccd,3.42
5,7,per_ddc,2.315
5,7,mistrust,1.03
5,7,WSLS,3.0
5,7,TFTT,3.02
5,7,hard_tft,3.0
5,7,slow_tft,3.02
5,7,GrdTFT,3.0
5,7,prober,2.995
5,7,mem2,3.0
5,7,grok:grok-3-mini,3.0
5,7,Tideman & Chieruzzi,2.98
5,7,Nydegger,3.02
5,7,Grofman,3.02
5,7,Shubik,3.0
5,7,Stein & Rapoport: 0.05,2.98
5,7,GRIM,3.0
5,7,Davis: 10,3.0
5,7,Graaskamp: 0.05,2.825
5,7,Downing,3.02
5,7,"Feld: 1.0, 0.5, 200",1.465
5,7,Joss: 0.9,1.755
5,7,Tullock,2.825
5,7,Anonymous,2.825
5,7,Random: 0.5,2.78
5,8,Cu,3.02
5,8,Du,0.995
5,8,Tit For Tat,3.0
5,8,spiteful,3.0
5,8,soft_majo,3.02
5,8,hard_majo,1.03
5,8,per_cd,2.98
5,8,per_ccd,3.42
5,8,per_ddc,2.315
5,8,mistrust,1.03
5,8,WSLS,3.0
5,8,TFTT,3.02
5,8,hard_tft,3.0
5,8,slow_tft,3.02
5,8,GrdTFT,3.0
5,8,prober,2.995
5,8,mem2,3.0
5,8,grok:grok-3-mini,3.0
5,8,Tideman & Chieruzzi,2.98
5,8,Nydegger,3.02
5,8,Grofman,3.0
5,8,Shubik,3.0
5,8,Stein & Rapoport: 0.05,2.98
5,8,GRIM,3.0
5,8,Davis: 10,3.0
5,8,Graaskamp: 0.05,2.765
5,8,Downing,3.02
5,8,"Feld: 1.0, 0.5, 200",1.465
5,8,Joss: 0.9,2.15
5,8,Tullock,2.675
5,8,Anonymous,2.795
5,8,Random: 0.5,2.72
5,9,Cu,3.02
5,9,Du,0.995
5,9,Tit For Tat,3.0
5,9,spiteful,3.0
5,9,soft_majo,3.02
5,9,hard_majo,1.03
5,9,per_cd,2.98
5,9,per_ccd,3.42
5,9,per_ddc,2.315
5,9,mistrust,1.03
5,9,WSLS,3.0
5,9,TFTT,3.02
5,9,hard_tft,3.0
5,9,slow_tft,3.02
5,9,GrdTFT,3.0
5,9,prober,2.995
5,9,mem2,3.0
5,9,grok:grok-3-mini,3.0
5,9,Tideman & Chieruzzi,2.98
5,9,Nydegger,3.02
5,9,Grofman,3.0
5,9,Shubik,3.0
5,9,Stein & Rapoport: 0.05,2.98
5,9,GRIM,3.0
5,9,Davis: 10,3.0
5,9,Graaskamp: 0.05,2.795
5,9,Downing,3.02
5,9,"Feld: 1.0, 0.5, 200",1.485
5,9,Joss: 0.9,1.365
5,9,Tullock,2.87
5,9,Anonymous,2.82
5,9,Random: 0.5,2.825
5,10,Cu,3.02
5,10,Du,0.995
5,10,Tit For Tat,3.0
5,10,spiteful,3.0
5,10,soft_majo,3.02
5,10,hard_majo,1.03
5,10,per_cd,2.98
5,10,per_ccd,3.42
5,10,per_ddc,2.315
5,10,mistrust,1.03
5,10,WSLS,3.0
5,10,TFTT,3.02
5,10,hard_tft,3.0
5,10,slow_tft,3.02
5,10,GrdTFT,3.0
5,10,prober,2.995
5,10,mem2,3.0
5,10,grok:grok-3-mini,3.0
5,10,Tideman & Chieruzzi,2.98
5,10,Nydegger,3.02
5,10,Grofman,3.0
5,10,Shubik,3.0
5,10,Stein & Rapoport: 0.05,2.98
5,10,GRIM,3.0
5,10,Davis: 10,3.0
5,10,Graaskamp: 0.05,2.78
5,10,Downing,3.02
5,10,"Feld: 1.0, 0.5, 200",1.88
5,10,Joss: 0.9,2.835
5,10,Tullock,1.77
5,10,Anonymous,2.99
5,10,Random: 0.5,2.79
5,11,Cu,3.02
5,11,Du,0.995
5,11,Tit For Tat,3.0
5,11,spiteful,3.0
5,11,soft_majo,3.02
5,11,hard_majo,1.03
5,11,per_cd,2.98
5,11,per_ccd,3.42
5,11,per_ddc,2.315
5,11,mistrust,1.03
5,11,WSLS,3.0
5,11,TFTT,3.02
5,11,hard_tft,3.0
5,11,slow_tft,3.02
5,11,GrdTFT,3.0
5,11,prober,2.995
5,11,mem2,3.0
5,11,grok:grok-3-mini,3.0
5,11,Tideman & Chieruzzi,2.98
5,11,Nydegger,3.02
5,11,Grofman,3.0
5,11,Shubik,3.0
5,11,Stein & Rapoport: 0.05,2.98
5,11,GRIM,3.0
5,11,Davis: 10,3.0
5,11,Graaskamp: 0.05,2.795
5,11,Downing,3.02
5,11,"Feld: 1.0, 0.5, 200",2.005
5,11,Joss: 0.9,1.555
5,11,Tullock,2.01
5,11,Anonymous,2.815
5,11,Random: 0.5,2.74
5,12,Cu,3.02
5,12,Du,0.995
5,12,Tit For Tat,3.0
5,12,spiteful,3.0
5,12,soft_majo,3.02
5,12,hard_majo,1.03
5,12,per_cd,2.98
5,12,per_ccd,3.42
5,12,per_ddc,2.315
5,12,mistrust,1.03
5,12,WSLS,3.0
5,12,TFTT,3.02
5,12,hard_tft,3.0
5,12,slow_tft,3.02
5,12,GrdTFT,3.0
5,12,prober,2.995
5,12,mem2,3.0
5,12,grok:grok-3-mini,3.0
5,12,Tideman & Chieruzzi,2.98
5,12,Nydegger,3.02
5,12,Grofman,3.0
5,12,Shubik,3.0
5,12,Stein & Rapoport: 0.05,2.98
5,12,GRIM,3.0
5,12,Davis: 10,3.0
5,12,Graaskamp: 0.05,2.84
5,12,Downing,3.02
5,12,"Feld: 1.0, 0.5, 200",1.83
5,12,Joss: 0.9,1.095
5,12,Tullock,1.285
5,12,Anonymous,2.715
5,12,Random: 0.5,2.745
5,13,Cu,3.02
5,13,Du,0.995
5,13,Tit For Tat,3.0
5,13,spiteful,3.0
5,13,soft_majo,3.02
5,13,hard_majo,1.03
5,13,per_cd,2.98
5,13,per_ccd,3.42
5,13,per_ddc,2.315
5,13,mistrust,1.03
5,13,WSLS,3.0
5,13,TFTT,3.02
5,13,hard_tft,3.0
5,13,slow_tft,3.02
5,13,GrdTFT,3.0
5,13,prober,2.995
5,13,mem2,3.0
5,13,grok:grok-3-mini,3.0
5,13,Tideman & Chieruzzi,2.98
5,13,Nydegger,3.02
5,13,Grofman,3.02
5,13,Shubik,3.0
5,13,Stein & Rapoport: 0.05,2.98
5,13,GRIM,3.0
5,13,Davis: 10,3.0
5,13,Graaskamp: 0.05,2.795
5,13,Downing,3.02
5,13,"Feld: 1.0, 0.5, 200",1.655
5,13,Joss: 0.9,1.61
5,13,Tullock,2.805
5,13,Anonymous,3.005
5,13,Random: 0.5,2.915
5,14,Cu,3.02
5,14,Du,0.995
5,14,Tit For Tat,3.0
5,14,spiteful,3.0
5,14,soft_majo,3.02
5,14,hard_majo,1.03
5,14,per_cd,2.98
5,14,per_ccd,3.42
5,14,per_ddc,2.315
5,14,mistrust,1.03
5,14,WSLS,3.0
5,14,TFTT,3.02
5,14,hard_tft,3.0
5,14,slow_tft,3.02
5,14,GrdTFT,3.0
5,14,prober,2.995
5,14,mem2,3.0
5,14,grok:grok-3-mini,3.0
5,14,Tideman & Chieruzzi,2.98
5,14,Nydegger,3.02
5,14,Grofman,3.0
5,14,Shubik,3.0
5,14,Stein & Rapoport: 0.05,2.98
5,14,GRIM,3.0
5,14,Davis: 10,3.0
5,14,Graaskamp: 0.05,2.805
5,14,Downing,3.02
5,14,"Feld: 1.0, 0.5, 200",1.905
5,14,Joss: 0.9,1.255
5,14,Tullock,1.34
5,14,Anonymous,2.615
5,14,Random: 0.5,3.045
5,15,Cu,3.02
5,15,Du,0.995
5,15,Tit For Tat,3.0
5,15,spiteful,3.0
5,15,soft_majo,3.02
5,15,hard_majo,1.03
5,15,per_cd,2.98
5,15,per_ccd,3.42
5,15,per_ddc,2.315
5,15,mistrust,1.03
5,15,WSLS,3.0
5,15,TFTT,3.02
5,15,hard_tft,3.0
5,15,slow_tft,3.02
5,15,GrdTFT,3.0
5,15,prober,2.995
5,15,mem2,3.0
5,15,grok:grok-3-mini,3.0
5,15,Tideman & Chieruzzi,2.98
5,15,Nydegger,3.02
5,15,Grofman,3.02
5,15,Shubik,3.0
5,15,Stein & Rapoport: 0.05,2.98
5,15,GRIM,3.0
5,15,Davis: 10,3.0
5,15,Graaskamp: 0.05,2.775
5,15,Downing,3.02
5,15,"Feld: 1.0, 0.5, 200",1.63
5,15,Joss: 0.9,1.04
5,15,Tullock,2.75
5,15,Anonymous,3.0
5,15,Random: 0.5,2.84
5,16,Cu,3.02
5,16,Du,0.995
5,16,Tit For Tat,3.0
5,16,spiteful,3.0
5,16,soft_majo,3.02
5,16,hard_majo,1.03
5,16,per_cd,2.98
5,16,per_ccd,3.42
5,16,per_ddc,2.315
5,16,mistrust,1.03
5,16,WSLS,3.0
5,16,TFTT,3.02
5,16,hard_tft,3.0
5,16,slow_tft,3.02
5,16,GrdTFT,3.0
5,16,prober,2.995
5,16,mem2,3.0
5,16,grok:grok-3-mini,3.0
5,16,Tideman & Chieruzzi,2.98
5,16,Nydegger,3.02
5,16,Grofman,3.0
5,16,Shubik,3.0
5,16,Stein & Rapoport: 0.05,2.98
5,16,GRIM,3.0
5,16,Davis: 10,3.0
5,16,Graaskamp: 0.05,2.765
5,16,Downing,3.02
5,16,"Feld: 1.0, 0.5, 200",1.565
5,16,Joss: 0.9,1.91
5,16,Tullock,1.235
5,16,Anonymous,2.92
5,16,Random: 0.5,2.685
5,17,Cu,3.02
5,17,Du,0.995
5,17,Tit For Tat,3.0
5,17,spiteful,3.0
5,17,soft_majo,3.02
5,17,hard_majo,1.03
5,17,per_cd,2.98
5,17,per_ccd,3.42
5,17,per_ddc,2.315
5,17,mistrust,1.03
5,17,WSLS,3.0
5,17,TFTT,3.02
5,17,hard_tft,3.0
5,17,slow_tft,3.02
5,17,GrdTFT,3.0
5,17,prober,2.995
5,17,mem2,3.0
5,17,grok:grok-3-mini,3.0
5,17,Tideman & Chieruzzi,2.98
5,17,Nydegger,3.02
5,17,Grofman,3.0
5,17,Shubik,3.0
5,17,Stein & Rapoport: 0.05,2.98
5,17,GRIM,3.0
5,17,Davis: 10,3.0
5,17,Graaskamp: 0.05,2.795
5,17,Downing,3.02
5,17,"Feld: 1.0, 0.5, 200",1.815
5,17,Joss: 0.9,2.03
5,17,Tullock,2.795
5,17,Anonymous,2.855
5,17,Random: 0.5,2.94
5,18,Cu,3.02
5,18,Du,0.995
5,18,Tit For Tat,3.0
5,18,spiteful,3.0
5,18,soft_majo,3.02
5,18,hard_majo,1.03
5,18,per_cd,2.98
5,18,per_ccd,3.42
5,18,per_ddc,2.315
5,18,mistrust,1.03
5,18,WSLS,3.0
5,18,TFTT,3.02
5,18,hard_tft,3.0
5,18,slow_tft,3.02
5,18,GrdTFT,3.0
5,18,prober,2.995
5,18,mem2,3.0
5,18,grok:grok-3-mini,3.0
5,18,Tideman & Chieruzzi,2.98
5,18,Nydegger,3.02
5,18,Grofman,3.0
5,18,Shubik,3.0
5,18,Stein & Rapoport: 0.05,2.98
5,18,GRIM,3.0
5,18,Davis: 10,3.0
5,18,Graaskamp: 0.05,2.78
5,18,Downing,3.02
5,18,"Feld: 1.0, 0.5, 200",1.485
5,18,Joss: 0.9,1.04
5,18,Tullock,2.825
5,18,Anonymous,2.745
5,18,Random: 0.5,2.83
5,19,Cu,3.02
5,19,Du,0.995
5,19,Tit For Tat,3.0
5,19,spiteful,3.0
5,19,soft_majo,3.02
5,19,hard_majo,1.03
5,19,per_cd,2.98
5,19,per_ccd,3.42
5,19,per_ddc,2.315
5,19,mistrust,1.03
5,19,WSLS,3.0
5,19,TFTT,3.02
5,19,hard_tft,3.0
5,19,slow_tft,3.02
5,19,GrdTFT,3.0
5,19,prober,2.995
5,19,mem2,3.0
5,19,grok:grok-3-mini,3.0
5,19,Tideman & Chieruzzi,2.98
5,19,Nydegger,3.02
5,19,Grofman,3.0
5,19,Shubik,3.0
5,19,Stein & Rapoport: 0.05,2.98
5,19,GRIM,3.0
5,19,Davis: 10,3.0
5,19,Graaskamp: 0.05,2.795
5,19,Downing,3.02
5,19,"Feld: 1.0, 0.5, 200",1.325
5,19,Joss: 0.9,1.74
5,19,Tullock,1.43
5,19,Anonymous,2.81
5,19,Random: 0.5,2.76
6,0,Cu,3.02
6,0,Du,0.995
6,0,Tit For Tat,3.0
6,0,spiteful,3.0
6,0,soft_majo,3.02
6,0,hard_majo,1.03
6,0,per_cd,2.98
6,0,per_ccd,3.42
6,0,per_ddc,2.315
6,0,mistrust,1.03
6,0,WSLS,3.0
6,0,TFTT,3.02
6,0,hard_tft,3.0
6,0,slow_tft,3.02
6,0,GrdTFT,3.0
6,0,prober,2.995
6,0,mem2,3.0
6,0,grok:grok-3-mini,3.0
6,0,Tideman & Chieruzzi,2.98
6,0,Nydegger,3.02
6,0,Grofman,3.0
6,0,Shubik,3.0
6,0,Stein & Rapoport: 0.05,2.98
6,0,GRIM,3.0
6,0,Davis: 10,3.0
6,0,Graaskamp: 0.05,2.78
6,0,Downing,3.02
6,0,"Feld: 1.0, 0.5, 200",1.57
6,0,Joss: 0.9,2.12
6,0,Tullock,2.41
6,0,Anonymous,2.67
6,0,Random: 0.5,2.865
6,1,Cu,3.02
6,1,Du,0.995
6,1,Tit For Tat,3.0
6,1,spiteful,3.0
6,1,soft_majo,3.02
6,1,hard_majo,1.03
6,1,per_cd,2.98
6,1,per_ccd,3.42
6,1,per_ddc,2.315
6,1,mistrust,1.03
6,1,WSLS,3.0
6,1,TFTT,3.02
6,1,hard_tft,3.0
6,1,slow_tft,3.02
6,1,GrdTFT,3.0
6,1,prober,2.995
6,1,mem2,3.0
6,1,grok:grok-3-mini,3.0
6,1,Tideman & Chieruzzi,2.98
6,1,Nydegger,3.02
6,1,Grofman,3.02
6,1,Shubik,3.0
6,1,Stein & Rapoport: 0.05,2.98
6,1,GRIM,3.0
6,1,Davis: 10,3.0
6,1,Graaskamp: 0.05,2.81
6,1,Downing,3.02
6,1,"Feld: 1.0, 0.5, 200",1.99
6,1,Joss: 0.9,1.095
6,1,Tullock,1.53
6,1,Anonymous,2.84
6,1,Random: 0.5,2.85
6,2,Cu,3.02
6,2,Du,0.995
6,2,Tit For Tat,3.0
6,2,spiteful,3.0
6,2,soft_majo,3.02
6,2,hard_majo,1.03
6,2,per_cd,2.98
6,2,per_ccd,3.42
6,2,per_ddc,2.315
6,2,mistrust,1.03
6,2,WSLS,3.0
6,2,TFTT,3.02
6,2,hard_tft,3.0
6,2,slow_tft,3.02
6,2,GrdTFT,3.0
6,2,prober,2.995
6,2,mem2,3.0
6,2,grok:grok-3-mini,3.0
6,2,Tideman & Chieruzzi,2.98
6,2,Nydegger,3.02
6,2,Grofman,3.0
6,2,Shubik,3.0
6,2,Stein & Rapoport: 0.05,2.98
6,2,GRIM,3.0
6,2,Davis: 10,3.0
6,2,Graaskamp: 0.05,2.795
6,2,Downing,3.02
6,2,"Feld: 1.0, 0.5, 200",1.635
6,2,Joss: 0.9,1.56
6,2,Tullock,2.79
6,2,Anonymous,2.915
6,2,Random: 0.5,3.005
6,3,Cu,3.02
6,3,Du,0.995
6,3,Tit For Tat,3.0
6,3,spiteful,3.0
6,3,soft_majo,3.02
6,3,hard_majo,1.03
6,3,per_cd,2.98
6,3,per_ccd,3.42
6,3,per_ddc,2.315
6,3,mistrust,1.03
6,3,WSLS,3.0
6,3,TFTT,3.02
6,3,hard_tft,3.0
6,3,slow_tft,3.02
6,3,GrdTFT,3.0
6,3,prober,2.995
6,3,mem2,3.0
6,3,grok:grok-3-mini,3.0
6,3,Tideman & Chieruzzi,2.98
6,3,Nydegger,3.02
6,3,Grofman,3.02
6,3,Shubik,3.0
6,3,Stein & Rapoport: 0.05,2.98
6,3,GRIM,3.0
6,3,Davis: 10,3.0
6,3,Graaskamp: 0.05,2.775
6,3,Downing,3.02
6,3,"Feld: 1.0, 0.5, 200",1.71
6,3,Joss: 0.9,1.185
6,3,Tullock,2.06
6,3,Anonymous,2.71
6,3,Random: 0.5,2.87
6,4,Cu,3.02
6,4,Du,0.995
6,4,Tit For Tat,3.0
6,4,spiteful,3.0
6,4,soft_majo,3.02
6,4,hard_majo,1.03
6,4,per_cd,2.98
6,4,per_ccd,3.42
6,4,per_ddc,2.315
6,4,mistrust,1.03
6,4,WSLS,3.0
6,4,TFTT,3.02
6,4,hard_tft,3.0
6,4,slow_tft,3.02
6,4,GrdTFT,3.0
6,4,prober,2.995
6,4,mem2,3.0
6,4,grok:grok-3-mini,3.0
6,4,Tideman & Chieruzzi,2.98
6,4,Nydegger,3.02
6,4,Grofman,3.0
6,4,Shubik,3.0
6,4,Stein & Rapoport: 0.05,2.98
6,4,GRIM,3.0
6,4,Davis: 10,3.0
6,4,Graaskamp: 0.05,2.795
6,4,Downing,3.02
6,4,"Feld: 1.0, 0.5, 200",1.965
6,4,Joss: 0.9,2.375
6,4,Tullock,1.865
6,4,Anonymous,2.945
6,4,Random: 0.5,2.835
6,5,Cu,3.02
6,5,Du,0.995
6,5,Tit For Tat,3.0
6,5,spiteful,3.0
6,5,soft_majo,3.02
6,5,hard_majo,1.03
6,5,per_cd,2.98
6,5,per_ccd,3.42
6,5,per_ddc,2.315
6,5,mistrust,1.03
6,5,WSLS,3.0
6,5,TFTT,3.02
6,5,hard_tft,3.0
6,5,slow_tft,3.02
6,5,GrdTFT,3.0
6,5,prober,2.995
6,5,mem2,3.0
6,5,grok:grok-3-mini,3.0
6,5,Tideman & Chieruzzi,2.98
6,5,Nydegger,3.02
6,5,Grofman,3.0
6,5,Shubik,3.0
6,5,Stein & Rapoport: 0.05,2.98
6,5,GRIM,3.0
6,5,Davis: 10,3.0
6,5,Graaskamp: 0.05,2.79
6,5,Downing,3.02
6,5,"Feld: 1.0, 0.5, 200",1.615
6,5,Joss: 0.9,1.635
6,5,Tullock,1.87
6,5,Anonymous,2.905
6,5,Random: 0.5,2.99
6,6,Cu,3.02
6,6,Du,0.995
6,6,Tit For Tat,3.0
6,6,spiteful,3.0
6,6,soft_majo,3.02
6,6,hard_majo,1.03
6,6,per_cd,2.98
6,6,per_ccd,3.42
6,6,per_ddc,2.315
6,6,mistrust,1.03
6,6,WSLS,3.0
6,6,TFTT,3.02
6,6,hard_tft,3.0
6,6,slow_tft,3.02
6,6,GrdTFT,3.0
6,6,prober,2.995
6,6,mem2,3.0
6,6,grok:grok-3-mini,3.0
6,6,Tideman & Chieruzzi,2.98
6,6,Nydegger,3.02
6,6,Grofman,3.0
6,6,Shubik,3.0
6,6,Stein & Rapoport: 0.05,2.98
6,6,GRIM,3.0
6,6,Davis: 10,3.0
6,6,Graaskamp: 0.05,2.81
6,6,Downing,3.02
6,6,"Feld: 1.0, 0.5, 200",1.265
6,6,Joss: 0.9,1.065
6,6,Tullock,1.445
6,6,Anonymous,2.71
6,6,Random: 0.5,2.985
6,7,Cu,3.02
6,7,Du,0.995
6,7,Tit For Tat,3.0
6,7,spiteful,3.0
6,7,soft_majo,3.02
6,7,hard_majo,1.03
6,7,per_cd,2.98
6,7,per_ccd,3.42
6,7,per_ddc,2.315
6,7,mistrust,1.03
6,7,WSLS,3.0
6,7,TFTT,3.02
6,7,hard_tft,3.0
6,7,slow_tft,3.02
6,7,GrdTFT,3.0
6,7,prober,2.995
6,7,mem2,3.0
6,7,grok:grok-3-mini,3.0
6,7,Tideman & Chieruzzi,2.98
6,7,Nydegger,3.02
6,7,Grofman,3.02
6,7,Shubik,3.0
6,7,Stein & Rapoport: 0.05,2.98
6,7,GRIM,3.0
6,7,Davis: 10,3.0
6,7,Graaskamp: 0.05,2.775
6,7,Downing,3.02
6,7,"Feld: 1.0, 0.5, 200",1.76
6,7,Joss: 0.9,1.29
6,7,Tullock,2.435
6,7,Anonymous,2.95
6,7,Random: 0.5,2.975
6,8,Cu,3.02
6,8,Du,0.995
6,8,Tit For Tat,3.0
6,8,spiteful,3.0
6,8,soft_majo,3.02
6,8,hard_majo,1.03
6,8,per_cd,2.98
6,8,per_ccd,3.42
6,8,per_ddc,2.315
6,8,mistrust,1.03
6,8,WSLS,3.0
6,8,TFTT,3.02
6,8,hard_tft,3.0
6,8,slow_tft,3.02
6,8,GrdTFT,3.0
6,8,prober,2.995
6,8,mem2,3.0
6,8,grok:grok-3-mini,3.0
6,8,Tideman & Chieruzzi,2.98
6,8,Nydegger,3.02
6,8,Grofman,3.0
6,8,Shubik,3.0
6,8,Stein & Rapoport: 0.05,2.98
6,8,GRIM,3.0
6,8,Davis: 10,3.0
6,8,Graaskamp: 0.05,2.81
6,8,Downing,3.02
6,8,"Feld: 1.0, 0.5, 200",1.555
6,8,Joss: 0.9,1.225
6,8,Tullock,2.375
6,8,Anonymous,2.955
6,8,Random: 0.5,3.015
6,9,Cu,3.02
6,9,Du,0.995
6,9,Tit For Tat,3.0
6,9,spiteful,3.0
6,9,soft_majo,3.02
6,9,hard_majo,1.03
6,9,per_cd,2.98
6,9,per_ccd,3.42
6,9,per_ddc,2.315
6,9,mistrust,1.03
6,9,WSLS,3.0
6,9,TFTT,3.02
6,9,hard_tft,3.0
6,9,slow_tft,3.02
6,9,GrdTFT,3.0
6,9,prober,2.995
6,9,mem2,3.0
6,9,grok:grok-3-mini,3.0
6,9,Tideman & Chieruzzi,2.98
6,9,Nydegger,3.02
6,9,Grofman,3.02
6,9,Shubik,3.0
6,9,Stein & Rapoport: 0.05,2.98
6,9,GRIM,3.0
6,9,Davis: 10,3.0
6,9,Graaskamp: 0.05,2.81
6,9,Downing,3.02
6,9,"Feld: 1.0, 0.5, 200",1.58
6,9,Joss: 0.9,1.505
6,9,Tullock,1.555
6,9,Anonymous,2.945
6,9,Random: 0.5,2.76
6,10,Cu,3.02
6,10,Du,0.995
6,10,Tit For Tat,3.0
6,10,spiteful,3.0
6,10,soft_majo,3.02
6,10,hard_majo,1.03
6,10,per_cd,2.98
6,10,per_ccd,3.42
6,10,per_ddc,2.315
6,10,mistrust,1.03
6,10,WSLS,3.0
6,10,TFTT,3.02
6,10,hard_tft,3.0
6,10,slow_tft,3.02
6,10,GrdTFT,3.0
6,10,prober,2.995
6,10,mem2,3.0
6,10,grok:grok-3-mini,3.0
6,10,Tideman & Chieruzzi,2.98
6,10,Nydegger,3.02
6,10,Grofman,3.0
6,10,Shubik,3.0
6,10,Stein & Rapoport: 0.05,2.98
6,10,GRIM,3.0
6,10,Davis: 10,3.0
6,10,Graaskamp: 0.05,2.795
6,10,Downing,3.02
6,10,"Feld: 1.0, 0.5, 200",1.37
6,10,Joss: 0.9,1.325
6,10,Tullock,2.72
6,10,Anonymous,3.015
6,10,Random: 0.5,2.805
6,11,Cu,3.02
6,11,Du,0.995
6,11,Tit For Tat,3.0
6,11,spiteful,3.0
6,11,soft_majo,3.02
6,11,hard_majo,1.03
6,11,per_cd,2.98
6,11,per_ccd,3.42
6,11,per_ddc,2.315
6,11,mistrust,1.03
6,11,WSLS,3.0
6,11,TFTT,3.02
6,11,hard_tft,3.0
6,11,slow_tft,3.02
6,11,GrdTFT,3.0
6,11,prober,2.995
6,11,mem2,3.0
6,11,grok:grok-3-mini,3.0
6,11,Tideman & Chieruzzi,2.98
6,11,Nydegger,3.02
6,11,Grofman,3.02
6,11,Shubik,3.0
6,11,Stein & Rapoport: 0.05,2.98
6,11,GRIM,3.0
6,11,Davis: 10,3.0
6,11,Graaskamp: 0.05,2.825
6,11,Downing,3.02
6,11,"Feld: 1.0, 0.5, 200",1.625
6,11,Joss: 0.9,1.38
6,11,Tullock,1.22
6,11,Anonymous,2.855
6,11,Random: 0.5,2.96
6,12,Cu,3.02
6,12,Du,0.995
6,12,Tit For Tat,3.0
6,12,spiteful,3.0
6,12,soft_majo,3.02
6,12,hard_majo,1.03
6,12,per_cd,2.98
6,12,per_ccd,3.42
6,12,per_ddc,2.315
6,12,mistrust,1.03
6,12,WSLS,3.0
6,12,TFTT,3.02
6,12,hard_tft,3.0
6,12,slow_tft,3.02
6,12,GrdTFT,3.0
6,12,prober,2.995
6,12,mem2,3.0
6,12,grok:grok-3-mini,3.0
6,12,Tideman & Chieruzzi,2.98
6,12,Nydegger,3.02
6,12,Grofman,3.0
6,12,Shubik,3.0
6,12,Stein & Rapoport: 0.05,2.98
6,12,GRIM,3.0
6,12,Davis: 10,3.0
6,12,Graaskamp: 0.05,2.78
6,12,Downing,3.02
6,12,"Feld: 1.0, 0.5, 200",1.41
6,12,Joss: 0.9,2.255
6,12,Tullock,1.37
6,12,Anonymous,2.915
6,12,Random: 0.5,2.915
6,13,Cu,3.02
6,13,Du,0.995
6,13,Tit For Tat,3.0
6,13,spiteful,3.0
6,13,soft_majo,3.02
6,13,hard_majo,1.03
6,13,per_cd,2.98
6,13,per_ccd,3.42
6,13,per_ddc,2.315
6,13,mistrust,1.03
6,13,WSLS,3.0
6,13,TFTT,3.02
6,13,hard_tft,3.0
6,13,slow_tft,3.02
6,13,GrdTFT,3.0
6,13,prober,2.995
6,13,mem2,3.0
6,13,grok:grok-3-mini,3.0
6,13,Tideman & Chieruzzi,2.98
6,13,Nydegger,3.02
6,13,Grofman,3.0
6,13,Shubik,3.0
6,13,Stein & Rapoport: 0.05,2.98
6,13,GRIM,3.0
6,13,Davis: 10,3.0
6,13,Graaskamp: 0.05,2.825
6,13,Downing,3.02
6,13,"Feld: 1.0, 0.5, 200",2.02
6,13,Joss: 0.9,1.05
6,13,Tullock,2.7
6,13,Anonymous,2.715
6,13,Random: 0.5,3.0
6,14,Cu,3.02
6,14,Du,0.995
6,14,Tit For Tat,3.0
6,14,spiteful,3.0
6,14,soft_majo,3.02
6,14,hard_majo,1.03
6,14,per_cd,2.98
6,14,per_ccd,3.42
6,14,per_ddc,2.315
6,14,mistrust,1.03
6,14,WSLS,3.0
6,14,TFTT,3.02
6,14,hard_tft,3.0
6,14,slow_tft,3.02
6,14,GrdTFT,3.0
6,14,prober,2.995
6,14,mem2,3.0
6,14,grok:grok-3-mini,3.0
6,14,Tideman & Chieruzzi,2.98
6,14,Nydegger,3.02
6,14,Grofman,3.0
6,14,Shubik,3.0
6,14,Stein & Rapoport: 0.05,2.98
6,14,GRIM,3.0
6,14,Davis: 10,3.0
6,14,Graaskamp: 0.05,2.825
6,14,Downing,3.02
6,14,"Feld: 1.0, 0.5, 200",1.675
6,14,Joss: 0.9,1.3
6,14,Tullock,2.735
6,14,Anonymous,3.02
6,14,Random: 0.5,2.66
6,15,Cu,3.02
6,15,Du,0.995
6,15,Tit For Tat,3.0
6,15,spiteful,3.0
6,15,soft_majo,3.02
6,15,hard_majo,1.03
6,15,per_cd,2.98
6,15,per_ccd,3.42
6,15,per_ddc,2.315
6,15,mistrust,1.03
6,15,WSLS,3.0
6,15,TFTT,3.02
6,15,hard_tft,3.0
6,15,slow_tft,3.02
6,15,GrdTFT,3.0
6,15,prober,2.995
6,15,mem2,3.0
6,15,grok:grok-3-mini,3.0
6,15,Tideman & Chieruzzi,2.98
6,15,Nydegger,3.02
6,15,Grofman,3.02
6,15,Shubik,3.0
6,15,Stein & Rapoport: 0.05,2.98
6,15,GRIM,3.0
6,15,Davis: 10,3.0
6,15,Graaskamp: 0.05,2.81
6,15,Downing,3.02
6,15,"Feld: 1.0, 0.5, 200",1.565
6,15,Joss: 0.9,1.04
6,15,Tullock,2.265
6,15,Anonymous,3.005
6,15,Random: 0.5,2.955
6,16,Cu,3.02
6,16,Du,0.995
6,16,Tit For Tat,3.0
6,16,spiteful,3.0
6,16,soft_majo,3.02
6,16,hard_majo,1.03
6,16,per_cd,2.98
6,16,per_ccd,3.42
6,16,per_ddc,2.315
6,16,mistrust,1.03
6,16,WSLS,3.0
6,16,TFTT,3.02
6,16,hard_tft,3.0
6,16,slow_tft,3.02
6,16,GrdTFT,3.0
6,16,prober,2.995
6,16,mem2,3.0
6,16,grok:grok-3-mini,3.0
6,16,Tideman & Chieruzzi,2.98
6,16,Nydegger,3.02
6,16,Grofman,3.02
6,16,Shubik,3.0
6,16,Stein & Rapoport: 0.05,2.98
6,16,GRIM,3.0
6,16,Davis: 10,3.0
6,16,Graaskamp: 0.05,2.79
6,16,Downing,3.02
6,16,"Feld: 1.0, 0.5, 200",1.63
6,16,Joss: 0.9,1.77
6,16,Tullock,2.85
6,16,Anonymous,2.93
6,16,Random: 0.5,2.91
6,17,Cu,3.02
6,17,Du,0.995
6,17,Tit For Tat,3.0
6,17,spiteful,3.0
6,17,soft_majo,3.02
6,17,hard_majo,1.03
6,17,per_cd,2.98
6,17,per_ccd,3.42
6,17,per_ddc,2.315
6,17,mistrust,1.03
6,17,WSLS,3.0
6,17,TFTT,3.02
6,17,hard_tft,3.0
6,17,slow_tft,3.02
6,17,GrdTFT,3.0
6,17,prober,2.995
6,17,mem2,3.0
6,17,grok:grok-3-mini,3.0
6,17,Tideman & Chieruzzi,2.98
6,17,Nydegger,3.02
6,17,Grofman,3.02
6,17,Shubik,3.0
6,17,Stein & Rapoport: 0.05,2.98
6,17,GRIM,3.0
6,17,Davis: 10,3.0
6,17,Graaskamp: 0.05,2.78
6,17,Downing,3.02
6,17,"Feld: 1.0, 0.5, 200",1.765
6,17,Joss: 0.9,1.03
6,17,Tullock,1.175
6,17,Anonymous,2.855
6,17,Random: 0.5,2.86
6,18,Cu,3.02
6,18,Du,0.995
6,18,Tit For Tat,3.0
6,18,spiteful,3.0
6,18,soft_majo,3.02
6,18,hard_majo,1.03
6,18,per_cd,2.98
6,18,per_ccd,3.42
6,18,per_ddc,2.315
6,18,mistrust,1.03
6,18,WSLS,3.0
6,18,TFTT,3.02
6,18,hard_tft,3.0
6,18,slow_tft,3.02
6,18,GrdTFT,3.0
6,18,prober,2.995
6,18,mem2,3.0
6,18,grok:grok-3-mini,3.0
6,18,Tideman & Chieruzzi,2.98
6,18,Nydegger,3.02
6,18,Grofman,3.02
6,18,Shubik,3.0
6,18,Stein & Rapoport: 0.05,2.98
6,18,GRIM,3.0
6,18,Davis: 10,3.0
6,18,Graaskamp: 0.05,2.81
6,18,Downing,3.02
6,18,"Feld: 1.0, 0.5, 200",1.625
6,18,Joss: 0.9,2.685
6,18,Tullock,1.62
6,18,Anonymous,2.92
6,18,Random: 0.5,2.74
6,19,Cu,3.02
6,19,Du,0.995
6,19,Tit For Tat,3.0
6,19,spiteful,3.0
6,19,soft_majo,3.02
6,19,hard_majo,1.03
6,19,per_cd,2.98
6,19,per_ccd,3.42
6,19,per_ddc,2.315
6,19,mistrust,1.03
6,19,WSLS,3.0
6,19,TFTT,3.02
6,19,hard_tft,3.0
6,19,slow_tft,3.02
6,19,GrdTFT,3.0
6,19,prober,2.995
6,19,mem2,3.0
6,19,grok:grok-3-mini,3.0
6,19,Tideman & Chieruzzi,2.98
6,19,Nydegger,3.02
6,19,Grofman,3.02
6,19,Shubik,3.0
6,19,Stein & Rapoport: 0.05,2.98
6,19,GRIM,3.0
6,19,Davis: 10,3.0
6,19,Graaskamp: 0.05,2.795
6,19,Downing,3.02
6,19,"Feld: 1.0, 0.5, 200",1.66
6,19,Joss: 0.9,1.725
6,19,Tullock,1.19
6,19,Anonymous,2.935
6,19,Random: 0.5,2.65
7,0,Cu,3.02
7,0,Du,0.995
7,0,Tit For Tat,3.0
7,0,spiteful,3.0
7,0,soft_majo,3.02
7,0,hard_majo,1.03
7,0,per_cd,2.98
7,0,per_ccd,3.42
7,0,per_ddc,2.315
7,0,mistrust,1.03
7,0,WSLS,3.0
7,0,TFTT,3.02
7,0,hard_tft,3.0
7,0,slow_tft,3.02
7,0,GrdTFT,3.0
7,0,prober,2.995
7,0,mem2,3.0
7,0,grok:grok-3-mini,3.0
7,0,Tideman & Chieruzzi,2.98
7,0,Nydegger,3.02
7,0,Grofman,3.0
7,0,Shubik,3.0
7,0,Stein & Rapoport: 0.05,2.98
7,0,GRIM,3.0
7,0,Davis: 10,3.0
7,0,Graaskamp: 0.05,2.78
7,0,Downing,3.02
7,0,"Feld: 1.0, 0.5, 200",1.745
7,0,Joss: 0.9,1.05
7,0,Tullock,2.33
7,0,Anonymous,2.78
7,0,Random: 0.5,2.935
7,1,Cu,3.02
7,1,Du,0.995
7,1,Tit For Tat,3.0
7,1,spiteful,3.0
7,1,soft_majo,3.02
7,1,hard_majo,1.03
7,1,per_cd,2.98
7,1,per_ccd,3.42
7,1,per_ddc,2.315
7,1,mistrust,1.03
7,1,WSLS,3.0
7,1,TFTT,3.02
7,1,hard_tft,3.0
7,1,slow_tft,3.02
7,1,GrdTFT,3.0
7,1,prober,2.995
7,1,mem2,3.0
7,1,grok:grok-3-mini,3.0
7,1,Tideman & Chieruzzi,2.98
7,1,Nydegger,3.02
7,1,Grofman,3.02
7,1,Shubik,3.0
7,1,Stein & Rapoport: 0.05,2.98
7,1,GRIM,3.0
7,1,Davis: 10,3.0
7,1,Graaskamp: 0.05,2.795
7,1,Downing,3.02
7,1,"Feld: 1.0, 0.5, 200",1.655
7,1,Joss: 0.9,1.185
7,1,Tullock,2.33
7,1,Anonymous,2.68
7,1,Random: 0.5,2.84
7,2,Cu,3.02
7,2,Du,0.995
7,2,Tit For Tat,3.0
7,2,spiteful,3.0
7,2,soft_majo,3.02
7,2,hard_majo,1.03
7,2,per_cd,2.98
7,2,per_ccd,3.42
7,2,per_ddc,2.315
7,2,mistrust,1.03
7,2,WSLS,3.0
7,2,TFTT,3.02
7,2,hard_tft,3.0
7,2,slow_tft,3.02
7,2,GrdTFT,3.0
7,2,prober,2.995
7,2,mem2,3.0
7,2,grok:grok-3-mini,3.0
7,2,Tideman & Chieruzzi,2.98
7,2,Nydegger,3.02
7,2,Grofman,3.0
7,2,Shubik,3.0
7,2,Stein & Rapoport: 0.05,2.98
7,2,GRIM,3.0
7,2,Davis: 10,3.0
7,2,Graaskamp: 0.05,2.81
7,2,Downing,3.02
7,2,"Feld: 1.0, 0.5, 200",1.565
7,2,Joss: 0.9,1.02
7,2,Tullock,1.375
7,2,Anonymous,2.895
7,2,Random: 0.5,2.95
7,3,Cu,3.02
7,3,Du,0.995
7,3,Tit For Tat,3.0
7,3,spiteful,3.0
7,3,soft_majo,3.02
7,3,hard_majo,1.03
7,3,per_cd,2.98
7,3,per_ccd,3.42
7,3,per_ddc,2.315
7,3,mistrust,1.03
7,3,WSLS,3.0
7,3,TFTT,3.02
7,3,hard_tft,3.0
7,3,slow_tft,3.02
7,3,GrdTFT,3.0
7,3,prober,2.995
7,3,mem2,3.0
7,3,grok:grok-3-mini,3.0
7,3,Tideman & Chieruzzi,2.98
7,3,Nydegger,3.02
7,3,Grofman,3.0
7,3,Shubik,3.0
7,3,Stein & Rapoport: 0.05,2.98
7,3,GRIM,3.0
7,3,Davis: 10,3.0
7,3,Graaskamp: 0.05,2.795
7,3,Downing,3.02
7,3,"Feld: 1.0, 0.5, 200",1.67
7,3,Joss: 0.9,1.715
7,3,Tullock,1.78
7,3,Anonymous,2.685
7,3,Random: 0.5,2.865
7,4,Cu,3.02
7,4,Du,0.995
7,4,Tit For Tat,3.0
7,4,spiteful,3.0
7,4,soft_majo,3.02
7,4,hard_majo,1.03
7,4,per_cd,2.98
7,4,per_ccd,3.42
7,4,per_ddc,2.315
7,4,mistrust,1.03
7,4,WSLS,3.0
7,4,TFTT,3.02
7,4,hard_tft,3.0
7,4,slow_tft,3.02
7,4,GrdTFT,3.0
7,4,prober,2.995
7,4,mem2,3.0
7,4,grok:grok-3-mini,3.0
7,4,Tideman & Chieruzzi,2.98
7,4,Nydegger,3.02
7,4,Grofman,3.0
7,4,Shubik,3.0
7,4,Stein & Rapoport: 0.05,2.98
7,4,GRIM,3.0
7,4,Davis: 10,3.0
7,4,Graaskamp: 0.05,2.795
7,4,Downing,3.02
7,4,"Feld: 1.0, 0.5, 200",2.075
7,4,Joss: 0.9,1.68
7,4,Tullock,2.005
7,4,Anonymous,2.895
7,4,Random: 0.5,2.8
7,5,Cu,3.02
7,5,Du,0.995
7,5,Tit For Tat,3.0
7,5,spiteful,3.0
7,5,soft_majo,3.02
7,5,hard_majo,1.03
7,5,per_cd,2.98
7,5,per_ccd,3.42
7,5,per_ddc,2.315
7,5,mistrust,1.03
7,5,WSLS,3.0
7,5,TFTT,3.02
7,5,hard_tft,3.0
7,5,slow_tft,3.02
7,5,GrdTFT,3.0
7,5,prober,2.995
7,5,mem2,3.0
7,5,grok:grok-3-mini,3.0
7,5,Tideman & Chieruzzi,2.98
7,5,Nydegger,3.02
7,5,Grofman,3.0
7,5,Shubik,3.0
7,5,Stein & Rapoport: 0.05,2.98
7,5,GRIM,3.0
7,5,Davis: 10,3.0
7,5,Graaskamp: 0.05,2.825
7,5,Downing,3.02
7,5,"Feld: 1.0, 0.5, 200",1.57
7,5,Joss: 0.9,1.04
7,5,Tullock,1.775
7,5,Anonymous,2.755
7,5,Random: 0.5,2.865
7,6,Cu,3.02
7,6,Du,0.995
7,6,Tit For Tat,3.0
7,6,spiteful,3.0
7,6,soft_majo,3.02
7,6,hard_majo,1.03
7,6,per_cd,2.98
7,6,per_ccd,3.42
7,6,per_ddc,2.315
7,6,mistrust,1.03
7,6,WSLS,3.0
7,6,TFTT,3.02
7,6,hard_tft,3.0
7,6,slow_tft,3.02
7,6,GrdTFT,3.0
7,6,prober,2.995
7,6,mem2,3.0
7,6,grok:grok-3-mini,3.0
7,6,Tideman & Chieruzzi,2.98
7,6,Nydegger,3.02
7,6,Grofman,3.02
7,6,Shubik,3.0
7,6,Stein & Rapoport: 0.05,2.98
7,6,GRIM,3.0
7,6,Davis: 10,3.0
7,6,Graaskamp: 0.05,2.81
7,6,Downing,3.02
7,6,"Feld: 1.0, 0.5, 200",1.835
7,6,Joss: 0.9,1.58
7,6,Tullock,2.76
7,6,Anonymous,2.86
7,6,Random: 0.5,2.95
7,7,Cu,3.02
7,7,Du,0.995
7,7,Tit For Tat,3.0
7,7,spiteful,3.0
7,7,soft_majo,3.02
7,7,hard_majo,1.03
7,7,per_cd,2.98
7,7,per_ccd,3.42
7,7,per_ddc,2.315
7,7,mistrust,1.03
7,7,WSLS,3.0
7,7,TFTT,3.02
7,7,hard_tft,3.0
7,7,slow_tft,3.02
7,7,GrdTFT,3.0
7,7,prober,2.995
7,7,mem2,3.0
7,7,grok:grok-3-mini,3.0
7,7,Tideman & Chieruzzi,2.98
7,7,Nydegger,3.02
7,7,Grofman,3.02
7,7,Shubik,3.0
7,7,Stein & Rapoport: 0.05,2.98
7,7,GRIM,3.0
7,7,Davis: 10,3.0
7,7,Graaskamp: 0.05,2.825
7,7,Downing,3.02
7,7,"Feld: 1.0, 0.5, 200",1.755
7,7,Joss: 0.9,1.61
7,7,Tullock,1.335
7,7,Anonymous,2.88
7,7,Random: 0.5,2.965
7,8,Cu,3.02
7,8,Du,0.995
7,8,Tit For Tat,3.0
7,8,spiteful,3.0
7,8,soft_majo,3.02
7,8,hard_majo,1.03
7,8,per_cd,2.98
7,8,per_ccd,3.42
7,8,per_ddc,2.315
7,8,mistrust,1.03
7,8,WSLS,3.0
7,8,TFTT,3.02
7,8,hard_tft,3.0
7,8,slow_tft,3.02
7,8,GrdTFT,3.0
7,8,prober,2.995
7,8,mem2,3.0
7,8,grok:grok-3-mini,3.0
7,8,Tideman & Chieruzzi,2.98
7,8,Nydegger,3.02
7,8,Grofman,3.0
7,8,Shubik,3.0
7,8,Stein & Rapoport: 0.05,2.98
7,8,GRIM,3.0
7,8,Davis: 10,3.0
7,8,Graaskamp: 0.05,2.825
7,8,Downing,3.02
7,8,"Feld: 1.0, 0.5, 200",1.4
7,8,Joss: 0.9,1.075
7,8,Tullock,1.175
7,8,Anonymous,2.91
7,8,Random: 0.5,2.8
7,9,Cu,3.02
7,9,Du,0.995
7,9,Tit For Tat,3.0
7,9,spiteful,3.0
7,9,soft_majo,3.02
7,9,hard_majo,1.03
7,9,per_cd,2.98
7,9,per_ccd,3.42
7,9,per_ddc,2.315
7,9,mistrust,1.03
7,9,WSLS,3.0
7,9,TFTT,3.02
7,9,hard_tft,3.0
7,9,slow_tft,3.02
7,9,GrdTFT,3.0
7,9,prober,2.995
7,9,mem2,3.0
7,9,grok:grok-3-mini,3.0
7,9,Tideman & Chieruzzi,2.98
7,9,Nydegger,3.02
7,9,Grofman,3.0
7,9,Shubik,3.0
7,9,Stein & Rapoport: 0.05,2.98
7,9,GRIM,3.0
7,9,Davis: 10,3.0
7,9,Graaskamp: 0.05,2.81
7,9,Downing,3.02
7,9,"Feld: 1.0, 0.5, 200",1.22
7,9,Joss: 0.9,1.44
7,9,Tullock,1.9
7,9,Anonymous,2.965
7,9,Random: 0.5,2.925
7,10,Cu,3.02
7,10,Du,0.995
7,10,Tit For Tat,3.0
7,10,spiteful,3.0
7,10,soft_majo,3.02
7,10,hard_majo,1.03
7,10,per_cd,2.98
7,10,per_ccd,3.42
7,10,per_ddc,2.315
7,10,mistrust,1.03
7,10,WSLS,3.0
7,10,TFTT,3.02
7,10,hard_tft,3.0
7,10,slow_tft,3.02
7,10,GrdTFT,3.0
7,10,prober,2.995
7,10,mem2,3.0
7,10,grok:grok-3-mini,3.0
7,10,Tideman & Chieruzzi,2.98
7,10,Nydegger,3.02
7,10,Grofman,3.0
7,10,Shubik,3.0
7,10,Stein & Rapoport: 0.05,2.98
7,10,GRIM,3.0
7,10,Davis: 10,3.0
7,10,Graaskamp: 0.05,2.825
7,10,Downing,3.02
7,10,"Feld: 1.0, 0.5, 200",1.6
7,10,Joss: 0.9,1.12
7,10,Tullock,2.865
7,10,Anonymous,2.74
7,10,Random: 0.5,2.75
7,11,Cu,3.02
7,11,Du,0.995
7,11,Tit For Tat,3.0
7,11,spiteful,3.0
7,11,soft_majo,3.02
7,11,hard_majo,1.03
7,11,per_cd,2.98
7,11,per_ccd,3.42
7,11,per_ddc,2.315
7,11,mistrust,1.03
7,11,WSLS,3.0
7,11,TFTT,3.02
7,11,hard_tft,3.0
7,11,slow_tft,3.02
7,11,GrdTFT,3.0
7,11,prober,2.995
7,11,mem2,3.0
7,11,grok:grok-3-mini,3.0
7,11,Tideman & Chieruzzi,2.98
7,11,Nydegger,3.02
7,11,Grofman,3.02
7,11,Shubik,3.0
7,11,Stein & Rapoport: 0.05,2.98
7,11,GRIM,3.0
7,11,Davis: 10,3.0
7,11,Graaskamp: 0.05,2.795
7,11,Downing,3.02
7,11,"Feld: 1.0, 0.5, 200",1.25
7,11,Joss: 0.9,1.015
7,11,Tullock,2.745
7,11,Anonymous,2.87
7,11,Random: 0.5,2.855
7,12,Cu,3.02
7,12,Du,0.995
7,12,Tit For Tat,3.0
7,12,spiteful,3.0
7,12,soft_majo,3.02
7,12,hard_majo,1.03
7,12,per_cd,2.98
7,12,per_ccd,3.42
7,12,per_ddc,2.315
7,12,mistrust,1.03
7,12,WSLS,3.0
7,12,TFTT,3.02
7,12,hard_tft,3.0
7,12,slow_tft,3.02
7,12,GrdTFT,3.0
7,12,prober,2.995
7,12,mem2,3.0
7,12,grok:grok-3-mini,3.0
7,12,Tideman & Chieruzzi,2.98
7,12,Nydegger,3.02
7,12,Grofman,3.02
7,12,Shubik,3.0
7,12,Stein & Rapoport: 0.05,2.98
7,12,GRIM,3.0
7,12,Davis: 10,3.0
7,12,Graaskamp: 0.05,2.81
7,12,Downing,3.02
7,12,"Feld: 1.0, 0.5, 200",1.05
7,12,Joss: 0.9,2.645
7,12,Tullock,2.765
7,12,Anonymous,2.94
7,12,Random: 0.5,2.75
7,13,Cu,3.02
7,13,Du,0.995
7,13,Tit For Tat,3.0
7,13,spiteful,3.0
7,13,soft_majo,3.02
7,13,hard_majo,1.03
7,13,per_cd,2.98
7,13,per_ccd,3.42
7,13,per_ddc,2.315
7,13,mistrust,1.03
7,13,WSLS,3.0
7,13,TFTT,3.02
7,13,hard_tft,3.0
7,13,slow_tft,3.02
7,13,GrdTFT,3.0
7,13,prober,2.995
7,13,mem2,3.0
7,13,grok:grok-3-mini,3.0
7,13,Tideman & Chieruzzi,2.98
7,13,Nydegger,3.02
7,13,Grofman,3.02
7,13,Shubik,3.0
7,13,Stein & Rapoport: 0.05,2.98
7,13,GRIM,3.0
7,13,Davis: 10,3.0
7,13,Graaskamp: 0.05,2.82
7,13,Downing,3.02
7,13,"Feld: 1.0, 0.5, 200",1.29
7,13,Joss: 0.9,2.805
7,13,Tullock,2.14
7,13,Anonymous,2.97
7,13,Random: 0.5,3.11
7,14,Cu,3.02
7,14,Du,0.995
7,14,Tit For Tat,3.0
7,14,spiteful,3.0
7,14,soft_majo,3.02
7,14,hard_majo,1.03
7,14,per_cd,2.98
7,14,per_ccd,3.42
7,14,per_ddc,2.315
7,14,mistrust,1.03
7,14,WSLS,3.0
7,14,TFTT,3.02
7,14,hard_tft,3.0
7,14,slow_tft,3.02
7,14,GrdTFT,3.0
7,14,prober,2.995
7,14,mem2,3.0
7,14,grok:grok-3-mini,3.0
7,14,Tideman & Chieruzzi,2.98
7,14,Nydegger,3.02
7,14,Grofman,3.0
7,14,Shubik,3.0
7,14,Stein & Rapoport: 0.05,2.98
7,14,GRIM,3.0
7,14,Davis: 10,3.0
7,14,Graaskamp: 0.05,2.805
7,14,Downing,3.02
7,14,"Feld: 1.0, 0.5, 200",1.695
7,14,Joss: 0.9,1.635
7,14,Tullock,2.81
7,14,Anonymous,2.795
7,14,Random: 0.5,3.075
7,15,Cu,3.02
7,15,Du,0.995
7,15,Tit For Tat,3.0
7,15,spiteful,3.0
7,15,soft_majo,3.02
7,15,hard_majo,1.03
7,15,per_cd,2.98
7,15,per_ccd,3.42
7,15,per_ddc,2.315
7,15,mistrust,1.03
7,15,WSLS,3.0
7,15,TFTT,3.02
7,15,hard_tft,3.0
7,15,slow_tft,3.02
7,15,GrdTFT,3.0
7,15,prober,2.995
7,15,mem2,3.0
7,15,grok:grok-3-mini,3.0
7,15,Tideman & Chieruzzi,2.98
7,15,Nydegger,3.02
7,15,Grofman,3.0
7,15,Shubik,3.0
7,15,Stein & Rapoport: 0.05,2.98
7,15,GRIM,3.0
7,15,Davis: 10,3.0
7,15,Graaskamp: 0.05,2.81
7,15,Downing,3.02
7,15,"Feld: 1.0, 0.5, 200",1.31
7,15,Joss: 0.9,2.775
7,15,Tullock,2.855
7,15,Anonymous,2.945
7,15,Random: 0.5,3.03
7,16,Cu,3.02
7,16,Du,0.995
7,16,Tit For Tat,3.0
7,16,spiteful,3.0
7,16,soft_majo,3.02
7,16,hard_majo,1.03
7,16,per_cd,2.98
7,16,per_ccd,3.42
7,16,per_ddc,2.315
7,16,mistrust,1.03
7,16,WSLS,3.0
7,16,TFTT,3.02
7,16,hard_tft,3.0
7,16,slow_tft,3.02
7,16,GrdTFT,3.0
7,16,prober,2.995
7,16,mem2,3.0
7,16,grok:grok-3-mini,3.0
7,16,Tideman & Chieruzzi,2.98
7,16,Nydegger,3.02
7,16,Grofman,3.0
7,16,Shubik,3.0
7,16,Stein & Rapoport: 0.05,2.98
7,16,GRIM,3.0
7,16,Davis: 10,3.0
7,16,Graaskamp: 0.05,2.795
7,16,Downing,3.02
7,16,"Feld: 1.0, 0.5, 200",1.575
7,16,Joss: 0.9,2.1
7,16,Tullock,1.52
7,16,Anonymous,3.06
7,16,Random: 0.5,2.715
7,17,Cu,3.02
7,17,Du,0.995
7,17,Tit For Tat,3.0
7,17,spiteful,3.0
7,17,soft_majo,3.02
7,17,hard_majo,1.03
7,17,per_cd,2.98
7,17,per_ccd,3.42
7,17,per_ddc,2.315
7,17,mistrust,1.03
7,17,WSLS,3.0
7,17,TFTT,3.02
7,17,hard_tft,3.0
7,17,slow_tft,3.02
7,17,GrdTFT,3.0
7,17,prober,2.995
7,17,mem2,3.0
7,17,grok:grok-3-mini,3.0
7,17,Tideman & Chieruzzi,2.98
7,17,Nydegger,3.02
7,17,Grofman,3.0
7,17,Shubik,3.0
7,17,Stein & Rapoport: 0.05,2.98
7,17,GRIM,3.0
7,17,Davis: 10,3.0
7,17,Graaskamp: 0.05,2.81
7,17,Downing,3.02
7,17,"Feld: 1.0, 0.5, 200",2.08
7,17,Joss: 0.9,1.05
7,17,Tullock,2.82
7,17,Anonymous,2.89
7,17,Random: 0.5,2.81
7,18,Cu,3.02
7,18,Du,0.995
7,18,Tit For Tat,3.0
7,18,spiteful,3.0
7,18,soft_majo,3.02
7,18,hard_majo,1.03
7,18,per_cd,2.98
7,18,per_ccd,3.42
7,18,per_ddc,2.315
7,18,mistrust,1.03
7,18,WSLS,3.0
7,18,TFTT,3.02
7,18,hard_tft,3.0
7,18,slow_tft,3.02
7,18,GrdTFT,3.0
7,18,prober,2.995
7,18,mem2,3.0
7,18,grok:grok-3-mini,3.0
7,18,Tideman & Chieruzzi,2.98
7,18,Nydegger,3.02
7,18,Grofman,3.0
7,18,Shubik,3.0
7,18,Stein & Rapoport: 0.05,2.98
7,18,GRIM,3.0
7,18,Davis: 10,3.0
7,18,Graaskamp: 0.05,2.78
7,18,Downing,3.02
7,18,"Feld: 1.0, 0.5, 200",1.55
7,18,Joss: 0.9,1.005
7,18,Tullock,2.685
7,18,Anonymous,2.905
7,18,Random: 0.5,2.955
7,19,Cu,3.02
7,19,Du,0.995
7,19,Tit For Tat,3.0
7,19,spiteful,3.0
7,19,soft_majo,3.02
7,19,hard_majo,1.03
7,19,per_cd,2.98
7,19,per_ccd,3.42
7,19,per_ddc,2.315
7,19,mistrust,1.03
7,19,WSLS,3.0
7,19,TFTT,3.02
7,19,hard_tft,3.0
7,19,slow_tft,3.02
7,19,GrdTFT,3.0
7,19,prober,2.995
7,19,mem2,3.0
7,19,grok:grok-3-mini,3.0
7,19,Tideman & Chieruzzi,2.98
7,19,Nydegger,3.02
7,19,Grofman,3.0
7,19,Shubik,3.0
7,19,Stein & Rapoport: 0.05,2.98
7,19,GRIM,3.0
7,19,Davis: 10,3.0
7,19,Graaskamp: 0.05,2.745
7,19,Downing,3.02
7,19,"Feld: 1.0, 0.5, 200",1.625
7,19,Joss: 0.9,1.04
7,19,Tullock,1.27
7,19,Anonymous,3.005
7,19,Random: 0.5,3.08
8,0,Cu,3.02
8,0,Du,0.995
8,0,Tit For Tat,3.0
8,0,spiteful,3.0
8,0,soft_majo,3.02
8,0,hard_majo,1.03
8,0,per_cd,2.98
8,0,per_ccd,3.42
8,0,per_ddc,2.315
8,0,mistrust,1.03
8,0,WSLS,3.0
8,0,TFTT,3.02
8,0,hard_tft,3.0
8,0,slow_tft,3.02
8,0,GrdTFT,3.0
8,0,prober,2.995
8,0,mem2,3.0
8,0,grok:grok-3-mini,3.0
8,0,Tideman & Chieruzzi,2.98
8,0,Nydegger,3.02
8,0,Grofman,3.0
8,0,Shubik,3.0
8,0,Stein & Rapoport: 0.05,2.98
8,0,GRIM,3.0
8,0,Davis: 10,3.0
8,0,Graaskamp: 0.05,2.81
8,0,Downing,3.02
8,0,"Feld: 1.0, 0.5, 200",1.505
8,0,Joss: 0.9,1.405
8,0,Tullock,2.845
8,0,Anonymous,2.73
8,0,Random: 0.5,2.755
8,1,Cu,3.02
8,1,Du,0.995
8,1,Tit For Tat,3.0
8,1,spiteful,3.0
8,1,soft_majo,3.02
8,1,hard_majo,1.03
8,1,per_cd,2.98
8,1,per_ccd,3.42
8,1,per_ddc,2.315
8,1,mistrust,1.03
8,1,WSLS,3.0
8,1,TFTT,3.02
8,1,hard_tft,3.0
8,1,slow_tft,3.02
8,1,GrdTFT,3.0
8,1,prober,2.995
8,1,mem2,3.0
8,1,grok:grok-3-mini,3.0
8,1,Tideman & Chieruzzi,2.98
8,1,Nydegger,3.02
8,1,Grofman,3.0
8,1,Shubik,3.0
8,1,Stein & Rapoport: 0.05,2.98
8,1,GRIM,3.0
8,1,Davis: 10,3.0
8,1,Graaskamp: 0.05,2.76
8,1,Downing,3.02
8,1,"Feld: 1.0, 0.5, 200",1.715
8,1,Joss: 0.9,2.27
8,1,Tullock,2.345
8,1,Anonymous,2.895
8,1,Random: 0.5,2.835
8,2,Cu,3.02
8,2,Du,0.995
8,2,Tit For Tat,3.0
8,2,spiteful,3.0
8,2,soft_majo,3.02
8,2,hard_majo,1.03
8,2,per_cd,2.98
8,2,per_ccd,3.42
8,2,per_ddc,2.315
8,2,mistrust,1.03
8,2,WSLS,3.0
8,2,TFTT,3.02
8,2,hard_tft,3.0
8,2,slow_tft,3.02
8,2,GrdTFT,3.0
8,2,prober,2.995
8,2,mem2,3.0
8,2,grok:grok-3-mini,3.0
8,2,Tideman & Chieruzzi,2.98
8,2,Nydegger,3.02
8,2,Grofman,3.0
8,2,Shubik,3.0
8,2,Stein & Rapoport: 0.05,2.98
8,2,GRIM,3.0
8,2,Davis: 10,3.0
8,2,Graaskamp: 0.05,2.825
8,2,Downing,3.02
8,2,"Feld: 1.0, 0.5, 200",1.67
8,2,Joss: 0.9,2.725
8,2,Tullock,2.01
8,2,Anonymous,2.985
8,2,Random: 0.5,2.815
8,3,Cu,3.02
8,3,Du,0.995
8,3,Tit For Tat,3.0
8,3,spiteful,3.0
8,3,soft_majo,3.02
8,3,hard_majo,1.03
8,3,per_cd,2.98
8,3,per_ccd,3.42
8,3,per_ddc,2.315
8,3,mistrust,1.03
8,3,WSLS,3.0
8,3,TFTT,3.02
8,3,hard_tft,3.0
8,3,slow_tft,3.02
8,3,GrdTFT,3.0
8,3,prober,2.995
8,3,mem2,3.0
8,3,grok:grok-3-mini,3.0
8,3,Tideman & Chieruzzi,2.98
8,3,Nydegger,3.02
8,3,Grofman,3.02
8,3,Shubik,3.0
8,3,Stein & Rapoport: 0.05,2.98
8,3,GRIM,3.0
8,3,Davis: 10,3.0
8,3,Graaskamp: 0.05,2.81
8,3,Downing,3.02
8,3,"Feld: 1.0, 0.5, 200",1.635
8,3,Joss: 0.9,1.515
8,3,Tullock,2.715
8,3,Anonymous,2.79
8,3,Random: 0.5,2.835
8,4,Cu,3.02
8,4,Du,0.995
8,4,Tit For Tat,3.0
8,4,spiteful,3.0
8,4,soft_majo,3.02
8,4,hard_majo,1.03
8,4,per_cd,2.98
8,4,per_ccd,3.42
8,4,per_ddc,2.315
8,4,mistrust,1.03
8,4,WSLS,3.0
8,4,TFTT,3.02
8,4,hard_tft,3.0
8,4,slow_tft,3.02
8,4,GrdTFT,3.0
8,4,prober,2.995
8,4,mem2,3.0
8,4,grok:grok-3-mini,3.0
8,4,Tideman & Chieruzzi,2.98
8,4,Nydegger,3.02
8,4,Grofman,3.0
8,4,Shubik,3.0
8,4,Stein & Rapoport: 0.05,2.98
8,4,GRIM,3.0
8,4,Davis: 10,3.0
8,4,Graaskamp: 0.05,2.78
8,4,Downing,3.02
8,4,"Feld: 1.0, 0.5, 200",1.53
8,4,Joss: 0.9,1.03
8,4,Tullock,1.77
8,4,Anonymous,2.99
8,4,Random: 0.5,2.815
8,5,Cu,3.02
8,5,Du,0.995
8,5,Tit For Tat,3.0
8,5,spiteful,3.0
8,5,soft_majo,3.02
8,5,hard_majo,1.03
8,5,per_cd,2.98
8,5,per_ccd,3.42
8,5,per_ddc,2.315
8,5,mistrust,1.03
8,5,WSLS,3.0
8,5,TFTT,3.02
8,5,hard_tft,3.0
8,5,slow_tft,3.02
8,5,GrdTFT,3.0
8,5,prober,2.995
8,5,mem2,3.0
8,5,grok:grok-3-mini,3.0
8,5,Tideman & Chieruzzi,2.98
8,5,Nydegger,3.02
8,5,Grofman,3.0
8,5,Shubik,3.0
8,5,Stein & Rapoport: 0.05,2.98
8,5,GRIM,3.0
8,5,Davis: 10,3.0
8,5,Graaskamp: 0.05,2.795
8,5,Downing,3.02
8,5,"Feld: 1.0, 0.5, 200",1.715
8,5,Joss: 0.9,1.085
8,5,Tullock,2.735
8,5,Anonymous,2.98
8,5,Random: 0.5,2.81
8,6,Cu,3.02
8,6,Du,0.995
8,6,Tit For Tat,3.0
8,6,spiteful,3.0
8,6,soft_majo,3.02
8,6,hard_majo,1.03
8,6,per_cd,2.98
8,6,per_ccd,3.42
8,6,per_ddc,2.315
8,6,mistrust,1.03
8,6,WSLS,3.0
8,6,TFTT,3.02
8,6,hard_tft,3.0
8,6,slow_tft,3.02
8,6,GrdTFT,3.0
8,6,prober,2.995
8,6,mem2,3.0
8,6,grok:grok-3-mini,3.0
8,6,Tideman & Chieruzzi,2.98
8,6,Nydegger,3.02
8,6,Grofman,3.0
8,6,Shubik,3.0
8,6,Stein & Rapoport: 0.05,2.98
8,6,GRIM,3.0
8,6,Davis: 10,3.0
8,6,Graaskamp: 0.05,2.825
8,6,Downing,3.02
8,6,"Feld: 1.0, 0.5, 200",1.74
8,6,Joss: 0.9,2.255
8,6,Tullock,1.545
8,6,Anonymous,2.85
8,6,Random: 0.5,2.84
8,7,Cu,3.02
8,7,Du,0.995
8,7,Tit For Tat,3.0
8,7,spiteful,3.0
8,7,soft_majo,3.02
8,7,hard_majo,1.03
8,7,per_cd,2.98
8,7,per_ccd,3.42
8,7,per_ddc,2.315
8,7,mistrust,1.03
8,7,WSLS,3.0
8,7,TFTT,3.02
8,7,hard_tft,3.0
8,7,slow_tft,3.02
8,7,GrdTFT,3.0
8,7,prober,2.995
8,7,mem2,3.0
8,7,grok:grok-3-mini,3.0
8,7,Tideman & Chieruzzi,2.98
8,7,Nydegger,3.02
8,7,Grofman,3.0
8,7,Shubik,3.0
8,7,Stein & Rapoport: 0.05,2.98
8,7,GRIM,3.0
8,7,Davis: 10,3.0
8,7,Graaskamp: 0.05,2.76
8,7,Downing,3.02
8,7,"Feld: 1.0, 0.5, 200",1.105
8,7,Joss: 0.9,1.16
8,7,Tullock,2.395
8,7,Anonymous,2.67
8,7,Random: 0.5,3.005
8,8,Cu,3.02
8,8,Du,0.995
8,8,Tit For Tat,3.0
8,8,spiteful,3.0
8,8,soft_majo,3.02
8,8,hard_majo,1.03
8,8,per_cd,2.98
8,8,per_ccd,3.42
8,8,per_ddc,2.315
8,8,mistrust,1.03
8,8,WSLS,3.0
8,8,TFTT,3.02
8,8,hard_tft,3.0
8,8,slow_tft,3.02
8,8,GrdTFT,3.0
8,8,prober,2.995
8,8,mem2,3.0
8,8,grok:grok-3-mini,3.0
8,8,Tideman & Chieruzzi,2.98
8,8,Nydegger,3.02
8,8,Grofman,3.02
8,8,Shubik,3.0
8,8,Stein & Rapoport: 0.05,2.98
8,8,GRIM,3.0
8,8,Davis: 10,3.0
8,8,Graaskamp: 0.05,2.78
8,8,Downing,3.02
8,8,"Feld: 1.0, 0.5, 200",1.55
8,8,Joss: 0.9,1.38
8,8,Tullock,2.81
8,8,Anonymous,2.865
8,8,Random: 0.5,2.955
8,9,Cu,3.02
8,9,Du,0.995
8,9,Tit For Tat,3.0
8,9,spiteful,3.0
8,9,soft_majo,3.02
8,9,hard_majo,1.03
8,9,per_cd,2.98
8,9,per_ccd,3.42
8,9,per_ddc,2.315
8,9,mistrust,1.03
8,9,WSLS,3.0
8,9,TFTT,3.02
8,9,hard_tft,3.0
8,9,slow_tft,3.02
8,9,GrdTFT,3.0
8,9,prober,2.995
8,9,mem2,3.0
8,9,grok:grok-3-mini,3.0
8,9,Tideman & Chieruzzi,2.98
8,9,Nydegger,3.02
8,9,Grofman,3.0
8,9,Shubik,3.0
8,9,Stein & Rapoport: 0.05,2.98
8,9,GRIM,3.0
8,9,Davis: 10,3.0
8,9,Graaskamp: 0.05,2.825
8,9,Downing,3.02
8,9,"Feld: 1.0, 0.5, 200",1.8
8,9,Joss: 0.9,1.54
8,9,Tullock,1.215
8,9,Anonymous,3.025
8,9,Random: 0.5,2.98
8,10,Cu,3.02
8,10,Du,0.995
8,10,Tit For Tat,3.0
8,10,spiteful,3.0
8,10,soft_majo,3.02
8,10,hard_majo,1.03
8,10,per_cd,2.98
8,10,per_ccd,3.42
8,10,per_ddc,2.315
8,10,mistrust,1.03
8,10,WSLS,3.0
8,10,TFTT,3.02
8,10,hard_tft,3.0
8,10,slow_tft,3.02
8,10,GrdTFT,3.0
8,10,prober,2.995
8,10,mem2,3.0
8,10,grok:grok-3-mini,3.0
8,10,Tideman & Chieruzzi,2.98
8,10,Nydegger,3.02
8,10,Grofman,3.02
8,10,Shubik,3.0
8,10,Stein & Rapoport: 0.05,2.98
8,10,GRIM,3.0
8,10,Davis: 10,3.0
8,10,Graaskamp: 0.05,2.805
8,10,Downing,3.02
8,10,"Feld: 1.0, 0.5, 200",1.695
8,10,Joss: 0.9,1.68
8,10,Tullock,1.68
8,10,Anonymous,3.08
8,10,Random: 0.5,2.815
8,11,Cu,3.02
8,11,Du,0.995
8,11,Tit For Tat,3.0
8,11,spiteful,3.0
8,11,soft_majo,3.02
8,11,hard_majo,1.03
8,11,per_cd,2.98
8,11,per_ccd,3.42
8,11,per_ddc,2.315
8,11,mistrust,1.03
8,11,WSLS,3.0
8,11,TFTT,3.02
8,11,hard_tft,3.0
8,11,slow_tft,3.02
8,11,GrdTFT,3.0
8,11,prober,2.995
8,11,mem2,3.0
8,11,grok:grok-3-mini,3.0
8,11,Tideman & Chieruzzi,2.98
8,11,Nydegger,3.02
8,11,Grofman,3.0
8,11,Shubik,3.0
8,11,Stein & Rapoport: 0.05,2.98
8,11,GRIM,3.0
8,11,Davis: 10,3.0
8,11,Graaskamp: 0.05,2.805
8,11,Downing,3.02
8,11,"Feld: 1.0, 0.5, 200",1.44
8,11,Joss: 0.9,1.015
8,11,Tullock,2.76
8,11,Anonymous,2.985
8,11,Random: 0.5,2.69
8,12,Cu,3.02
8,12,Du,0.995
8,12,Tit For Tat,3.0
8,12,spiteful,3.0
8,12,soft_majo,3.02
8,12,hard_majo,1.03
8,12,per_cd,2.98
8,12,per_ccd,3.42
8,12,per_ddc,2.315
8,12,mistrust,1.03
8,12,WSLS,3.0
8,12,TFTT,3.02
8,12,hard_tft,3.0
8,12,slow_tft,3.02
8,12,GrdTFT,3.0
8,12,prober,2.995
8,12,mem2,3.0
8,12,grok:grok-3-mini,3.0
8,12,Tideman & Chieruzzi,2.98
8,12,Nydegger,3.02
8,12,Grofman,3.0
8,12,Shubik,3.0
8,12,Stein & Rapoport: 0.05,2.98
8,12,GRIM,3.0
8,12,Davis: 10,3.0
8,12,Graaskamp: 0.05,2.81
8,12,Downing,3.02
8,12,"Feld: 1.0, 0.5, 200",1.81
8,12,Joss: 0.9,1.12
8,12,Tullock,2.24
8,12,Anonymous,2.955
8,12,Random: 0.5,2.965
8,13,Cu,3.02
8,13,Du,0.995
8,13,Tit For Tat,3.0
8,13,spiteful,3.0
8,13,soft_majo,3.02
8,13,hard_majo,1.03
8,13,per_cd,2.98
8,13,per_ccd,3.42
8,13,per_ddc,2.315
8,13,mistrust,1.03
8,13,WSLS,3.0
8,13,TFTT,3.02
8,13,hard_tft,3.0
8,13,slow_tft,3.02
8,13,GrdTFT,3.0
8,13,prober,2.995
8,13,mem2,3.0
8,13,grok:grok-3-mini,3.0
8,13,Tideman & Chieruzzi,2.98
8,13,Nydegger,3.02
8,13,Grofman,3.0
8,13,Shubik,3.0
8,13,Stein & Rapoport: 0.05,2.98
8,13,GRIM,3.0
8,13,Davis: 10,3.0
8,13,Graaskamp: 0.05,2.84
8,13,Downing,3.02
8,13,"Feld: 1.0, 0.5, 200",1.58
8,13,Joss: 0.9,2.535
8,13,Tullock,1.395
8,13,Anonymous,2.99
8,13,Random: 0.5,3.015
8,14,Cu,3.02
8,14,Du,0.995
8,14,Tit For Tat,3.0
8,14,spiteful,3.0
8,14,soft_majo,3.02
8,14,hard_majo,1.03
8,14,per_cd,2.98
8,14,per_ccd,3.42
8,14,per_ddc,2.315
8,14,mistrust,1.03
8,14,WSLS,3.0
8,14,TFTT,3.02
8,14,hard_tft,3.0
8,14,slow_tft,3.02
8,14,GrdTFT,3.0
8,14,prober,2.995
8,14,mem2,3.0
8,14,grok:grok-3-mini,3.0
8,14,Tideman & Chieruzzi,2.98
8,14,Nydegger,3.02
8,14,Grofman,3.0
8,14,Shubik,3.0
8,14,Stein & Rapoport: 0.05,2.98
8,14,GRIM,3.0
8,14,Davis: 10,3.0
8,14,Graaskamp: 0.05,2.775
8,14,Downing,3.02
8,14,"Feld: 1.0, 0.5, 200",1.5
8,14,Joss: 0.9,1.3
8,14,Tullock,1.85
8,14,Anonymous,2.885
8,14,Random: 0.5,2.94
8,15,Cu,3.02
8,15,Du,0.995
8,15,Tit For Tat,3.0
8,15,spiteful,3.0
8,15,soft_majo,3.02
8,15,hard_majo,1.03
8,15,per_cd,2.98
8,15,per_ccd,3.42
8,15,per_ddc,2.315
8,15,mistrust,1.03
8,15,WSLS,3.0
8,15,TFTT,3.02
8,15,hard_tft,3.0
8,15,slow_tft,3.02
8,15,GrdTFT,3.0
8,15,prober,2.995
8,15,mem2,3.0
8,15,grok:grok-3-mini,3.0
8,15,Tideman & Chieruzzi,2.98
8,15,Nydegger,3.02
8,15,Grofman,3.02
8,15,Shubik,3.0
8,15,Stein & Rapoport: 0.05,2.98
8,15,GRIM,3.0
8,15,Davis: 10,3.0
8,15,Graaskamp: 0.05,2.795
8,15,Downing,3.02
8,15,"Feld: 1.0, 0.5, 200",1.695
8,15,Joss: 0.9,1.095
8,15,Tullock,2.09
8,15,Anonymous,2.785
8,15,Random: 0.5,2.93
8,16,Cu,3.02
8,16,Du,0.995
8,16,Tit For Tat,3.0
8,16,spiteful,3.0
8,16,soft_majo,3.02
8,16,hard_majo,1.03
8,16,per_cd,2.98
8,16,per_ccd,3.42
8,16,per_ddc,2.315
8,16,mistrust,1.03
8,16,WSLS,3.0
8,16,TFTT,3.02
8,16,hard_tft,3.0
8,16,slow_tft,3.02
8,16,GrdTFT,3.0
8,16,prober,2.995
8,16,mem2,3.0
8,16,grok:grok-3-mini,3.0
8,16,Tideman & Chieruzzi,2.98
8,16,Nydegger,3.02
8,16,Grofman,3.0
8,16,Shubik,3.0
8,16,Stein & Rapoport: 0.05,2.98
8,16,GRIM,3.0
8,16,Davis: 10,3.0
8,16,Graaskamp: 0.05,2.81
8,16,Downing,3.02
8,16,"Feld: 1.0, 0.5, 200",1.715
8,16,Joss: 0.9,2.135
8,16,Tullock,1.245
8,16,Anonymous,2.87
8,16,Random: 0.5,2.9
8,17,Cu,3.02
8,17,Du,0.995
8,17,Tit For Tat,3.0
8,17,spiteful,3.0
8,17,soft_majo,3.02
8,17,hard_majo,1.03
8,17,per_cd,2.98
8,17,per_ccd,3.42
8,17,per_ddc,2.315
8,17,mistrust,1.03
8,17,WSLS,3.0
8,17,TFTT,3.02
8,17,hard_tft,3.0
8,17,slow_tft,3.02
8,17,GrdTFT,3.0
8,17,prober,2.995
8,17,mem2,3.0
8,17,grok:grok-3-mini,3.0
8,17,Tideman & Chieruzzi,2.98
8,17,Nydegger,3.02
8,17,Grofman,3.0
8,17,Shubik,3.0
8,17,Stein & Rapoport: 0.05,2.98
8,17,GRIM,3.0
8,17,Davis: 10,3.0
8,17,Graaskamp: 0.05,2.795
8,17,Downing,3.02
8,17,"Feld: 1.0, 0.5, 200",1.385
8,17,Joss: 0.9,1.04
8,17,Tullock,1.645
8,17,Anonymous,2.855
8,17,Random: 0.5,2.755
8,18,Cu,3.02
8,18,Du,0.995
8,18,Tit For Tat,3.0
8,18,spiteful,3.0
8,18,soft_majo,3.02
8,18,hard_majo,1.03
8,18,per_cd,2.98
8,18,per_ccd,3.42
8,18,per_ddc,2.315
8,18,mistrust,1.03
8,18,WSLS,3.0
8,18,TFTT,3.02
8,18,hard_tft,3.0
8,18,slow_tft,3.02
8,18,GrdTFT,3.0
8,18,prober,2.995
8,18,mem2,3.0
8,18,grok:grok-3-mini,3.0
8,18,Tideman & Chieruzzi,2.98
8,18,Nydegger,3.02
8,18,Grofman,3.02
8,18,Shubik,3.0
8,18,Stein & Rapoport: 0.05,2.98
8,18,GRIM,3.0
8,18,Davis: 10,3.0
8,18,Graaskamp: 0.05,2.81
8,18,Downing,3.02
8,18,"Feld: 1.0, 0.5, 200",1.765
8,18,Joss: 0.9,1.15
8,18,Tullock,2.835
8,18,Anonymous,3.03
8,18,Random: 0.5,3.005
8,19,Cu,3.02
8,19,Du,0.995
8,19,Tit For Tat,3.0
8,19,spiteful,3.0
8,19,soft_majo,3.02
8,19,hard_majo,1.03
8,19,per_cd,2.98
8,19,per_ccd,3.42
8,19,per_ddc,2.315
8,19,mistrust,1.03
8,19,WSLS,3.0
8,19,TFTT,3.02
8,19,hard_tft,3.0
8,19,slow_tft,3.02
8,19,GrdTFT,3.0
8,19,prober,2.995
8,19,mem2,3.0
8,19,grok:grok-3-mini,3.0
8,19,Tideman & Chieruzzi,2.98
8,19,Nydegger,3.02
8,19,Grofman,3.0
8,19,Shubik,3.0
8,19,Stein & Rapoport: 0.05,2.98
8,19,GRIM,3.0
8,19,Davis: 10,3.0
8,19,Graaskamp: 0.05,2.825
8,19,Downing,3.02
8,19,"Feld: 1.0, 0.5, 200",1.85
8,19,Joss: 0.9,1.15
8,19,Tullock,1.725
8,19,Anonymous,2.885
8,19,Random: 0.5,2.905
9,0,Cu,3.02
9,0,Du,0.995
9,0,Tit For Tat,3.0
9,0,spiteful,3.0
9,0,soft_majo,3.02
9,0,hard_majo,1.03
9,0,per_cd,2.98
9,0,per_ccd,3.42
9,0,per_ddc,2.315
9,0,mistrust,1.03
9,0,WSLS,3.0
9,0,TFTT,3.02
9,0,hard_tft,3.0
9,0,slow_tft,3.02
9,0,GrdTFT,3.0
9,0,prober,2.995
9,0,mem2,3.0
9,0,grok:grok-3-mini,3.0
9,0,Tideman & Chieruzzi,2.98
9,0,Nydegger,3.02
9,0,Grofman,3.0
9,0,Shubik,3.0
9,0,Stein & Rapoport: 0.05,2.98
9,0,GRIM,3.0
9,0,Davis: 10,3.0
9,0,Graaskamp: 0.05,2.81
9,0,Downing,3.02
9,0,"Feld: 1.0, 0.5, 200",1.885
9,0,Joss: 0.9,1.455
9,0,Tullock,2.075
9,0,Anonymous,2.985
9,0,Random: 0.5,2.845
9,1,Cu,3.02
9,1,Du,0.995
9,1,Tit For Tat,3.0
9,1,spiteful,3.0
9,1,soft_majo,3.02
9,1,hard_majo,1.03
9,1,per_cd,2.98
9,1,per_ccd,3.42
9,1,per_ddc,2.315
9,1,mistrust,1.03
9,1,WSLS,3.0
9,1,TFTT,3.02
9,1,hard_tft,3.0
9,1,slow_tft,3.02
9,1,GrdTFT,3.0
9,1,prober,2.995
9,1,mem2,3.0
9,1,grok:grok-3-mini,3.0
9,1,Tideman & Chieruzzi,2.98
9,1,Nydegger,3.02
9,1,Grofman,3.02
9,1,Shubik,3.0
9,1,Stein & Rapoport: 0.05,2.98
9,1,GRIM,3.0
9,1,Davis: 10,3.0
9,1,Graaskamp: 0.05,2.79
9,1,Downing,3.02
9,1,"Feld: 1.0, 0.5, 200",1.45
9,1,Joss: 0.9,2.14
9,1,Tullock,2.77
9,1,Anonymous,2.9
9,1,Random: 0.5,2.905
9,2,Cu,3.02
9,2,Du,0.995
9,2,Tit For Tat,3.0
9,2,spiteful,3.0
9,2,soft_majo,3.02
9,2,hard_majo,1.03
9,2,per_cd,2.98
9,2,per_ccd,3.42
9,2,per_ddc,2.315
9,2,mistrust,1.03
9,2,WSLS,3.0
9,2,TFTT,3.02
9,2,hard_tft,3.0
9,2,slow_tft,3.02
9,2,GrdTFT,3.0
9,2,prober,2.995
9,2,mem2,3.0
9,2,grok:grok-3-mini,3.0
9,2,Tideman & Chieruzzi,2.98
9,2,Nydegger,3.02
9,2,Grofman,3.0
9,2,Shubik,3.0
9,2,Stein & Rapoport: 0.05,2.98
9,2,GRIM,3.0
9,2,Davis: 10,3.0
9,2,Graaskamp: 0.05,2.79
9,2,Downing,3.02
9,2,"Feld: 1.0, 0.5, 200",1.8
9,2,Joss: 0.9,1.04
9,2,Tullock,2.6
9,2,Anonymous,3.145
9,2,Random: 0.5,2.965
9,3,Cu,3.02
9,3,Du,0.995
9,3,Tit For Tat,3.0
9,3,spiteful,3.0
9,3,soft_majo,3.02
9,3,hard_majo,1.03
9,3,per_cd,2.98
9,3,per_ccd,3.42
9,3,per_ddc,2.315
9,3,mistrust,1.03
9,3,WSLS,3.0
9,3,TFTT,3.02
9,3,hard_tft,3.0
9,3,slow_tft,3.02
9,3,GrdTFT,3.0
9,3,prober,2.995
9,3,mem2,3.0
9,3,grok:grok-3-mini,3.0
9,3,Tideman & Chieruzzi,2.98
9,3,Nydegger,3.02
9,3,Grofman,3.0
9,3,Shubik,3.0
9,3,Stein & Rapoport: 0.05,2.98
9,3,GRIM,3.0
9,3,Davis: 10,3.0
9,3,Graaskamp: 0.05,2.84
9,3,Downing,3.02
9,3,"Feld: 1.0, 0.5, 200",1.495
9,3,Joss: 0.9,1.135
9,3,Tullock,1.325
9,3,Anonymous,3.085
9,3,Random: 0.5,3.04
9,4,Cu,3.02
9,4,Du,0.995
9,4,Tit For Tat,3.0
9,4,spiteful,3.0
9,4,soft_majo,3.02
9,4,hard_majo,1.03
9,4,per_cd,2.98
9,4,per_ccd,3.42
9,4,per_ddc,2.315
9,4,mistrust,1.03
9,4,WSLS,3.0
9,4,TFTT,3.02
9,4,hard_tft,3.0
9,4,slow_tft,3.02
9,4,GrdTFT,3.0
9,4,prober,2.995
9,4,mem2,3.0
9,4,grok:grok-3-mini,3.0
9,4,Tideman & Chieruzzi,2.98
9,4,Nydegger,3.02
9,4,Grofman,3.0
9,4,Shubik,3.0
9,4,Stein & Rapoport: 0.05,2.98
9,4,GRIM,3.0
9,4,Davis: 10,3.0
9,4,Graaskamp: 0.05,2.805
9,4,Downing,3.02
9,4,"Feld: 1.0, 0.5, 200",1.545
9,4,Joss: 0.9,2.015
9,4,Tullock,1.555
9,4,Anonymous,2.895
9,4,Random: 0.5,2.85
9,5,Cu,3.02
9,5,Du,0.995
9,5,Tit For Tat,3.0
9,5,spiteful,3.0
9,5,soft_majo,3.02
9,5,hard_majo,1.03
9,5,per_cd,2.98
9,5,per_ccd,3.42
9,5,per_ddc,2.315
9,5,mistrust,1.03
9,5,WSLS,3.0
9,5,TFTT,3.02
9,5,hard_tft,3.0
9,5,slow_tft,3.02
9,5,GrdTFT,3.0
9,5,prober,2.995
9,5,mem2,3.0
9,5,grok:grok-3-mini,3.0
9,5,Tideman & Chieruzzi,2.98
9,5,Nydegger,3.02
9,5,Grofman,3.02
9,5,Shubik,3.0
9,5,Stein & Rapoport: 0.05,2.98
9,5,GRIM,3.0
9,5,Davis: 10,3.0
9,5,Graaskamp: 0.05,2.78
9,5,Downing,3.02
9,5,"Feld: 1.0, 0.5, 200",1.945
9,5,Joss: 0.9,1.055
9,5,Tullock,2.36
9,5,Anonymous,2.815
9,5,Random: 0.5,2.845
9,6,Cu,3.02
9,6,Du,0.995
9,6,Tit For Tat,3.0
9,6,spiteful,3.0
9,6,soft_majo,3.02
9,6,hard_majo,1.03
9,6,per_cd,2.98
9,6,per_ccd,3.42
9,6,per_ddc,2.315
9,6,mistrust,1.03
9,6,WSLS,3.0
9,6,TFTT,3.02
9,6,hard_tft,3.0
9,6,slow_tft,3.02
9,6,GrdTFT,3.0
9,6,prober,2.995
9,6,mem2,3.0
9,6,grok:grok-3-mini,3.0
9,6,Tideman & Chieruzzi,2.98
9,6,Nydegger,3.02
9,6,Grofman,3.0
9,6,Shubik,3.0
9,6,Stein & Rapoport: 0.05,2.98
9,6,GRIM,3.0
9,6,Davis: 10,3.0
9,6,Graaskamp: 0.05,2.79
9,6,Downing,3.02
9,6,"Feld: 1.0, 0.5, 200",1.94
9,6,Joss: 0.9,1.095
9,6,Tullock,1.94
9,6,Anonymous,2.955
9,6,Random: 0.5,3.1
9,7,Cu,3.02
9,7,Du,0.995
9,7,Tit For Tat,3.0
9,7,spiteful,3.0
9,7,soft_majo,3.02
9,7,hard_majo,1.03
9,7,per_cd,2.98
9,7,per_ccd,3.42
9,7,per_ddc,2.315
9,7,mistrust,1.03
9,7,WSLS,3.0
9,7,TFTT,3.02
9,7,hard_tft,3.0
9,7,slow_tft,3.02
9,7,GrdTFT,3.0
9,7,prober,2.995
9,7,mem2,3.0
9,7,grok:grok-3-mini,3.0
9,7,Tideman & Chieruzzi,2.98
9,7,Nydegger,3.02
9,7,Grofman,3.0
9,7,Shubik,3.0
9,7,Stein & Rapoport: 0.05,2.98
9,7,GRIM,3.0
9,7,Davis: 10,3.0
9,7,Graaskamp: 0.05,2.795
9,7,Downing,3.02
9,7,"Feld: 1.0, 0.5, 200",1.61
9,7,Joss: 0.9,2.73
9,7,Tullock,1.575
9,7,Anonymous,2.755
9,7,Random: 0.5,3.01
9,8,Cu,3.02
9,8,Du,0.995
9,8,Tit For Tat,3.0
9,8,spiteful,3.0
9,8,soft_majo,3.02
9,8,hard_majo,1.03
9,8,per_cd,2.98
9,8,per_ccd,3.42
9,8,per_ddc,2.315
9,8,mistrust,1.03
9,8,WSLS,3.0
9,8,TFTT,3.02
9,8,hard_tft,3.0
9,8,slow_tft,3.02
9,8,GrdTFT,3.0
9,8,prober,2.995
9,8,mem2,3.0
9,8,grok:grok-3-mini,3.0
9,8,Tideman & Chieruzzi,2.98
9,8,Nydegger,3.02
9,8,Grofman,3.0
9,8,Shubik,3.0
9,8,Stein & Rapoport: 0.05,2.98
9,8,GRIM,3.0
9,8,Davis: 10,3.0
9,8,Graaskamp: 0.05,2.76
9,8,Downing,3.02
9,8,"Feld: 1.0, 0.5, 200",2.075
9,8,Joss: 0.9,2.09
9,8,Tullock,1.5
9,8,Anonymous,2.87
9,8,Random: 0.5,2.955
9,9,Cu,3.02
9,9,Du,0.995
9,9,Tit For Tat,3.0
9,9,spiteful,3.0
9,9,soft_majo,3.02
9,9,hard_majo,1.03
9,9,per_cd,2.98
9,9,per_ccd,3.42
9,9,per_ddc,2.315
9,9,mistrust,1.03
9,9,WSLS,3.0
9,9,TFTT,3.02
9,9,hard_tft,3.0
9,9,slow_tft,3.02
9,9,GrdTFT,3.0
9,9,prober,2.995
9,9,mem2,3.0
9,9,grok:grok-3-mini,3.0
9,9,Tideman & Chieruzzi,2.98
9,9,Nydegger,3.02
9,9,Grofman,3.0
9,9,Shubik,3.0
9,9,Stein & Rapoport: 0.05,2.98
9,9,GRIM,3.0
9,9,Davis: 10,3.0
9,9,Graaskamp: 0.05,2.825
9,9,Downing,3.02
9,9,"Feld: 1.0, 0.5, 200",1.955
9,9,Joss: 0.9,1.64
9,9,Tullock,2.125
9,9,Anonymous,3.015
9,9,Random: 0.5,2.755
9,10,Cu,3.02
9,10,Du,0.995
9,10,Tit For Tat,3.0
9,10,spiteful,3.0
9,10,soft_majo,3.02
9,10,hard_majo,1.03
9,10,per_cd,2.98
9,10,per_ccd,3.42
9,10,per_ddc,2.315
9,10,mistrust,1.03
9,10,WSLS,3.0
9,10,TFTT,3.02
9,10,hard_tft,3.0
9,10,slow_tft,3.02
9,10,GrdTFT,3.0
9,10,prober,2.995
9,10,mem2,3.0
9,10,grok:grok-3-mini,3.0
9,10,Tideman & Chieruzzi,2.98
9,10,Nydegger,3.02
9,10,Grofman,3.02
9,10,Shubik,3.0
9,10,Stein & Rapoport: 0.05,2.98
9,10,GRIM,3.0
9,10,Davis: 10,3.0
9,10,Graaskamp: 0.05,2.825
9,10,Downing,3.02
9,10,"Feld: 1.0, 0.5, 200",1.56
9,10,Joss: 0.9,1.43
9,10,Tullock,1.795
9,10,Anonymous,2.74
9,10,Random: 0.5,2.795
9,11,Cu,3.02
9,11,Du,0.995
9,11,Tit For Tat,3.0
9,11,spiteful,3.0
9,11,soft_majo,3.02
9,11,hard_majo,1.03
9,11,per_cd,2.98
9,11,per_ccd,3.42
9,11,per_ddc,2.315
9,11,mistrust,1.03
9,11,WSLS,3.0
9,11,TFTT,3.02
9,11,hard_tft,3.0
9,11,slow_tft,3.02
9,11,GrdTFT,3.0
9,11,prober,2.995
9,11,mem2,3.0
9,11,grok:grok-3-mini,3.0
9,11,Tideman & Chieruzzi,2.98
9,11,Nydegger,3.02
9,11,Grofman,3.02
9,11,Shubik,3.0
9,11,Stein & Rapoport: 0.05,2.98
9,11,GRIM,3.0
9,11,Davis: 10,3.0
9,11,Graaskamp: 0.05,2.765
9,11,Downing,3.02
9,11,"Feld: 1.0, 0.5, 200",1.845
9,11,Joss: 0.9,1.04
9,11,Tullock,2.77
9,11,Anonymous,2.84
9,11,Random: 0.5,2.875
9,12,Cu,3.02
9,12,Du,0.995
9,12,Tit For Tat,3.0
9,12,spiteful,3.0
9,12,soft_majo,3.02
9,12,hard_majo,1.03
9,12,per_cd,2.98
9,12,per_ccd,3.42
9,12,per_ddc,2.315
9,12,mistrust,1.03
9,12,WSLS,3.0
9,12,TFTT,3.02
9,12,hard_tft,3.0
9,12,slow_tft,3.02
9,12,GrdTFT,3.0
9,12,prober,2.995
9,12,mem2,3.0
9,12,grok:grok-3-mini,3.0
9,12,Tideman & Chieruzzi,2.98
9,12,Nydegger,3.02
9,12,Grofman,3.0
9,12,Shubik,3.0
9,12,Stein & Rapoport: 0.05,2.98
9,12,GRIM,3.0
9,12,Davis: 10,3.0
9,12,Graaskamp: 0.05,2.775
9,12,Downing,3.02
9,12,"Feld: 1.0, 0.5, 200",1.865
9,12,Joss: 0.9,1.005
9,12,Tullock,2.19
9,12,Anonymous,3.0
9,12,Random: 0.5,3.01
9,13,Cu,3.02
9,13,Du,0.995
9,13,Tit For Tat,3.0
9,13,spiteful,3.0
9,13,soft_majo,3.02
9,13,hard_majo,1.03
9,13,per_cd,2.98
9,13,per_ccd,3.42
9,13,per_ddc,2.315
9,13,mistrust,1.03
9,13,WSLS,3.0
9,13,TFTT,3.02
9,13,hard_tft,3.0
9,13,slow_tft,3.02
9,13,GrdTFT,3.0
9,13,prober,2.995
9,13,mem2,3.0
9,13,grok:grok-3-mini,3.0
9,13,Tideman & Chieruzzi,2.98
9,13,Nydegger,3.02
9,13,Grofman,3.02
9,13,Shubik,3.0
9,13,Stein & Rapoport: 0.05,2.98
9,13,GRIM,3.0
9,13,Davis: 10,3.0
9,13,Graaskamp: 0.05,2.81
9,13,Downing,3.02
9,13,"Feld: 1.0, 0.5, 200",1.645
9,13,Joss: 0.9,1.005
9,13,Tullock,2.215
9,13,Anonymous,2.595
9,13,Random: 0.5,2.755
9,14,Cu,3.02
9,14,Du,0.995
9,14,Tit For Tat,3.0
9,14,spiteful,3.0
9,14,soft_majo,3.02
9,14,hard_majo,1.03
9,14,per_cd,2.98
9,14,per_ccd,3.42
9,14,per_ddc,2.315
9,14,mistrust,1.03
9,14,WSLS,3.0
9,14,TFTT,3.02
9,14,hard_tft,3.0
9,14,slow_tft,3.02
9,14,GrdTFT,3.0
9,14,prober,2.995
9,14,mem2,3.0
9,14,grok:grok-3-mini,3.0
9,14,Tideman & Chieruzzi,2.98
9,14,Nydegger,3.02
9,14,Grofman,3.02
9,14,Shubik,3.0
9,14,Stein & Rapoport: 0.05,2.98
9,14,GRIM,3.0
9,14,Davis: 10,3.0
9,14,Graaskamp: 0.05,2.78
9,14,Downing,3.02
9,14,"Feld: 1.0, 0.5, 200",1.67
9,14,Joss: 0.9,1.1
9,14,Tullock,2.825
9,14,Anonymous,2.98
9,14,Random: 0.5,2.8
9,15,Cu,3.02
9,15,Du,0.995
9,15,Tit For Tat,3.0
9,15,spiteful,3.0
9,15,soft_majo,3.02
9,15,hard_majo,1.03
9,15,per_cd,2.98
9,15,per_ccd,3.42
9,15,per_ddc,2.315
9,15,mistrust,1.03
9,15,WSLS,3.0
9,15,TFTT,3.02
9,15,hard_tft,3.0
9,15,slow_tft,3.02
9,15,GrdTFT,3.0
9,15,prober,2.995
9,15,mem2,3.0
9,15,grok:grok-3-mini,3.0
9,15,Tideman & Chieruzzi,2.98
9,15,Nydegger,3.02
9,15,Grofman,3.0
9,15,Shubik,3.0
9,15,Stein & Rapoport: 0.05,2.98
9,15,GRIM,3.0
9,15,Davis: 10,3.0
9,15,Graaskamp: 0.05,2.81
9,15,Downing,3.02
9,15,"Feld: 1.0, 0.5, 200",1.69
9,15,Joss: 0.9,1.405
9,15,Tullock,2.675
9,15,Anonymous,2.955
9,15,Random: 0.5,3.0
9,16,Cu,3.02
9,16,Du,0.995
9,16,Tit For Tat,3.0
9,16,spiteful,3.0
9,16,soft_majo,3.02
9,16,hard_majo,1.03
9,16,per_cd,2.98
9,16,per_ccd,3.42
9,16,per_ddc,2.315
9,16,mistrust,1.03
9,16,WSLS,3.0
9,16,TFTT,3.02
9,16,hard_tft,3.0
9,16,slow_tft,3.02
9,16,GrdTFT,3.0
9,16,prober,2.995
9,16,mem2,3.0
9,16,grok:grok-3-mini,3.0
9,16,Tideman & Chieruzzi,2.98
9,16,Nydegger,3.02
9,16,Grofman,3.02
9,16,Shubik,3.0
9,16,Stein & Rapoport: 0.05,2.98
9,16,GRIM,3.0
9,16,Davis: 10,3.0
9,16,Graaskamp: 0.05,2.795
9,16,Downing,3.02
9,16,"Feld: 1.0, 0.5, 200",1.275
9,16,Joss: 0.9,1.33
9,16,Tullock,2.75
9,16,Anonymous,2.92
9,16,Random: 0.5,3.0
9,17,Cu,3.02
9,17,Du,0.995
9,17,Tit For Tat,3.0
9,17,spiteful,3.0
9,17,soft_majo,3.02
9,17,hard_majo,1.03
9,17,per_cd,2.98
9,17,per_ccd,3.42
9,17,per_ddc,2.315
9,17,mistrust,1.03
9,17,WSLS,3.0
9,17,TFTT,3.02
9,17,hard_tft,3.0
9,17,slow_tft,3.02
9,17,GrdTFT,3.0
9,17,prober,2.995
9,17,mem2,3.0
9,17,grok:grok-3-mini,3.0
9,17,Tideman & Chieruzzi,2.98
9,17,Nydegger,3.02
9,17,Grofman,3.0
9,17,Shubik,3.0
9,17,Stein & Rapoport: 0.05,2.98
9,17,GRIM,3.0
9,17,Davis: 10,3.0
9,17,Graaskamp: 0.05,2.795
9,17,Downing,3.02
9,17,"Feld: 1.0, 0.5, 200",1.595
9,17,Joss: 0.9,1.155
9,17,Tullock,2.44
9,17,Anonymous,2.88
9,17,Random: 0.5,2.98
9,18,Cu,3.02
9,18,Du,0.995
9,18,Tit For Tat,3.0
9,18,spiteful,3.0
9,18,soft_majo,3.02
9,18,hard_majo,1.03
9,18,per_cd,2.98
9,18,per_ccd,3.42
9,18,per_ddc,2.315
9,18,mistrust,1.03
9,18,WSLS,3.0
9,18,TFTT,3.02
9,18,hard_tft,3.0
9,18,slow_tft,3.02
9,18,GrdTFT,3.0
9,18,prober,2.995
9,18,mem2,3.0
9,18,grok:grok-3-mini,3.0
9,18,Tideman & Chieruzzi,2.98
9,18,Nydegger,3.02
9,18,Grofman,3.0
9,18,Shubik,3.0
9,18,Stein & Rapoport: 0.05,2.98
9,18,GRIM,3.0
9,18,Davis: 10,3.0
9,18,Graaskamp: 0.05,2.765
9,18,Downing,3.02
9,18,"Feld: 1.0, 0.5, 200",1.52
9,18,Joss: 0.9,1.175
9,18,Tullock,1.615
9,18,Anonymous,2.88
9,18,Random: 0.5,2.83
9,19,Cu,3.02
9,19,Du,0.995
9,19,Tit For Tat,3.0
9,19,spiteful,3.0
9,19,soft_majo,3.02
9,19,hard_majo,1.03
9,19,per_cd,2.98
9,19,per_ccd,3.42
9,19,per_ddc,2.315
9,19,mistrust,1.03
9,19,WSLS,3.0
9,19,TFTT,3.02
9,19,hard_tft,3.0
9,19,slow_tft,3.02
9,19,GrdTFT,3.0
9,19,prober,2.995
9,19,mem2,3.0
9,19,grok:grok-3-mini,3.0
9,19,Tideman & Chieruzzi,2.98
9,19,Nydegger,3.02
9,19,Grofman,3.0
9,19,Shubik,3.0
9,19,Stein & Rapoport: 0.05,2.98
9,19,GRIM,3.0
9,19,Davis: 10,3.0
9,19,Graaskamp: 0.05,2.81
9,19,Downing,3.02
9,19,"Feld: 1.0, 0.5, 200",1.26
9,19,Joss: 0.9,2.15
9,19,Tullock,1.52
9,19,Anonymous,2.875
9,19,Random: 0.5,2.795
